{"type":"FeatureCollection","metadata":{"source":"OpenStreetMap contributors (ODbL)","district":"臺南市安定區"},"features":[{"type":"Feature","properties":{"name":"中榮里農路 01","named":false,"ref":"","cls":"farm","clsName":"農路/產業道路","villages":["中榮里"],"length_m":800,"surface":"","segments":3,"osm":[139667201,139667233,182493733],"bbox":[120.238356,23.093884,120.242009,23.098875],"id":"AD01-001"},"geometry":{"type":"MultiLineString","coordinates":[[[120.2420094,23.0983497],[120.2418997,23.0985777],[120.2418193,23.0987011],[120.2417334,23.0987307],[120.2414867,23.0987307],[120.2408628,23.0986292]],[[120.2408628,23.0986292],[120.2406603,23.0988751]],[[120.2408628,23.0986292],[120.240722,23.0985268],[120.2397122,23.0978324],[120.2395954,23.0977521],[120.2392387,23.0974202],[120.2390553,23.0972018],[120.2388592,23.0967985],[120.2387854,23.0965666],[120.238717,23.0963088],[120.238356,23.0938835]]]}},{"type":"Feature","properties":{"name":"中榮里農路 02","named":false,"ref":"","cls":"farm","clsName":"農路/產業道路","villages":["中榮里"],"length_m":471,"surface":"","segments":1,"osm":[143092660],"bbox":[120.244688,23.096609,120.248951,23.097148],"id":"AD01-002"},"geometry":{"type":"LineString","coordinates":[[120.2489511,23.0966088],[120.248307,23.0967818],[120.2478137,23.0967593],[120.2471084,23.0966803],[120.2469528,23.0968382],[120.2468572,23.0968663],[120.2467596,23.096858],[120.2461357,23.09678],[120.2456001,23.0966887],[120.2454973,23.0967677],[120.245415,23.0968812],[120.2452081,23.097101],[120.2451331,23.0971183],[120.2446876,23.0971476]]}},{"type":"Feature","properties":{"name":"中榮里農路 03","named":false,"ref":"","cls":"farm","clsName":"農路/產業道路","villages":["中榮里"],"length_m":273,"surface":"","segments":1,"osm":[444920126],"bbox":[120.239712,23.096855,120.242155,23.097832],"id":"AD01-003"},"geometry":{"type":"LineString","coordinates":[[120.2421546,23.0968551],[120.2416196,23.0970963],[120.2414648,23.0971391],[120.2397122,23.0978324]]}},{"type":"Feature","properties":{"name":"中榮里農路 04","named":false,"ref":"","cls":"farm","clsName":"農路/產業道路","villages":["中榮里"],"length_m":145,"surface":"","segments":1,"osm":[201888086],"bbox":[120.24862,23.09705,120.249023,23.09778],"id":"AD01-004"},"geometry":{"type":"LineString","coordinates":[[120.248929,23.0976653],[120.2488879,23.0977236],[120.2487807,23.0977804],[120.24866,23.0977424],[120.2486198,23.0976619],[120.2486198,23.0974942],[120.2486573,23.0973042],[120.2487056,23.0971685],[120.2488043,23.0970501],[120.2488956,23.0970526],[120.2489631,23.097129],[120.2490233,23.0971891]]}},{"type":"Feature","properties":{"name":"中榮里農路 05","named":false,"ref":"","cls":"farm","clsName":"農路/產業道路","villages":["中榮里"],"length_m":69,"surface":"","segments":1,"osm":[143235869],"bbox":[120.24236,23.093108,120.242428,23.093714],"id":"AD01-005"},"geometry":{"type":"LineString","coordinates":[[120.2424057,23.0937143],[120.2424283,23.0933062],[120.2423599,23.0931077]]}},{"type":"Feature","properties":{"name":"中榮里巷道 01","named":false,"ref":"","cls":"lane","clsName":"巷道","villages":["中榮里"],"length_m":1993,"surface":"","segments":4,"osm":[139667230,359002097,359002098,369449444],"bbox":[120.23921,23.092692,120.244954,23.09874],"id":"AD01-006"},"geometry":{"type":"MultiLineString","coordinates":[[[120.2446876,23.0971476],[120.2446055,23.0974393],[120.2443441,23.0979705],[120.2440471,23.0982857],[120.2439648,23.0984491],[120.2438427,23.0986995],[120.2438038,23.0987278],[120.2437134,23.0987401],[120.2432986,23.0986018],[120.2432263,23.0985648],[120.2423154,23.0983714],[120.2420094,23.0983497],[120.2419088,23.0981746],[120.2417077,23.0979451],[120.2416125,23.0977761],[120.2415752,23.0975754],[120.2415752,23.0973027],[120.2416196,23.0970963],[120.2417794,23.096582]],[[120.2447833,23.0957638],[120.2448863,23.095559],[120.2449047,23.0954589],[120.244954,23.095122],[120.2448383,23.0947149],[120.2447757,23.094545],[120.244731,23.0944238],[120.2447632,23.0939402],[120.2447203,23.0937478],[120.2446344,23.0934221],[120.2447203,23.0931556],[120.2447203,23.092978],[120.244377,23.0928497],[120.2443404,23.0928378],[120.2439331,23.092746],[120.2437547,23.0926918],[120.2435475,23.0927372],[120.2428559,23.0929568],[120.2423599,23.0931077],[120.2411057,23.0934672],[120.2406719,23.093644],[120.2398936,23.0939401],[120.23921,23.0945768]],[[120.2447833,23.0957638],[120.24346,23.0962886],[120.2430486,23.0964549],[120.2421546,23.0968551]],[[120.2446876,23.0971476],[120.2447605,23.0959436],[120.2447833,23.0957638]]]}},{"type":"Feature","properties":{"name":"中榮里巷道 02","named":false,"ref":"","cls":"lane","clsName":"巷道","villages":["中榮里"],"length_m":505,"surface":"","segments":1,"osm":[143235873],"bbox":[120.241394,23.093654,120.243434,23.096545],"id":"AD01-007"},"geometry":{"type":"LineString","coordinates":[[120.2419384,23.0965447],[120.2419417,23.0961409],[120.2419407,23.0957639],[120.2419373,23.0956495],[120.2419485,23.0955598],[120.241922,23.0954697],[120.2418495,23.0953444],[120.2416617,23.0951964],[120.241534,23.0950898],[120.2414429,23.0949813],[120.2414242,23.094847],[120.2414216,23.0947859],[120.2413942,23.094411],[120.2416547,23.0939026],[120.2424057,23.0937143],[120.2428017,23.0936546],[120.2428667,23.0936542],[120.2434336,23.0936641]]}},{"type":"Feature","properties":{"name":"中榮里巷道 03","named":false,"ref":"","cls":"lane","clsName":"巷道","villages":["中榮里"],"length_m":420,"surface":"","segments":1,"osm":[143235850],"bbox":[120.239579,23.094376,120.243347,23.095122],"id":"AD01-008"},"geometry":{"type":"LineString","coordinates":[[120.2433473,23.0951219],[120.2424918,23.0945891],[120.2424142,23.0944899],[120.242182,23.0943758],[120.242068,23.0943783],[120.2416469,23.0943832],[120.2413942,23.094411],[120.241003,23.0944582],[120.2407254,23.0945693],[120.2395793,23.0948645]]}},{"type":"Feature","properties":{"name":"中榮里巷道 04","named":false,"ref":"","cls":"lane","clsName":"巷道","villages":["中榮里"],"length_m":373,"surface":"","segments":2,"osm":[143195668,143235858],"bbox":[120.242862,23.092737,120.243635,23.095705],"id":"AD01-009"},"geometry":{"type":"MultiLineString","coordinates":[[[120.2428621,23.0957052],[120.2430282,23.0955438],[120.2431295,23.0954422],[120.2432052,23.0953267],[120.2433473,23.0951219],[120.2434012,23.0951074],[120.2434573,23.0950923],[120.2436346,23.0949296],[120.2435726,23.0948407],[120.2434761,23.0947518]],[[120.2435475,23.0927372],[120.2435058,23.0931429],[120.2434336,23.0936641],[120.2435045,23.0942552],[120.2434331,23.0944779],[120.2434089,23.0945939],[120.2434761,23.0947518]]]}},{"type":"Feature","properties":{"name":"中榮里巷道 05","named":false,"ref":"","cls":"lane","clsName":"巷道","villages":["中榮里"],"length_m":370,"surface":"","segments":1,"osm":[143195663],"bbox":[120.241856,23.095459,120.244905,23.096631],"id":"AD01-010"},"geometry":{"type":"LineString","coordinates":[[120.241856,23.0966307],[120.2419384,23.0965447],[120.2421646,23.0964888],[120.2422718,23.096432],[120.2423416,23.0962692],[120.2425813,23.0958198],[120.2425942,23.0957668],[120.2427118,23.0957239],[120.2428621,23.0957052],[120.243264,23.0956553],[120.2442995,23.0955266],[120.2449047,23.0954589]]}},{"type":"Feature","properties":{"name":"中榮里巷道 06","named":false,"ref":"","cls":"lane","clsName":"巷道","villages":["中榮里"],"length_m":316,"surface":"","segments":1,"osm":[444920125],"bbox":[120.241662,23.092957,120.242856,23.095196],"id":"AD01-011"},"geometry":{"type":"LineString","coordinates":[[120.2416617,23.0951964],[120.2417705,23.095082],[120.2418644,23.0950499],[120.2419864,23.0950801],[120.2420703,23.0950869],[120.2423559,23.0950203],[120.2423631,23.0949469],[120.2424062,23.0948359],[120.2424918,23.0945891],[120.2425716,23.0944453],[120.2426875,23.0941276],[120.2428017,23.0936546],[120.2428559,23.0929568]]}},{"type":"Feature","properties":{"name":"中榮里巷道 07","named":false,"ref":"","cls":"lane","clsName":"巷道","villages":["中榮里"],"length_m":251,"surface":"","segments":1,"osm":[143195680],"bbox":[120.243635,23.092838,120.24434,23.09493],"id":"AD01-012"},"geometry":{"type":"LineString","coordinates":[[120.2436346,23.0949296],[120.2438972,23.0946408],[120.2439617,23.0945964],[120.2439777,23.094473],[120.2439929,23.0942543],[120.2440392,23.0938266],[120.2441726,23.0935645],[120.2442082,23.0934318],[120.2443404,23.0928378]]}},{"type":"Feature","properties":{"name":"中榮里巷道 08","named":false,"ref":"","cls":"lane","clsName":"巷道","villages":["中榮里"],"length_m":233,"surface":"","segments":1,"osm":[143235874],"bbox":[120.240296,23.093467,120.241106,23.095425],"id":"AD01-013"},"geometry":{"type":"LineString","coordinates":[[120.2402961,23.0954252],[120.240444,23.0951298],[120.2407254,23.0945693],[120.2408392,23.0942906],[120.2408698,23.094196],[120.2411057,23.0934672]]}},{"type":"Feature","properties":{"name":"中榮里巷道 09","named":false,"ref":"","cls":"lane","clsName":"巷道","villages":["中榮里"],"length_m":169,"surface":"","segments":1,"osm":[143235854],"bbox":[120.241009,23.0954,120.242594,23.095767],"id":"AD01-014"},"geometry":{"type":"LineString","coordinates":[[120.2425942,23.0957668],[120.2423645,23.09568],[120.2419373,23.0956495],[120.2413192,23.095412],[120.2410091,23.0954004]]}},{"type":"Feature","properties":{"name":"中榮里巷道 10","named":false,"ref":"","cls":"lane","clsName":"巷道","villages":["中榮里"],"length_m":166,"surface":"","segments":1,"osm":[143235870],"bbox":[120.240964,23.094786,120.241422,23.095946],"id":"AD01-015"},"geometry":{"type":"LineString","coordinates":[[120.2409648,23.095946],[120.2410091,23.0954004],[120.2409643,23.0948899],[120.2414216,23.0947859]]}},{"type":"Feature","properties":{"name":"中榮里巷道 11","named":false,"ref":"","cls":"lane","clsName":"巷道","villages":["中榮里"],"length_m":156,"surface":"","segments":1,"osm":[143195676],"bbox":[120.243457,23.095092,120.244954,23.095218],"id":"AD01-016"},"geometry":{"type":"LineString","coordinates":[[120.2434573,23.0950923],[120.243873,23.0952181],[120.2441091,23.0952157],[120.2443505,23.0951713],[120.2446348,23.0951392],[120.244954,23.095122]]}},{"type":"Feature","properties":{"name":"中榮里巷道 12","named":false,"ref":"","cls":"lane","clsName":"巷道","villages":["中榮里"],"length_m":135,"surface":"","segments":1,"osm":[887434149],"bbox":[120.242688,23.094128,120.243993,23.094255],"id":"AD01-017"},"geometry":{"type":"LineString","coordinates":[[120.2439929,23.0942543],[120.2435045,23.0942552],[120.2426875,23.0941276]]}},{"type":"Feature","properties":{"name":"中榮里巷道 13","named":false,"ref":"","cls":"lane","clsName":"巷道","villages":["中榮里"],"length_m":134,"surface":"","segments":1,"osm":[143235860],"bbox":[120.240826,23.096451,120.241642,23.096972],"id":"AD01-018"},"geometry":{"type":"LineString","coordinates":[[120.2408304,23.0969719],[120.2408257,23.0968769],[120.2408796,23.0966343],[120.2409218,23.0964512],[120.2411134,23.0964643],[120.2412746,23.0964547],[120.2415639,23.0965105],[120.241642,23.0964824]]}},{"type":"Feature","properties":{"name":"中榮里巷道 14","named":false,"ref":"","cls":"lane","clsName":"巷道","villages":["中榮里"],"length_m":104,"surface":"","segments":1,"osm":[143235849],"bbox":[120.239894,23.09394,120.24087,23.094196],"id":"AD01-019"},"geometry":{"type":"LineString","coordinates":[[120.2398936,23.0939401],[120.24026,23.0940708],[120.2405379,23.0941577],[120.2408698,23.094196]]}},{"type":"Feature","properties":{"name":"中榮里巷道 15","named":false,"ref":"","cls":"lane","clsName":"巷道","villages":["中榮里"],"length_m":104,"surface":"","segments":1,"osm":[143195674],"bbox":[120.243049,23.096455,120.243602,23.096919],"id":"AD01-020"},"geometry":{"type":"LineString","coordinates":[[120.2436021,23.0969186],[120.2433527,23.0969136],[120.2434145,23.0966368],[120.2434063,23.0965702],[120.2433151,23.0965184],[120.2430486,23.0964549]]}},{"type":"Feature","properties":{"name":"中榮里巷道 16","named":false,"ref":"","cls":"lane","clsName":"巷道","villages":["中榮里"],"length_m":102,"surface":"","segments":1,"osm":[143235848],"bbox":[120.240196,23.095731,120.240691,23.096395],"id":"AD01-021"},"geometry":{"type":"LineString","coordinates":[[120.2402895,23.096395],[120.2401956,23.0961902],[120.2405175,23.0960101],[120.2404987,23.0959336],[120.2405577,23.0958571],[120.2406909,23.095731]]}},{"type":"Feature","properties":{"name":"中榮里巷道 17","named":false,"ref":"","cls":"lane","clsName":"巷道","villages":["中榮里"],"length_m":100,"surface":"","segments":1,"osm":[143235852],"bbox":[120.243219,23.098602,120.243384,23.09941],"id":"AD01-022"},"geometry":{"type":"LineString","coordinates":[[120.2433206,23.0994097],[120.2433844,23.0990667],[120.2433496,23.0990354],[120.2432186,23.0989618],[120.2432986,23.0986018]]}},{"type":"Feature","properties":{"name":"中榮里巷道 18","named":false,"ref":"","cls":"lane","clsName":"巷道","villages":["中榮里"],"length_m":98,"surface":"","segments":1,"osm":[143235872],"bbox":[120.242363,23.094947,120.243129,23.095442],"id":"AD01-023"},"geometry":{"type":"LineString","coordinates":[[120.2431295,23.0954422],[120.2429264,23.0953252],[120.2427732,23.0952156],[120.2427142,23.095117],[120.242623,23.0950627],[120.2424326,23.0949689],[120.2423631,23.0949469]]}},{"type":"Feature","properties":{"name":"中榮里巷道 19","named":false,"ref":"","cls":"lane","clsName":"巷道","villages":["中榮里"],"length_m":83,"surface":"","segments":1,"osm":[143195673],"bbox":[120.243962,23.094545,120.244776,23.094596],"id":"AD01-024"},"geometry":{"type":"LineString","coordinates":[[120.2439617,23.0945964],[120.2447757,23.094545]]}},{"type":"Feature","properties":{"name":"中榮里巷道 20","named":false,"ref":"","cls":"lane","clsName":"巷道","villages":["中榮里"],"length_m":83,"surface":"","segments":1,"osm":[143235846],"bbox":[120.243506,23.093143,120.244173,23.093564],"id":"AD01-025"},"geometry":{"type":"LineString","coordinates":[[120.2435058,23.0931429],[120.243812,23.0933366],[120.2441726,23.0935645]]}},{"type":"Feature","properties":{"name":"中榮里巷道 21","named":false,"ref":"","cls":"lane","clsName":"巷道","villages":["中榮里"],"length_m":74,"surface":"","segments":1,"osm":[143195667],"bbox":[120.243253,23.095655,120.24346,23.096289],"id":"AD01-026"},"geometry":{"type":"LineString","coordinates":[[120.243264,23.0956553],[120.2432535,23.0957683],[120.2432883,23.0959016],[120.2433903,23.0961384],[120.24346,23.0962886]]}},{"type":"Feature","properties":{"name":"中榮里巷道 22","named":false,"ref":"","cls":"lane","clsName":"巷道","villages":["中榮里"],"length_m":70,"surface":"","segments":1,"osm":[143235863],"bbox":[120.239648,23.095262,120.240087,23.09574],"id":"AD01-027"},"geometry":{"type":"LineString","coordinates":[[120.239648,23.0957397],[120.2400871,23.0952623]]}},{"type":"Feature","properties":{"name":"中榮里巷道 23","named":false,"ref":"","cls":"lane","clsName":"巷道","villages":["中榮里"],"length_m":68,"surface":"","segments":1,"osm":[143235865],"bbox":[120.242882,23.098565,120.243226,23.09909],"id":"AD01-028"},"geometry":{"type":"LineString","coordinates":[[120.2428824,23.0990898],[120.2430648,23.0988234],[120.2432263,23.0985648]]}},{"type":"Feature","properties":{"name":"中榮里巷道 24","named":false,"ref":"","cls":"lane","clsName":"巷道","villages":["中榮里"],"length_m":67,"surface":"","segments":1,"osm":[444920123],"bbox":[120.243812,23.092746,120.243933,23.093337],"id":"AD01-029"},"geometry":{"type":"LineString","coordinates":[[120.2439331,23.092746],[120.243812,23.0933366]]}},{"type":"Feature","properties":{"name":"中榮里巷道 25","named":false,"ref":"","cls":"lane","clsName":"巷道","villages":["中榮里"],"length_m":66,"surface":"","segments":1,"osm":[143195669],"bbox":[120.243151,23.097262,120.243348,23.097728],"id":"AD01-030"},"geometry":{"type":"LineString","coordinates":[[120.2431513,23.0972624],[120.2432983,23.0973025],[120.2433478,23.097345],[120.2432873,23.0977284]]}},{"type":"Feature","properties":{"name":"中榮里巷道 26","named":false,"ref":"","cls":"lane","clsName":"巷道","villages":["中榮里"],"length_m":55,"surface":"","segments":1,"osm":[887925165],"bbox":[120.242905,23.094459,120.243409,23.094594],"id":"AD01-031"},"geometry":{"type":"LineString","coordinates":[[120.242905,23.0944592],[120.2432417,23.0945045],[120.2434089,23.0945939]]}},{"type":"Feature","properties":{"name":"中榮里巷道 27","named":false,"ref":"","cls":"lane","clsName":"巷道","villages":["中榮里"],"length_m":47,"surface":"","segments":1,"osm":[143235851],"bbox":[120.24007,23.095934,120.240499,23.096003],"id":"AD01-032"},"geometry":{"type":"LineString","coordinates":[[120.2400696,23.0959361],[120.2401473,23.0959854],[120.2402761,23.0960027],[120.2404987,23.0959336]]}},{"type":"Feature","properties":{"name":"中工二路","named":true,"ref":"","cls":"local","clsName":"一般道路","villages":["中沙里"],"length_m":763,"surface":"","segments":1,"osm":[142669378],"bbox":[120.206929,23.071327,120.213873,23.073817],"id":"AD02-001"},"geometry":{"type":"LineString","coordinates":[[120.2069293,23.0713269],[120.2072243,23.0713873],[120.2078352,23.0716106],[120.2082067,23.0717698],[120.2086566,23.0719536],[120.2101667,23.0724669],[120.213873,23.0738174]]}},{"type":"Feature","properties":{"name":"中工一路","named":true,"ref":"","cls":"local","clsName":"一般道路","villages":["中沙里"],"length_m":563,"surface":"","segments":1,"osm":[489736567],"bbox":[120.208163,23.073798,120.212569,23.076776],"id":"AD02-002"},"geometry":{"type":"LineString","coordinates":[[120.2125685,23.0767755],[120.2124885,23.076719],[120.2119681,23.0763289],[120.211539,23.0759113],[120.2108379,23.0753024],[120.2104776,23.0751671],[120.2099881,23.0749213],[120.2087092,23.0741372],[120.2081634,23.0737982]]}},{"type":"Feature","properties":{"name":"中沙里農路 01","named":false,"ref":"","cls":"farm","clsName":"農路/產業道路","villages":["中沙里"],"length_m":493,"surface":"","segments":4,"osm":[147122883,147122906,445568571,1359038683],"bbox":[120.209069,23.077987,120.210747,23.079061],"id":"AD02-003"},"geometry":{"type":"MultiLineString","coordinates":[[[120.2103526,23.0789032],[120.2100226,23.0789116],[120.2099816,23.0788871],[120.2099635,23.0788414],[120.2099632,23.078294],[120.2099672,23.0780979]],[[120.2090692,23.0790611],[120.2091961,23.0789487],[120.209261,23.0788839],[120.2092792,23.0788159],[120.2092889,23.0787384],[120.2092814,23.0786638],[120.209161,23.0783155],[120.209162,23.0782713],[120.2091784,23.0782354],[120.2092184,23.0782121],[120.2099672,23.0780979]],[[120.2107474,23.077987],[120.2106961,23.0782029],[120.2105028,23.0788654]],[[120.2099672,23.0780979],[120.2107474,23.077987]]]}},{"type":"Feature","properties":{"name":"中沙里農路 02","named":false,"ref":"","cls":"farm","clsName":"農路/產業道路","villages":["中沙里"],"length_m":360,"surface":"","segments":1,"osm":[142669352],"bbox":[120.21299,23.075848,120.215953,23.077575],"id":"AD02-004"},"geometry":{"type":"LineString","coordinates":[[120.2159527,23.077575],[120.2156424,23.0773874],[120.2153313,23.0772789],[120.2129895,23.0758484]]}},{"type":"Feature","properties":{"name":"中沙里農路 03","named":false,"ref":"","cls":"farm","clsName":"農路/產業道路","villages":["中沙里"],"length_m":238,"surface":"","segments":1,"osm":[147039448],"bbox":[120.212569,23.076776,120.214062,23.078413],"id":"AD02-005"},"geometry":{"type":"LineString","coordinates":[[120.2140617,23.0784127],[120.2137893,23.0781014],[120.2133548,23.0776227],[120.2125685,23.0767755]]}},{"type":"Feature","properties":{"name":"中沙里農路 04","named":false,"ref":"","cls":"farm","clsName":"農路/產業道路","villages":["中沙里"],"length_m":199,"surface":"","segments":1,"osm":[445568576],"bbox":[120.209602,23.075911,120.211539,23.076118],"id":"AD02-006"},"geometry":{"type":"LineString","coordinates":[[120.2096023,23.0761179],[120.2109614,23.075968],[120.2112282,23.0759401],[120.211539,23.0759113]]}},{"type":"Feature","properties":{"name":"中沙里農路 05","named":false,"ref":"","cls":"farm","clsName":"農路/產業道路","villages":["中沙里"],"length_m":143,"surface":"","segments":1,"osm":[445568575],"bbox":[120.210961,23.075968,120.211968,23.076426],"id":"AD02-007"},"geometry":{"type":"LineString","coordinates":[[120.2119681,23.0763289],[120.2110968,23.0764262],[120.2110606,23.0763941],[120.2109614,23.075968]]}},{"type":"Feature","properties":{"name":"長和路四段160巷5弄","named":true,"ref":"","cls":"lane","clsName":"巷道","villages":["中沙里"],"length_m":1225,"surface":"瀝青","segments":2,"osm":[147039445,1368959261],"bbox":[120.204064,23.069013,120.209994,23.078098],"id":"AD02-008"},"geometry":{"type":"MultiLineString","coordinates":[[[120.2099672,23.0780979],[120.2099937,23.0777784],[120.2099535,23.077623],[120.2097463,23.077285],[120.2095227,23.0769148],[120.2089649,23.0760462],[120.2088683,23.0758836],[120.208596,23.0751072],[120.2085025,23.0748408],[120.2081634,23.0737982],[120.2076126,23.0721905],[120.2074202,23.0717675],[120.2072726,23.0715872],[120.2069293,23.0713269],[120.2063714,23.0710061],[120.2061488,23.0708545],[120.2058319,23.070531],[120.2056606,23.070356],[120.2056008,23.0702319]],[[120.2056008,23.0702319],[120.2054951,23.0701113],[120.2050482,23.0697022],[120.2049511,23.0696052],[120.2048115,23.0695167],[120.20463,23.0694588],[120.2044674,23.0694063],[120.2043872,23.069349],[120.2040637,23.0690128]]]}},{"type":"Feature","properties":{"name":"中沙里巷道 01","named":false,"ref":"","cls":"lane","clsName":"巷道","villages":["中沙里"],"length_m":724,"surface":"瀝青","segments":1,"osm":[151680571],"bbox":[120.200136,23.07034,120.205831,23.072926],"id":"AD02-009"},"geometry":{"type":"LineString","coordinates":[[120.2001359,23.0703404],[120.2002472,23.0704391],[120.200271,23.0704631],[120.2003706,23.0705637],[120.2004256,23.0706427],[120.2005034,23.0707439],[120.2006496,23.0709314],[120.2008384,23.0710865],[120.2012695,23.0713445],[120.2015116,23.0715102],[120.2019102,23.0718063],[120.2020785,23.0718878],[120.2022616,23.071915],[120.2024594,23.0719177],[120.2027724,23.0720155],[120.2029466,23.0721296],[120.2032212,23.0724148],[120.2034958,23.072586],[120.2040834,23.0729065],[120.2041542,23.0729255],[120.205353,23.0728087],[120.2058313,23.0721676]]}},{"type":"Feature","properties":{"name":"長和路四段356巷50弄","named":true,"ref":"","cls":"lane","clsName":"巷道","villages":["中沙里"],"length_m":432,"surface":"瀝青","segments":1,"osm":[1368959260],"bbox":[120.200852,23.066648,120.204064,23.069013],"id":"AD02-010"},"geometry":{"type":"LineString","coordinates":[[120.2040637,23.0690128],[120.2035242,23.0685708],[120.2033683,23.068444],[120.2031114,23.06825],[120.2028909,23.0681046],[120.2025201,23.0679171],[120.2022666,23.067811],[120.2021877,23.0677851],[120.2020748,23.0677481],[120.2018272,23.067697],[120.2017637,23.0676839],[120.201647,23.0676456],[120.2008518,23.0666483]]}},{"type":"Feature","properties":{"name":"中沙里巷道 02","named":false,"ref":"","cls":"lane","clsName":"巷道","villages":["中沙里"],"length_m":357,"surface":"","segments":1,"osm":[1463021777],"bbox":[120.200271,23.067785,120.202188,23.070463],"id":"AD02-011"},"geometry":{"type":"LineString","coordinates":[[120.2021877,23.0677851],[120.200271,23.0704631]]}},{"type":"Feature","properties":{"name":"中沙里巷道 03","named":false,"ref":"","cls":"lane","clsName":"巷道","villages":["中沙里"],"length_m":294,"surface":"","segments":1,"osm":[151680582],"bbox":[120.203586,23.069588,120.205832,23.070847],"id":"AD02-012"},"geometry":{"type":"LineString","coordinates":[[120.2058319,23.070531],[120.2056076,23.0708469],[120.2049101,23.0705241],[120.2043664,23.0702583],[120.2042471,23.0701658],[120.2040432,23.0699795],[120.2035862,23.0695884]]}},{"type":"Feature","properties":{"name":"中沙里巷道 04","named":false,"ref":"","cls":"lane","clsName":"巷道","villages":["中沙里"],"length_m":105,"surface":"","segments":1,"osm":[147122880],"bbox":[120.209677,23.078203,120.210696,23.078333],"id":"AD02-013"},"geometry":{"type":"LineString","coordinates":[[120.2106961,23.0782029],[120.2103612,23.0782362],[120.2099632,23.078294],[120.2096771,23.0783327]]}},{"type":"Feature","properties":{"name":"中沙里巷道 05","named":false,"ref":"","cls":"lane","clsName":"巷道","villages":["中沙里"],"length_m":34,"surface":"","segments":1,"osm":[147122905],"bbox":[120.208996,23.07919,120.209148,23.079459],"id":"AD02-014"},"geometry":{"type":"LineString","coordinates":[[120.2089958,23.0794592],[120.2091483,23.0791905]]}},{"type":"Feature","properties":{"name":"市道178","named":true,"ref":"市道178","cls":"main","clsName":"省道/市道","villages":["嘉同里","蘇林里","港尾里","安加里","安定里","中沙里","港南里","蘇厝里"],"length_m":14520,"surface":"瀝青","segments":25,"osm":[123480712,123480713,299045747,305136031,305136032,305215378,362788764,362788765,489614465,489614466,585465959,638236610,899270543,1052673115,1052673128,1052673129,1052673130,1125084543,1125084545,1125084546,1125084547,1359038679,1359038680,1359038682,1359038684],"bbox":[120.207197,23.078172,120.262972,23.128649],"id":"AD03-001"},"geometry":{"type":"MultiLineString","coordinates":[[[120.2472736,23.1231078],[120.2472943,23.1230167],[120.247268,23.1228725],[120.2472071,23.1226955],[120.247155,23.1225362],[120.2470766,23.1222876],[120.2469834,23.121977],[120.2469263,23.1216843],[120.2469109,23.1215265],[120.2469098,23.1212169],[120.2469166,23.1208763],[120.2469168,23.120694],[120.2469169,23.1206296],[120.2469039,23.1205164],[120.2468896,23.1204537],[120.2468554,23.1203036],[120.2468106,23.1201361],[120.2467585,23.1199934],[120.2466124,23.119702],[120.2463925,23.1193887],[120.2461859,23.1191654],[120.2459485,23.1189668],[120.2455996,23.1187574],[120.2452714,23.1185814],[120.2450402,23.1184564],[120.2441297,23.1179729],[120.2429832,23.1173594],[120.2420268,23.1168483],[120.2418117,23.116737],[120.2410685,23.1163415]],[[120.2360969,23.1141904],[120.2361642,23.1142143],[120.2364345,23.1143104],[120.237825,23.1148198],[120.2389247,23.1152459],[120.2395146,23.1154993],[120.2399331,23.1156912],[120.2403433,23.115885],[120.2410304,23.1162319],[120.2418554,23.1166636],[120.2419384,23.1167091],[120.2425154,23.1170227],[120.2430091,23.1172851],[120.2433748,23.117479],[120.2441553,23.1178962]],[[120.2071972,23.0781719],[120.2078585,23.0786534],[120.208029,23.0787708],[120.2082254,23.0788424],[120.2084734,23.0788687],[120.2086502,23.0788887],[120.2090692,23.0790611]],[[120.2358997,23.09749],[120.2358818,23.0983987],[120.2358757,23.0987394],[120.2358601,23.0996026],[120.2358414,23.1006156],[120.2358294,23.1016323],[120.2358301,23.1018954],[120.2358169,23.1028168],[120.2358141,23.1036815],[120.2357891,23.1042754],[120.2357731,23.1048272],[120.2357349,23.1056867],[120.2356765,23.1075503],[120.2356656,23.1081263],[120.2356494,23.1087516],[120.2355989,23.1088606]],[[120.2355989,23.1088606],[120.2355595,23.1087502],[120.235568,23.1081036],[120.235585,23.1075044],[120.235609,23.1066104],[120.2356432,23.1056683],[120.2356757,23.1048217],[120.2356958,23.1042723],[120.2357156,23.1036818],[120.2357234,23.1028069],[120.2357333,23.1018942],[120.2357347,23.101632],[120.2357447,23.1006147],[120.235766,23.0995938],[120.2357793,23.0987016],[120.2357837,23.0983957],[120.2357972,23.0975193]],[[120.2278007,23.0869341],[120.2273035,23.0865429],[120.2260629,23.085585],[120.2258034,23.0853728],[120.2248193,23.0845961],[120.2241478,23.0840499],[120.2235867,23.0835823],[120.2231483,23.0832173],[120.2230165,23.0831075],[120.22256,23.0827329],[120.2217132,23.0820332],[120.2211034,23.0815231],[120.2205193,23.0810252]],[[120.26294,23.1286485],[120.2616079,23.1282678],[120.2596532,23.1277076],[120.258885,23.1274949],[120.2565758,23.1268506],[120.2554077,23.1264947],[120.2549199,23.1263143],[120.254093,23.1259717],[120.2522902,23.1252103],[120.2508848,23.1246353],[120.2500895,23.1242964],[120.2499431,23.1242384],[120.2498658,23.1242057],[120.2495058,23.124057],[120.2473766,23.1231539],[120.2472736,23.1231078]],[[120.2473847,23.1230531],[120.2480548,23.1233405],[120.2496511,23.1240149],[120.249978,23.1241545],[120.2501292,23.1242174],[120.2505092,23.1243794],[120.2509079,23.124543],[120.252333,23.1251377],[120.2541301,23.1258885],[120.2549569,23.1262276],[120.2554527,23.1264071],[120.2565865,23.1267621],[120.2587486,23.1273614],[120.258871,23.1273961],[120.2596801,23.1276238],[120.2616371,23.1281808],[120.2629718,23.1285605]],[[120.2121337,23.0786788],[120.2117236,23.078705]],[[120.2205507,23.0809568],[120.2209133,23.0812395],[120.2217483,23.081942],[120.2226243,23.0826752],[120.2230763,23.083051],[120.2232107,23.0831585],[120.2236489,23.0835233],[120.2242057,23.0839876],[120.2249442,23.0845826],[120.2258909,23.0853197],[120.2261431,23.0855328],[120.2273926,23.0864998],[120.2280921,23.0870659],[120.2281639,23.0871288]],[[120.2117236,23.078705],[120.2116269,23.0787155]],[[120.2355989,23.1088606],[120.235566,23.1099459],[120.2354883,23.1119677],[120.2354671,23.11266],[120.2354386,23.1134546]],[[120.2281067,23.0871891],[120.2280366,23.0871294]],[[120.2410685,23.1163415],[120.2403217,23.1159587],[120.2395394,23.115599],[120.2391331,23.115419],[120.2388931,23.1153173],[120.2383231,23.1150929],[120.236692,23.114489],[120.2360035,23.1142385],[120.2354181,23.1140287]],[[120.2354386,23.1134546],[120.2354203,23.1139527]],[[120.2354203,23.1139527],[120.2360969,23.1141904]],[[120.2441553,23.1178962],[120.2445117,23.118086],[120.2450974,23.1184003],[120.2451755,23.1184442],[120.2455502,23.1186427],[120.2457001,23.1187288],[120.2459498,23.1188813],[120.246235,23.1191113],[120.2464823,23.1193745],[120.2465975,23.1195269],[120.2467032,23.1196936],[120.2468143,23.1199192],[120.2468905,23.1201162],[120.2469379,23.1202879],[120.2469786,23.1204559],[120.2469949,23.1205232],[120.2470087,23.1206285],[120.2470069,23.1206954],[120.2469957,23.121108],[120.2469911,23.1215322],[120.2470167,23.1217371],[120.2470453,23.1218733],[120.2470823,23.1220326],[120.247217,23.122406],[120.2472805,23.1225863],[120.2473552,23.1227221],[120.2473712,23.1228015],[120.2473789,23.1228935],[120.2473847,23.1230531]],[[120.2280366,23.0871294],[120.2278007,23.0869341]],[[120.2473847,23.1230531],[120.2473766,23.1231539]],[[120.2472943,23.1230167],[120.2473847,23.1230531]],[[120.2354203,23.1139527],[120.2354181,23.1140287]],[[120.2205193,23.0810252],[120.2201215,23.0807481],[120.2195949,23.0803826],[120.2192285,23.0801307],[120.2186027,23.0797005],[120.2183821,23.079558],[120.218176,23.0794599],[120.2179564,23.0793698],[120.2177382,23.0793046],[120.216675,23.0790214],[120.2151858,23.0786355],[120.214817,23.0785497],[120.214627,23.0785171],[120.2143724,23.0784978],[120.2141322,23.0785059],[120.2122561,23.0787074],[120.2121337,23.0786788]],[[120.2121337,23.0786788],[120.2122337,23.078619],[120.2140617,23.0784127],[120.2143794,23.0784034],[120.2146514,23.0784267],[120.2148243,23.0784523],[120.2152332,23.0785573],[120.2167202,23.0789405],[120.2178158,23.0792275],[120.2180135,23.0792875],[120.218217,23.0793727],[120.2184291,23.0794859],[120.2185782,23.0795717],[120.2191554,23.0799682],[120.2196502,23.0803159],[120.2205507,23.0809568]],[[120.2103526,23.0789032],[120.2104033,23.078878],[120.2105028,23.0788654],[120.2116269,23.0787155]],[[120.2090692,23.0790611],[120.2091483,23.0791905],[120.2096119,23.0795065],[120.209735,23.0795485],[120.2098439,23.0795545],[120.2099366,23.0795136],[120.2102261,23.0792571],[120.2102945,23.0791954],[120.2103343,23.0789489],[120.2103526,23.0789032]]]}},{"type":"Feature","properties":{"name":"嘉榮路","named":true,"ref":"南133","cls":"dist","clsName":"區道","villages":["嘉同里"],"length_m":1348,"surface":"瀝青","segments":2,"osm":[224372589,897412436],"bbox":[120.224214,23.072699,120.230891,23.082465],"id":"AD03-002"},"geometry":{"type":"MultiLineString","coordinates":[[[120.226829,23.0763638],[120.2252637,23.0752627],[120.2246941,23.0748389],[120.2243084,23.0745682],[120.2242572,23.074521],[120.2242278,23.0744613],[120.224215,23.0743969],[120.2243392,23.0733562],[120.2243399,23.0732398],[120.2243272,23.0730868],[120.224254,23.0727893],[120.2242142,23.0726987]],[[120.2308914,23.0824646],[120.2306239,23.0819161],[120.2280719,23.0772558],[120.226829,23.0763638]]]}},{"type":"Feature","properties":{"name":"嘉榮路213巷","named":true,"ref":"","cls":"local","clsName":"一般道路","villages":["嘉同里"],"length_m":534,"surface":"","segments":5,"osm":[846340455,1366965815,1366965816,1366965822,1366965823],"bbox":[120.223656,23.076364,120.226829,23.080179],"id":"AD03-003"},"geometry":{"type":"MultiLineString","coordinates":[[[120.2250878,23.078476],[120.2256825,23.0777633],[120.226829,23.0763638]],[[120.2236562,23.080179],[120.223726,23.0800929],[120.2239997,23.0797456],[120.2242857,23.0794153],[120.2243262,23.0793613]],[[120.225055,23.0785152],[120.2250878,23.078476]],[[120.224363,23.0793121],[120.2244233,23.0792316],[120.2244586,23.0791917],[120.2250175,23.0785602],[120.225055,23.0785152]],[[120.2243262,23.0793613],[120.224363,23.0793121]]]}},{"type":"Feature","properties":{"name":"安昌街","named":true,"ref":"","cls":"local","clsName":"一般道路","villages":["嘉同里"],"length_m":174,"surface":"","segments":1,"osm":[147122900],"bbox":[120.220545,23.073936,120.221037,23.075408],"id":"AD03-004"},"geometry":{"type":"LineString","coordinates":[[120.2210373,23.0754083],[120.2208675,23.0750222],[120.2207288,23.0747795],[120.2206889,23.0747004],[120.2205924,23.0745084],[120.2205622,23.0743066],[120.220545,23.0739364]]}},{"type":"Feature","properties":{"name":"嘉同里農路 01","named":false,"ref":"","cls":"farm","clsName":"農路/產業道路","villages":["嘉同里"],"length_m":2357,"surface":"","segments":2,"osm":[142668816,142668829],"bbox":[120.224701,23.07572,120.232705,23.084583],"id":"AD03-005"},"geometry":{"type":"MultiLineString","coordinates":[[[120.2249442,23.0845826],[120.2249526,23.0841041],[120.2248097,23.0821054],[120.2247011,23.0812776],[120.2251118,23.0807778],[120.2254159,23.0804078],[120.2262549,23.0794851],[120.2267672,23.0788756],[120.226943,23.0786508],[120.2269617,23.0786314],[120.2277585,23.0776443],[120.2280719,23.0772558],[120.2293288,23.0757419],[120.2294602,23.0757197],[120.230211,23.0771081],[120.2305785,23.0778089],[120.2309364,23.0785188],[120.2323716,23.0810734],[120.2327048,23.0816699]],[[120.2289316,23.0827081],[120.2271562,23.0835295],[120.2255316,23.0842854],[120.2249442,23.0845826]]]}},{"type":"Feature","properties":{"name":"嘉同里農路 02","named":false,"ref":"","cls":"farm","clsName":"農路/產業道路","villages":["嘉同里"],"length_m":2098,"surface":"","segments":1,"osm":[142668830],"bbox":[120.225207,23.064187,120.233979,23.081243],"id":"AD03-006"},"geometry":{"type":"LineString","coordinates":[[120.2252073,23.0641875],[120.2252991,23.0643593],[120.2287801,23.0712647],[120.2304575,23.0745333],[120.2306329,23.0748763],[120.2320519,23.077614],[120.2328971,23.0791961],[120.2338708,23.0810235],[120.233979,23.0812435]]}},{"type":"Feature","properties":{"name":"嘉同里農路 03","named":false,"ref":"","cls":"farm","clsName":"農路/產業道路","villages":["嘉同里"],"length_m":1772,"surface":"","segments":1,"osm":[182384560],"bbox":[120.237617,23.071847,120.248396,23.079996],"id":"AD03-007"},"geometry":{"type":"LineString","coordinates":[[120.2376167,23.0799963],[120.2379306,23.0799486],[120.238953,23.0797638],[120.2399184,23.0796221],[120.2401002,23.0795866],[120.2403853,23.0794671],[120.2405993,23.0793332],[120.2397953,23.0779175],[120.2390414,23.0765651],[120.238967,23.0764103],[120.2391401,23.0763241],[120.2411466,23.0753904],[120.2421127,23.0749268],[120.2432194,23.074381],[120.2452753,23.073401],[120.2482803,23.0719227],[120.2483956,23.0718468]]}},{"type":"Feature","properties":{"name":"嘉同里農路 04","named":false,"ref":"","cls":"farm","clsName":"農路/產業道路","villages":["嘉同里"],"length_m":1556,"surface":"","segments":1,"osm":[142669383],"bbox":[120.212134,23.078679,120.221729,23.084966],"id":"AD03-008"},"geometry":{"type":"LineString","coordinates":[[120.2217287,23.0842703],[120.2209688,23.0843212],[120.220595,23.0843687],[120.2187004,23.0845272],[120.2167623,23.0847017],[120.2157877,23.0848137],[120.2147732,23.0849047],[120.2142713,23.0849658],[120.2138073,23.0840991],[120.213126,23.0828704],[120.2125869,23.0819821],[120.2125292,23.0811961],[120.2124149,23.0798363],[120.2127345,23.0797771],[120.2127624,23.0796772],[120.2127581,23.0795097],[120.2127135,23.0794306],[120.2121337,23.0786788]]}},{"type":"Feature","properties":{"name":"嘉同里農路 05","named":false,"ref":"","cls":"farm","clsName":"農路/產業道路","villages":["嘉同里"],"length_m":1432,"surface":"","segments":1,"osm":[142669382],"bbox":[120.212529,23.080841,120.219073,23.088764],"id":"AD03-009"},"geometry":{"type":"LineString","coordinates":[[120.2125292,23.0811961],[120.2144754,23.0810494],[120.2164124,23.0809161],[120.2172917,23.0808587],[120.2174614,23.0808411],[120.2175831,23.0809543],[120.2180037,23.0813249],[120.2181761,23.0814807],[120.2184375,23.0817143],[120.2185528,23.0828444],[120.2187004,23.0845272],[120.2189498,23.0874511],[120.2190732,23.0887637]]}},{"type":"Feature","properties":{"name":"嘉同里農路 06","named":false,"ref":"","cls":"farm","clsName":"農路/產業道路","villages":["嘉同里"],"length_m":1225,"surface":"","segments":4,"osm":[1133141096,1133141097,1133141098,1133141100],"bbox":[120.232974,23.070446,120.240405,23.074997],"id":"AD03-010"},"geometry":{"type":"MultiLineString","coordinates":[[[120.2390848,23.072704],[120.2343981,23.074997]],[[120.239517,23.0724925],[120.2390848,23.072704]],[[120.2404046,23.0720455],[120.2403786,23.072071],[120.239517,23.0724925]],[[120.2343981,23.074997],[120.2340037,23.0738907],[120.233842,23.0731851],[120.2337267,23.0728804],[120.2334191,23.0722528],[120.2331568,23.0714203],[120.2330894,23.071108],[120.233028,23.070865],[120.2329798,23.0705579],[120.2329744,23.0704463]]]}},{"type":"Feature","properties":{"name":"嘉同里農路 07","named":false,"ref":"","cls":"farm","clsName":"農路/產業道路","villages":["嘉同里"],"length_m":1164,"surface":"","segments":1,"osm":[142668814],"bbox":[120.216303,23.078941,120.217128,23.089239],"id":"AD03-011"},"geometry":{"type":"LineString","coordinates":[[120.2167202,23.0789405],[120.216675,23.0790214],[120.2165762,23.079205],[120.2163134,23.0794271],[120.2163026,23.0794715],[120.2164124,23.0809161],[120.2167623,23.0847017],[120.2169754,23.087444],[120.2170769,23.0884418],[120.2171279,23.0892387]]}},{"type":"Feature","properties":{"name":"嘉同里農路 08","named":false,"ref":"","cls":"farm","clsName":"農路/產業道路","villages":["嘉同里"],"length_m":925,"surface":"瀝青","segments":1,"osm":[147122907],"bbox":[120.213873,23.073817,120.221037,23.078742],"id":"AD03-012"},"geometry":{"type":"LineString","coordinates":[[120.213873,23.0738174],[120.2139773,23.0738705],[120.2140952,23.07397],[120.2141437,23.0740698],[120.2142605,23.0744073],[120.2143126,23.0744655],[120.2151225,23.0749514],[120.2160256,23.0755388],[120.2165484,23.0758791],[120.2170133,23.0761742],[120.2177285,23.0766272],[120.2185983,23.0771829],[120.2189494,23.0774013],[120.2204292,23.0783519],[120.2210375,23.0787421]]}},{"type":"Feature","properties":{"name":"嘉榮路2巷","named":true,"ref":"","cls":"farm","clsName":"農路/產業道路","villages":["嘉同里"],"length_m":842,"surface":"","segments":1,"osm":[494882494],"bbox":[120.224214,23.07263,120.230372,23.07568],"id":"AD03-013"},"geometry":{"type":"LineString","coordinates":[[120.2242142,23.0726987],[120.2248248,23.0726301],[120.2249873,23.0726325],[120.2260283,23.0734048],[120.2260401,23.0734986],[120.2259888,23.0737553],[120.2260736,23.0737923],[120.2261497,23.0738196],[120.2267522,23.073928],[120.2271417,23.0741796],[120.2279809,23.0748015],[120.2280922,23.0748789],[120.2291968,23.0756801],[120.2292439,23.0756184],[120.2293566,23.0754555],[120.2300083,23.0750853],[120.2303715,23.0749793],[120.2302122,23.0746437]]}},{"type":"Feature","properties":{"name":"嘉同里農路 09","named":false,"ref":"","cls":"farm","clsName":"農路/產業道路","villages":["嘉同里"],"length_m":790,"surface":"瀝青","segments":1,"osm":[142669368],"bbox":[120.220497,23.081025,120.221964,23.087655],"id":"AD03-014"},"geometry":{"type":"LineString","coordinates":[[120.2205193,23.0810252],[120.2204973,23.0812664],[120.220706,23.0815713],[120.2217287,23.0842703],[120.2219639,23.0855475],[120.2218539,23.0855525],[120.2216823,23.0855771],[120.221752,23.0863618],[120.2218647,23.0876547]]}},{"type":"Feature","properties":{"name":"嘉同里農路 10","named":false,"ref":"","cls":"farm","clsName":"農路/產業道路","villages":["嘉同里"],"length_m":762,"surface":"瀝青","segments":1,"osm":[142669363],"bbox":[120.218553,23.082752,120.220911,23.08809],"id":"AD03-015"},"geometry":{"type":"LineString","coordinates":[[120.2185528,23.0828444],[120.2198021,23.0827519],[120.2205082,23.0831918],[120.220595,23.0843687],[120.2208914,23.0876205],[120.2209111,23.08809]]}},{"type":"Feature","properties":{"name":"嘉同里農路 11","named":false,"ref":"","cls":"farm","clsName":"農路/產業道路","villages":["嘉同里"],"length_m":734,"surface":"","segments":1,"osm":[142669367],"bbox":[120.214062,23.078413,120.214773,23.084905],"id":"AD03-016"},"geometry":{"type":"LineString","coordinates":[[120.2147732,23.0849047],[120.2144754,23.0810494],[120.2143098,23.0791285],[120.2143285,23.078804],[120.2143339,23.0787497],[120.2143178,23.0786844],[120.2141322,23.0785059],[120.2140617,23.0784127]]}},{"type":"Feature","properties":{"name":"嘉同里農路 12","named":false,"ref":"","cls":"farm","clsName":"農路/產業道路","villages":["嘉同里"],"length_m":695,"surface":"","segments":1,"osm":[182384561],"bbox":[120.234425,23.075052,120.237803,23.080199],"id":"AD03-017"},"geometry":{"type":"LineString","coordinates":[[120.2378025,23.0801991],[120.2377568,23.0800722],[120.2376167,23.0799963],[120.2373888,23.0798122],[120.236941,23.0793881],[120.2349091,23.0772318],[120.2348024,23.0765808],[120.2346807,23.0756601],[120.2346087,23.0754273],[120.234425,23.0750519]]}},{"type":"Feature","properties":{"name":"嘉同里農路 13","named":false,"ref":"","cls":"farm","clsName":"農路/產業道路","villages":["嘉同里"],"length_m":676,"surface":"","segments":1,"osm":[142669355],"bbox":[120.215091,23.076044,120.220388,23.0796],"id":"AD03-018"},"geometry":{"type":"LineString","coordinates":[[120.2203884,23.0796004],[120.2203235,23.0795629],[120.2201849,23.0794656],[120.2201491,23.0793605],[120.2201071,23.07926],[120.2200188,23.079176],[120.2198951,23.0790989],[120.2195766,23.078894],[120.2189849,23.0785175],[120.2183946,23.0781496],[120.2164531,23.0769245],[120.215091,23.076044]]}},{"type":"Feature","properties":{"name":"嘉同里農路 14","named":false,"ref":"","cls":"farm","clsName":"農路/產業道路","villages":["嘉同里"],"length_m":622,"surface":"","segments":1,"osm":[298277026],"bbox":[120.215186,23.073991,120.218581,23.078636],"id":"AD03-019"},"geometry":{"type":"LineString","coordinates":[[120.2185806,23.0739913],[120.2181228,23.0746542],[120.2170133,23.0761742],[120.2164531,23.0769245],[120.2159527,23.077575],[120.2152332,23.0785573],[120.2151858,23.0786355]]}},{"type":"Feature","properties":{"name":"嘉榮路262巷","named":true,"ref":"","cls":"farm","clsName":"農路/產業道路","villages":["嘉同里"],"length_m":588,"surface":"","segments":1,"osm":[224372586],"bbox":[120.226829,23.073404,120.230212,23.076364],"id":"AD03-020"},"geometry":{"type":"LineString","coordinates":[[120.226829,23.0763638],[120.2277904,23.0752678],[120.2280922,23.0748789],[120.2291592,23.0736394],[120.2292759,23.0734987],[120.2294384,23.073432],[120.229532,23.0734037],[120.2300111,23.0743006],[120.2302122,23.0746437]]}},{"type":"Feature","properties":{"name":"嘉同里農路 15","named":false,"ref":"","cls":"farm","clsName":"農路/產業道路","villages":["嘉同里"],"length_m":556,"surface":"","segments":2,"osm":[448140951,1133141091],"bbox":[120.238647,23.066918,120.242069,23.068948],"id":"AD03-021"},"geometry":{"type":"MultiLineString","coordinates":[[[120.2403651,23.0669185],[120.2403506,23.066954],[120.2403112,23.0670678],[120.2402401,23.0671985],[120.2398456,23.0675373],[120.2388445,23.0683118],[120.2389253,23.0684177],[120.2390016,23.0685314],[120.2389858,23.0686016],[120.2387648,23.068771],[120.2387009,23.0688198],[120.2386465,23.0689477]],[[120.2420685,23.0684379],[120.2418794,23.0682773],[120.2411691,23.067665],[120.2404799,23.0670406],[120.2403651,23.0669185]]]}},{"type":"Feature","properties":{"name":"嘉同里農路 16","named":false,"ref":"","cls":"farm","clsName":"農路/產業道路","villages":["嘉同里"],"length_m":551,"surface":"","segments":1,"osm":[142668821],"bbox":[120.226767,23.078876,120.229231,23.083286],"id":"AD03-022"},"geometry":{"type":"LineString","coordinates":[[120.2267672,23.0788756],[120.2289316,23.0827081],[120.2292314,23.0832861]]}},{"type":"Feature","properties":{"name":"嘉同里農路 17","named":false,"ref":"","cls":"farm","clsName":"農路/產業道路","villages":["嘉同里"],"length_m":516,"surface":"","segments":1,"osm":[1133141095],"bbox":[120.23973,23.068504,120.242146,23.072001],"id":"AD03-023"},"geometry":{"type":"LineString","coordinates":[[120.2421459,23.0685037],[120.2397744,23.0704726],[120.2397419,23.0705356],[120.2397299,23.0705938],[120.239747,23.0706804],[120.2404539,23.0719119],[120.2404573,23.0719938],[120.24045,23.072001]]}},{"type":"Feature","properties":{"name":"嘉同里農路 18","named":false,"ref":"","cls":"farm","clsName":"農路/產業道路","villages":["嘉同里"],"length_m":481,"surface":"","segments":1,"osm":[142668832],"bbox":[120.225416,23.080408,120.22755,23.084258],"id":"AD03-024"},"geometry":{"type":"LineString","coordinates":[[120.2254159,23.0804078],[120.2271562,23.0835295],[120.2275496,23.0842583]]}},{"type":"Feature","properties":{"name":"嘉同里農路 19","named":false,"ref":"","cls":"farm","clsName":"農路/產業道路","villages":["嘉同里"],"length_m":476,"surface":"","segments":1,"osm":[142668819],"bbox":[120.221326,23.075457,120.224253,23.078782],"id":"AD03-025"},"geometry":{"type":"LineString","coordinates":[[120.224253,23.0787825],[120.22278,23.0771741],[120.2226119,23.0769855],[120.2213259,23.0754572]]}},{"type":"Feature","properties":{"name":"嘉同里農路 20","named":false,"ref":"","cls":"farm","clsName":"農路/產業道路","villages":["嘉同里"],"length_m":429,"surface":"","segments":1,"osm":[257336425],"bbox":[120.221274,23.076982,120.223726,23.080093],"id":"AD03-026"},"geometry":{"type":"LineString","coordinates":[[120.223726,23.0800929],[120.2236595,23.0800018],[120.223615,23.0799189],[120.2231905,23.0791573],[120.2225538,23.07843],[120.2220873,23.077918],[120.2212742,23.0769825]]}},{"type":"Feature","properties":{"name":"嘉同里農路 21","named":false,"ref":"","cls":"farm","clsName":"農路/產業道路","villages":["嘉同里"],"length_m":395,"surface":"","segments":1,"osm":[182493731],"bbox":[120.232052,23.076149,120.234538,23.077614],"id":"AD03-027"},"geometry":{"type":"LineString","coordinates":[[120.2320519,23.077614],[120.2324349,23.0772992],[120.2325087,23.0773558],[120.232726,23.0775783],[120.2327834,23.077567],[120.2338821,23.0765713],[120.2344027,23.0761489],[120.2344765,23.076296],[120.2345339,23.0766316],[120.234538,23.0767146]]}},{"type":"Feature","properties":{"name":"嘉榮路2巷112弄","named":true,"ref":"","cls":"farm","clsName":"農路/產業道路","villages":["嘉同里"],"length_m":383,"surface":"","segments":1,"osm":[142668823],"bbox":[120.22604,23.071469,120.228217,23.07352],"id":"AD03-028"},"geometry":{"type":"LineString","coordinates":[[120.2282169,23.0714693],[120.2277635,23.072411],[120.2276209,23.0726154],[120.2275366,23.072652],[120.2270396,23.0726555],[120.2269866,23.0726904],[120.2268515,23.0735031],[120.2267139,23.0735197],[120.2260401,23.0734986]]}},{"type":"Feature","properties":{"name":"嘉同里農路 22","named":false,"ref":"","cls":"farm","clsName":"農路/產業道路","villages":["嘉同里"],"length_m":339,"surface":"","segments":1,"osm":[142669374],"bbox":[120.217337,23.074159,120.220044,23.075916],"id":"AD03-029"},"geometry":{"type":"LineString","coordinates":[[120.220044,23.0759155],[120.2181228,23.0746542],[120.2173368,23.074159]]}},{"type":"Feature","properties":{"name":"嘉同里農路 23","named":false,"ref":"","cls":"farm","clsName":"農路/產業道路","villages":["嘉同里"],"length_m":324,"surface":"","segments":1,"osm":[142669377],"bbox":[120.218395,23.075743,120.220179,23.07815],"id":"AD03-030"},"geometry":{"type":"LineString","coordinates":[[120.2183946,23.0781496],[120.2189494,23.0774013],[120.2193251,23.0769087],[120.2194706,23.0766962],[120.220044,23.0759155],[120.2201794,23.0757428]]}},{"type":"Feature","properties":{"name":"嘉榮路213巷163弄","named":true,"ref":"","cls":"farm","clsName":"農路/產業道路","villages":["嘉同里"],"length_m":276,"surface":"","segments":1,"osm":[142668815],"bbox":[120.224166,23.076938,120.224286,23.079415],"id":"AD03-031"},"geometry":{"type":"LineString","coordinates":[[120.2242857,23.0794153],[120.2242731,23.079065],[120.224253,23.0787825],[120.2241873,23.077624],[120.2241658,23.076938]]}},{"type":"Feature","properties":{"name":"嘉榮路213巷155弄","named":true,"ref":"","cls":"farm","clsName":"農路/產業道路","villages":["嘉同里"],"length_m":259,"surface":"","segments":2,"osm":[1487098081,1487098082],"bbox":[120.224335,23.076859,120.224423,23.079232],"id":"AD03-032"},"geometry":{"type":"MultiLineString","coordinates":[[[120.2243746,23.0780204],[120.2244233,23.0792316]],[[120.2244046,23.0768594],[120.2243355,23.0770492],[120.2243724,23.0779668]]]}},{"type":"Feature","properties":{"name":"嘉同里農路 24","named":false,"ref":"","cls":"farm","clsName":"農路/產業道路","villages":["嘉同里"],"length_m":239,"surface":"","segments":1,"osm":[142668831],"bbox":[120.222543,23.075788,120.224349,23.076938],"id":"AD03-033"},"geometry":{"type":"LineString","coordinates":[[120.2225425,23.0757879],[120.2226575,23.0760922],[120.2228399,23.0762649],[120.2233683,23.0765511],[120.2237705,23.0767366],[120.2241658,23.076938],[120.2242792,23.0768693],[120.2243494,23.0768638]]}},{"type":"Feature","properties":{"name":"嘉同里農路 25","named":false,"ref":"","cls":"farm","clsName":"農路/產業道路","villages":["嘉同里"],"length_m":226,"surface":"","segments":1,"osm":[142669387],"bbox":[120.219471,23.076696,120.221298,23.077841],"id":"AD03-034"},"geometry":{"type":"LineString","coordinates":[[120.2212975,23.0778411],[120.2206118,23.077416],[120.2194706,23.0766962]]}},{"type":"Feature","properties":{"name":"嘉榮路628巷","named":true,"ref":"","cls":"farm","clsName":"農路/產業道路","villages":["嘉同里"],"length_m":202,"surface":"","segments":1,"osm":[1366965813],"bbox":[120.230624,23.081073,120.232372,23.081916],"id":"AD03-035"},"geometry":{"type":"LineString","coordinates":[[120.2323716,23.0810734],[120.2306239,23.0819161]]}},{"type":"Feature","properties":{"name":"嘉榮路262巷198弄","named":true,"ref":"","cls":"farm","clsName":"農路/產業道路","villages":["嘉同里"],"length_m":196,"surface":"","segments":1,"osm":[142668826],"bbox":[120.227763,23.072411,120.229276,23.073499],"id":"AD03-036"},"geometry":{"type":"LineString","coordinates":[[120.2277635,23.072411],[120.2284905,23.072936],[120.2292759,23.0734987]]}},{"type":"Feature","properties":{"name":"嘉榮路505巷","named":true,"ref":"","cls":"farm","clsName":"農路/產業道路","villages":["嘉同里"],"length_m":194,"surface":"","segments":1,"osm":[1366965814],"bbox":[120.228932,23.081916,120.230624,23.082708],"id":"AD03-037"},"geometry":{"type":"LineString","coordinates":[[120.2306239,23.0819161],[120.2289316,23.0827081]]}},{"type":"Feature","properties":{"name":"嘉榮路213巷20弄","named":true,"ref":"","cls":"farm","clsName":"農路/產業道路","villages":["嘉同里"],"length_m":191,"surface":"","segments":1,"osm":[1366965821],"bbox":[120.224423,23.079232,120.225012,23.080711],"id":"AD03-038"},"geometry":{"type":"LineString","coordinates":[[120.2250123,23.0807109],[120.2248478,23.0806002],[120.2244883,23.0803338],[120.2244233,23.0792316]]}},{"type":"Feature","properties":{"name":"嘉同里農路 26","named":false,"ref":"","cls":"farm","clsName":"農路/產業道路","villages":["嘉同里"],"length_m":180,"surface":"","segments":1,"osm":[147122875],"bbox":[120.217461,23.079486,120.218429,23.080841],"id":"AD03-039"},"geometry":{"type":"LineString","coordinates":[[120.2184291,23.0794859],[120.2183821,23.079558],[120.2174614,23.0808411]]}},{"type":"Feature","properties":{"name":"嘉榮路213巷75弄","named":true,"ref":"","cls":"farm","clsName":"農路/產業道路","villages":["嘉同里"],"length_m":166,"surface":"","segments":1,"osm":[1366965819],"bbox":[120.224405,23.076857,120.225683,23.077763],"id":"AD03-040"},"geometry":{"type":"LineString","coordinates":[[120.2244046,23.0768594],[120.2244332,23.0768572],[120.2256825,23.0777633]]}},{"type":"Feature","properties":{"name":"嘉榮路213巷96弄","named":true,"ref":"","cls":"farm","clsName":"農路/產業道路","villages":["嘉同里"],"length_m":162,"surface":"","segments":1,"osm":[1366965817],"bbox":[120.225683,23.077763,120.226943,23.078651],"id":"AD03-041"},"geometry":{"type":"LineString","coordinates":[[120.2256825,23.0777633],[120.226511,23.0783597],[120.226943,23.0786508]]}},{"type":"Feature","properties":{"name":"嘉榮路213巷210弄","named":true,"ref":"","cls":"farm","clsName":"農路/產業道路","villages":["嘉同里"],"length_m":158,"surface":"","segments":1,"osm":[1366965820],"bbox":[120.224268,23.079415,120.224321,23.080833],"id":"AD03-042"},"geometry":{"type":"LineString","coordinates":[[120.2242857,23.0794153],[120.2242684,23.0797367],[120.2243113,23.0802449],[120.2243006,23.0805114],[120.224321,23.0808328]]}},{"type":"Feature","properties":{"name":"嘉榮路2巷192弄","named":true,"ref":"","cls":"farm","clsName":"農路/產業道路","villages":["嘉同里"],"length_m":145,"surface":"","segments":1,"osm":[142668825],"bbox":[120.226851,23.073445,120.227434,23.07418],"id":"AD03-043"},"geometry":{"type":"LineString","coordinates":[[120.2268515,23.0735031],[120.2271437,23.0734455],[120.227431,23.0734733],[120.2274336,23.0736085],[120.2273192,23.0738689],[120.2271417,23.0741796]]}},{"type":"Feature","properties":{"name":"嘉榮路213巷192弄","named":true,"ref":"","cls":"farm","clsName":"農路/產業道路","villages":["嘉同里"],"length_m":139,"surface":"","segments":1,"osm":[257336424],"bbox":[120.224459,23.079192,120.225519,23.079978],"id":"AD03-044"},"geometry":{"type":"LineString","coordinates":[[120.2244586,23.0791917],[120.2255188,23.0799781]]}},{"type":"Feature","properties":{"name":"嘉同里農路 27","named":false,"ref":"","cls":"farm","clsName":"農路/產業道路","villages":["嘉同里"],"length_m":57,"surface":"","segments":1,"osm":[142668813],"bbox":[120.223312,23.076737,120.223771,23.077032],"id":"AD03-045"},"geometry":{"type":"LineString","coordinates":[[120.223312,23.0770324],[120.2236929,23.0767881],[120.2237705,23.0767366]]}},{"type":"Feature","properties":{"name":"嘉同里農路 28","named":false,"ref":"","cls":"farm","clsName":"農路/產業道路","villages":["嘉同里"],"length_m":35,"surface":"","segments":1,"osm":[142668827],"bbox":[120.22278,23.077005,120.223065,23.077174],"id":"AD03-046"},"geometry":{"type":"LineString","coordinates":[[120.2230652,23.0770052],[120.22278,23.0771741]]}},{"type":"Feature","properties":{"name":"嘉同里農路 29","named":false,"ref":"","cls":"farm","clsName":"農路/產業道路","villages":["嘉同里"],"length_m":28,"surface":"","segments":1,"osm":[142668833],"bbox":[120.230212,23.074533,120.230457,23.074644],"id":"AD03-047"},"geometry":{"type":"LineString","coordinates":[[120.2302122,23.0746437],[120.2304575,23.0745333]]}},{"type":"Feature","properties":{"name":"嘉同里巷道 01","named":false,"ref":"","cls":"lane","clsName":"巷道","villages":["嘉同里"],"length_m":1657,"surface":"瀝青","segments":4,"osm":[309110893,897412431,971159806,971159807],"bbox":[120.230891,23.079295,120.24604,23.082465],"id":"AD03-048"},"geometry":{"type":"MultiLineString","coordinates":[[[120.2460078,23.0793204],[120.2460078,23.079603],[120.2460401,23.0798399]],[[120.233979,23.0812435],[120.2345006,23.0810444],[120.2350564,23.0808774],[120.2370948,23.0803592],[120.2378025,23.0801991],[120.2384762,23.0800557],[120.2397872,23.0798403],[120.240439,23.0797287],[120.2410968,23.0796584],[120.2427618,23.0795017],[120.244402,23.0793592],[120.2457377,23.079295],[120.2460078,23.0793204]],[[120.2308914,23.0824646],[120.2327048,23.0816699],[120.2335694,23.0813854]],[[120.2335694,23.0813854],[120.233979,23.0812435]]]}},{"type":"Feature","properties":{"name":"環福街106巷","named":true,"ref":"","cls":"lane","clsName":"巷道","villages":["嘉同里"],"length_m":1250,"surface":"","segments":2,"osm":[142668817,971159817],"bbox":[120.228544,23.067497,120.238701,23.071358],"id":"AD03-049"},"geometry":{"type":"MultiLineString","coordinates":[[[120.2387009,23.0688198],[120.2373308,23.0674973],[120.2371591,23.0676453],[120.23648,23.0682274],[120.2362418,23.0685189],[120.2357054,23.0690075],[120.2352708,23.0693727],[120.2348766,23.069812],[120.2347129,23.0698687],[120.2339211,23.0701918],[120.2331358,23.0704486],[120.2330419,23.0704684],[120.2329744,23.0704463],[120.232682,23.0704212],[120.2325667,23.0704854],[120.2323011,23.0706508],[120.2320168,23.0708009],[120.2318156,23.0708852],[120.2315796,23.0709493],[120.2312685,23.0709593],[120.2309976,23.0709419],[120.2307508,23.0709296],[120.230619,23.0709255],[120.2304697,23.0709175],[120.2304021,23.0709079],[120.2299467,23.0709323],[120.2296366,23.0709644],[120.2295299,23.070978],[120.2290455,23.0711519],[120.2287801,23.0712647]],[[120.2287801,23.0712647],[120.2285441,23.0713579]]]}},{"type":"Feature","properties":{"name":"嘉同里巷道 02","named":false,"ref":"","cls":"lane","clsName":"巷道","villages":["嘉同里"],"length_m":905,"surface":"","segments":3,"osm":[142352732,142352743,899809548],"bbox":[120.22199,23.082964,120.22463,23.086033],"id":"AD03-050"},"geometry":{"type":"MultiLineString","coordinates":[[[120.2246297,23.0850344],[120.2238389,23.0843771],[120.2232628,23.0838989],[120.2227014,23.083428],[120.2221446,23.0829637]],[[120.2219895,23.0848244],[120.2221238,23.0849205],[120.2221668,23.0849423],[120.2221853,23.0849509],[120.2227762,23.0854475],[120.2231223,23.0857302],[120.2231679,23.0857674],[120.2232144,23.0858046],[120.2232556,23.0858132],[120.2233133,23.0857957],[120.2234402,23.0857194],[120.2236361,23.085611],[120.2238379,23.0855032],[120.2240411,23.0853912],[120.2242522,23.0852843],[120.2243619,23.0852371],[120.2244644,23.0851778],[120.2246297,23.0850344]],[[120.2231223,23.0857302],[120.2230094,23.0858075],[120.2227841,23.0859222],[120.2226397,23.0859863],[120.2224939,23.0860272],[120.222435,23.0860325],[120.2223847,23.0860226],[120.222338,23.0859856],[120.2223207,23.0859532],[120.2221641,23.0856228],[120.2220915,23.0853822],[120.2220413,23.0852414],[120.2220262,23.085176],[120.2220175,23.0850795],[120.2220082,23.0849737],[120.2219895,23.0848244]]]}},{"type":"Feature","properties":{"name":"嘉同里巷道 03","named":false,"ref":"","cls":"lane","clsName":"巷道","villages":["嘉同里"],"length_m":774,"surface":"","segments":2,"osm":[147122903,224372612],"bbox":[120.220009,23.075408,120.221318,23.080957],"id":"AD03-051"},"geometry":{"type":"MultiLineString","coordinates":[[[120.2213024,23.0806516],[120.221011,23.08063],[120.2209629,23.0806322],[120.2209159,23.0807233],[120.2208889,23.080778],[120.2208638,23.0807999],[120.2206112,23.080875],[120.2205507,23.0809568]],[[120.2210373,23.0754083],[120.2210703,23.075522],[120.221266,23.0763404],[120.2212882,23.0767215],[120.2212742,23.0769825],[120.2212455,23.0772147],[120.2212975,23.0778411],[120.2213184,23.0781913],[120.2213105,23.0782979],[120.2212738,23.0783826],[120.2211053,23.0786468],[120.2210375,23.0787421],[120.2209314,23.0788826],[120.2208175,23.0790311],[120.2206677,23.0792298],[120.2205282,23.079415],[120.2203884,23.0796004],[120.2200258,23.0800959],[120.2200091,23.0801584],[120.2200142,23.0802279],[120.2201046,23.0803149],[120.2203193,23.0805079],[120.2204823,23.0806885],[120.220532,23.080865],[120.2205507,23.0809568]]]}},{"type":"Feature","properties":{"name":"嘉同里巷道 04","named":false,"ref":"","cls":"lane","clsName":"巷道","villages":["嘉同里"],"length_m":628,"surface":"","segments":2,"osm":[142668834,147122904],"bbox":[120.220913,23.07903,120.223656,23.081239],"id":"AD03-052"},"geometry":{"type":"MultiLineString","coordinates":[[[120.2209133,23.0812395],[120.2211193,23.0811456],[120.2214281,23.0810074],[120.2222672,23.0806081],[120.2223717,23.0805609],[120.2225601,23.0804816],[120.2227035,23.0804958],[120.2230979,23.0805197],[120.2233337,23.0805213],[120.2233971,23.0805095],[120.2234179,23.0804771],[120.2234349,23.0804558],[120.2236562,23.080179]],[[120.2236562,23.080179],[120.2234035,23.0798956],[120.2231411,23.0794742],[120.2230597,23.0793268],[120.2230003,23.0791843],[120.2229542,23.0791403],[120.22273,23.07903],[120.2226845,23.0790324],[120.2226491,23.0790515],[120.2225965,23.0791556],[120.2226125,23.0791921],[120.2226125,23.0792382],[120.2225452,23.0794097],[120.2225477,23.0794378],[120.2225672,23.0794817],[120.2225687,23.0795298],[120.2225518,23.079561],[120.222419,23.0797425],[120.2221657,23.0800178],[120.2220908,23.080097]]]}},{"type":"Feature","properties":{"name":"嘉同里巷道 05","named":false,"ref":"","cls":"lane","clsName":"巷道","villages":["嘉同里"],"length_m":532,"surface":"","segments":3,"osm":[147122891,147122894,147122899],"bbox":[120.220319,23.079935,120.222838,23.082733],"id":"AD03-053"},"geometry":{"type":"MultiLineString","coordinates":[[[120.2206079,23.0800582],[120.2204377,23.0803028],[120.2203193,23.0805079]],[[120.22256,23.0827329],[120.2226243,23.0826752],[120.2227191,23.0825612],[120.2228377,23.0823896],[120.2228368,23.0823311],[120.2228125,23.0822235],[120.2227309,23.081935],[120.2226268,23.0816057],[120.2224649,23.0811723],[120.222326,23.0807951],[120.2222945,23.0807039],[120.2222672,23.0806081],[120.2221617,23.0803403]],[[120.2206079,23.0800582],[120.2207134,23.0799543],[120.2207972,23.0799345],[120.2208991,23.0799444],[120.2210473,23.0799868],[120.2211804,23.0799919],[120.2213539,23.0799732],[120.2215169,23.0799802],[120.2217832,23.0800182],[120.2219434,23.080047],[120.2220908,23.080097],[120.2221197,23.0802504],[120.2221617,23.0803403]]]}},{"type":"Feature","properties":{"name":"嘉同里巷道 06","named":false,"ref":"","cls":"lane","clsName":"巷道","villages":["嘉同里"],"length_m":492,"surface":"瀝青","segments":1,"osm":[142669354],"bbox":[120.214044,23.073492,120.21862,23.074345],"id":"AD03-054"},"geometry":{"type":"LineString","coordinates":[[120.2186199,23.0739835],[120.2185806,23.0739913],[120.2176514,23.0740636],[120.2174261,23.0741179],[120.2173368,23.074159],[120.2170077,23.0743104],[120.2168307,23.0743449],[120.216526,23.0742859],[120.2159295,23.0740487],[120.2149346,23.073797],[120.2143754,23.0736753],[120.2141248,23.0735648],[120.2140443,23.0734918]]}},{"type":"Feature","properties":{"name":"嘉同里巷道 07","named":false,"ref":"","cls":"lane","clsName":"巷道","villages":["嘉同里"],"length_m":341,"surface":"","segments":2,"osm":[142352736,142352742],"bbox":[120.221969,23.083144,120.224464,23.085178],"id":"AD03-055"},"geometry":{"type":"MultiLineString","coordinates":[[[120.2244644,23.0851778],[120.2236913,23.084523],[120.2231093,23.0840471],[120.2225518,23.0835819]],[[120.2219686,23.0831442],[120.2225518,23.0835819]]]}},{"type":"Feature","properties":{"name":"嘉同里巷道 08","named":false,"ref":"","cls":"lane","clsName":"巷道","villages":["嘉同里"],"length_m":334,"surface":"","segments":1,"osm":[142352738],"bbox":[120.222813,23.081676,120.224102,23.083217],"id":"AD03-056"},"geometry":{"type":"LineString","coordinates":[[120.2228125,23.0822235],[120.2229112,23.0821845],[120.2232733,23.0816762],[120.2236837,23.0818859],[120.2241021,23.0821475],[120.2237621,23.0826266],[120.223585,23.0827826],[120.2234354,23.0828771],[120.2232107,23.0831585],[120.2231483,23.0832173]]}},{"type":"Feature","properties":{"name":"嘉同里巷道 09","named":false,"ref":"","cls":"lane","clsName":"巷道","villages":["嘉同里"],"length_m":327,"surface":"","segments":1,"osm":[142352731],"bbox":[120.221885,23.08331,120.224252,23.085284],"id":"AD03-057"},"geometry":{"type":"LineString","coordinates":[[120.2242522,23.0852843],[120.2235335,23.0846823],[120.222949,23.0841996],[120.2223982,23.0837357],[120.2218855,23.0833102]]}},{"type":"Feature","properties":{"name":"嘉同里巷道 10","named":false,"ref":"","cls":"lane","clsName":"巷道","villages":["嘉同里"],"length_m":296,"surface":"","segments":1,"osm":[147122872],"bbox":[120.219328,23.080748,120.220292,23.082157],"id":"AD03-058"},"geometry":{"type":"LineString","coordinates":[[120.2202925,23.0814942],[120.2198202,23.0821157],[120.2197902,23.0821573],[120.2197245,23.0821157],[120.219351,23.0818524],[120.2193276,23.0818148],[120.2193302,23.0817796],[120.2193541,23.0817282],[120.2193955,23.0816856],[120.2194497,23.0816287],[120.2196719,23.0813434],[120.2198928,23.0810544],[120.2199652,23.0809606],[120.2201215,23.0807481]]}},{"type":"Feature","properties":{"name":"嘉同里巷道 11","named":false,"ref":"","cls":"lane","clsName":"巷道","villages":["嘉同里"],"length_m":293,"surface":"","segments":1,"osm":[142352724],"bbox":[120.221726,23.083721,120.223838,23.085503],"id":"AD03-059"},"geometry":{"type":"LineString","coordinates":[[120.2217261,23.0837209],[120.2220975,23.0840324],[120.222641,23.0844893],[120.2232317,23.084979],[120.2238379,23.0855032]]}},{"type":"Feature","properties":{"name":"嘉同里巷道 12","named":false,"ref":"","cls":"lane","clsName":"巷道","villages":["嘉同里"],"length_m":245,"surface":"","segments":1,"osm":[147122878],"bbox":[120.220482,23.08021,120.22256,23.080689],"id":"AD03-060"},"geometry":{"type":"LineString","coordinates":[[120.2225601,23.0804816],[120.2221617,23.0803403],[120.2220755,23.0803479],[120.2218879,23.0804159],[120.2217894,23.0804189],[120.2216867,23.0803882],[120.2215908,23.0803418],[120.2214827,23.0803025],[120.2213945,23.0802805],[120.2211259,23.080215],[120.221048,23.0802105],[120.2210174,23.0802285],[120.2209798,23.0802669],[120.2209097,23.0804013],[120.2208704,23.0804684],[120.2208023,23.0805453],[120.2207692,23.0805759],[120.22072,23.0806017],[120.2205486,23.0806544],[120.2204823,23.0806885]]}},{"type":"Feature","properties":{"name":"嘉同里巷道 13","named":false,"ref":"","cls":"lane","clsName":"巷道","villages":["嘉同里"],"length_m":234,"surface":"","segments":1,"osm":[142352725],"bbox":[120.221956,23.084186,120.223636,23.085611],"id":"AD03-061"},"geometry":{"type":"LineString","coordinates":[[120.2219563,23.084186],[120.2224893,23.0846467],[120.2230751,23.0851381],[120.2236361,23.085611]]}},{"type":"Feature","properties":{"name":"嘉同里巷道 14","named":false,"ref":"","cls":"lane","clsName":"巷道","villages":["嘉同里"],"length_m":219,"surface":"","segments":1,"osm":[142352722],"bbox":[120.222776,23.083988,120.224206,23.085448],"id":"AD03-062"},"geometry":{"type":"LineString","coordinates":[[120.2227762,23.0854475],[120.222933,23.085283],[120.2230751,23.0851381],[120.2232317,23.084979],[120.2233841,23.0848317],[120.2235335,23.0846823],[120.2236913,23.084523],[120.2238389,23.0843771],[120.2240017,23.0842148],[120.2241478,23.0840499],[120.2242057,23.0839876]]}},{"type":"Feature","properties":{"name":"嘉同里巷道 15","named":false,"ref":"","cls":"lane","clsName":"巷道","villages":["嘉同里"],"length_m":210,"surface":"","segments":1,"osm":[142352747],"bbox":[120.221929,23.08444,120.22344,23.085719],"id":"AD03-063"},"geometry":{"type":"LineString","coordinates":[[120.2234402,23.0857194],[120.222933,23.085283],[120.2223421,23.0847852],[120.2223043,23.0847612],[120.2219285,23.0844396]]}},{"type":"Feature","properties":{"name":"嘉同里巷道 16","named":false,"ref":"","cls":"lane","clsName":"巷道","villages":["嘉同里"],"length_m":209,"surface":"","segments":1,"osm":[305138582],"bbox":[120.222879,23.082877,120.223847,23.084266],"id":"AD03-064"},"geometry":{"type":"LineString","coordinates":[[120.2228787,23.0842665],[120.222949,23.0841996],[120.2231093,23.0840471],[120.2232628,23.0838989],[120.2234124,23.0837557],[120.2235867,23.0835823],[120.2236489,23.0835233],[120.2238467,23.0832719],[120.2234354,23.0828771]]}},{"type":"Feature","properties":{"name":"嘉同里巷道 17","named":false,"ref":"","cls":"lane","clsName":"巷道","villages":["嘉同里"],"length_m":192,"surface":"","segments":1,"osm":[147122895],"bbox":[120.221037,23.078742,120.222166,23.080018],"id":"AD03-065"},"geometry":{"type":"LineString","coordinates":[[120.2221657,23.0800178],[120.2221318,23.0798674],[120.2221099,23.0798121],[120.2220767,23.0797651],[120.2220137,23.0797054],[120.2218733,23.0796245],[120.2217107,23.0794926],[120.2215695,23.079389],[120.2215262,23.0793308],[120.2214967,23.0792802],[120.2214312,23.0790947],[120.2213963,23.078993],[120.2213601,23.0789248],[120.221269,23.0788545],[120.2211203,23.0787899],[120.2210375,23.0787421]]}},{"type":"Feature","properties":{"name":"安昌街275巷","named":true,"ref":"","cls":"lane","clsName":"巷道","villages":["嘉同里"],"length_m":191,"surface":"","segments":1,"osm":[1366965833],"bbox":[120.218685,23.073907,120.220545,23.073971],"id":"AD03-066"},"geometry":{"type":"LineString","coordinates":[[120.220545,23.0739364],[120.2200388,23.0739221],[120.2195049,23.0739071],[120.2192827,23.073914],[120.218833,23.0739412],[120.2186849,23.0739706]]}},{"type":"Feature","properties":{"name":"嘉同里巷道 18","named":false,"ref":"","cls":"lane","clsName":"巷道","villages":["嘉同里"],"length_m":182,"surface":"","segments":1,"osm":[147122876],"bbox":[120.218176,23.08101,120.219396,23.081686],"id":"AD03-067"},"geometry":{"type":"LineString","coordinates":[[120.2181761,23.0814807],[120.2185191,23.0810282],[120.2185296,23.0810096],[120.2185502,23.0810116],[120.2186715,23.0811016],[120.2187363,23.0811362],[120.2188091,23.0811869],[120.2188437,23.0812246],[120.2188591,23.0812749],[120.218906,23.0813357],[120.2191496,23.0815002],[120.2193955,23.0816856]]}},{"type":"Feature","properties":{"name":"嘉同里巷道 19","named":false,"ref":"","cls":"lane","clsName":"巷道","villages":["嘉同里"],"length_m":180,"surface":"","segments":1,"osm":[142352730],"bbox":[120.221879,23.083051,120.223076,23.084227],"id":"AD03-068"},"geometry":{"type":"LineString","coordinates":[[120.2218794,23.0842267],[120.2219563,23.084186],[120.2220975,23.0840324],[120.2222151,23.083901],[120.2222481,23.0838784],[120.2222712,23.0838607],[120.2223982,23.0837357],[120.2225518,23.0835819],[120.2227014,23.083428],[120.2228433,23.0832754],[120.2230165,23.0831075],[120.2230763,23.083051]]}},{"type":"Feature","properties":{"name":"嘉同里巷道 20","named":false,"ref":"","cls":"lane","clsName":"巷道","villages":["嘉同里"],"length_m":175,"surface":"","segments":1,"osm":[147122889],"bbox":[120.222959,23.080137,120.224208,23.081197],"id":"AD03-069"},"geometry":{"type":"LineString","coordinates":[[120.224208,23.0811965],[120.2233337,23.0805213],[120.2232496,23.0804264],[120.2230658,23.0802536],[120.2229817,23.0801828],[120.2229592,23.080137]]}},{"type":"Feature","properties":{"name":"嘉同里巷道 21","named":false,"ref":"","cls":"lane","clsName":"巷道","villages":["嘉同里"],"length_m":165,"surface":"","segments":1,"osm":[147122873],"bbox":[120.221105,23.078647,120.222596,23.079169],"id":"AD03-070"},"geometry":{"type":"LineString","coordinates":[[120.2211053,23.0786468],[120.221201,23.0786874],[120.2214207,23.0787408],[120.2216508,23.0787966],[120.221934,23.0788809],[120.2220492,23.0789216],[120.2221647,23.0789993],[120.2222654,23.079057],[120.2224332,23.0791369],[120.222501,23.0791674],[120.2225521,23.0791685],[120.2225965,23.0791556]]}},{"type":"Feature","properties":{"name":"嘉同里巷道 22","named":false,"ref":"","cls":"lane","clsName":"巷道","villages":["嘉同里"],"length_m":161,"surface":"","segments":1,"osm":[147122890],"bbox":[120.219802,23.081571,120.220706,23.082752],"id":"AD03-071"},"geometry":{"type":"LineString","coordinates":[[120.2198021,23.0827519],[120.2199254,23.0825915],[120.2203412,23.082055],[120.2204235,23.0819894],[120.2205317,23.0818581],[120.220706,23.0815713]]}},{"type":"Feature","properties":{"name":"嘉同里巷道 23","named":false,"ref":"","cls":"lane","clsName":"巷道","villages":["嘉同里"],"length_m":161,"surface":"","segments":1,"osm":[142352733],"bbox":[120.222892,23.084407,120.224041,23.085391],"id":"AD03-072"},"geometry":{"type":"LineString","coordinates":[[120.2240411,23.0853912],[120.2233841,23.0848317],[120.2228915,23.0844074]]}},{"type":"Feature","properties":{"name":"嘉同里巷道 24","named":false,"ref":"","cls":"lane","clsName":"巷道","villages":["嘉同里"],"length_m":160,"surface":"","segments":1,"osm":[899809545],"bbox":[120.222263,23.082776,120.223412,23.083756],"id":"AD03-073"},"geometry":{"type":"LineString","coordinates":[[120.2234124,23.0837557],[120.2231656,23.0835422],[120.2228433,23.0832754],[120.2222633,23.0827761]]}},{"type":"Feature","properties":{"name":"嘉同里巷道 25","named":false,"ref":"","cls":"lane","clsName":"巷道","villages":["嘉同里"],"length_m":155,"surface":"","segments":2,"osm":[142352726,305138584],"bbox":[120.222167,23.08424,120.222911,23.084942],"id":"AD03-074"},"geometry":{"type":"MultiLineString","coordinates":[[[120.2221668,23.0849423],[120.2222033,23.0849094],[120.2223421,23.0847852],[120.2224893,23.0846467],[120.222641,23.0844893],[120.2227177,23.0844161]],[[120.2227177,23.0844161],[120.2226979,23.0843921],[120.2226839,23.0843578],[120.2226855,23.0843113],[120.2227164,23.0842676],[120.2227634,23.0842422],[120.2228243,23.0842402],[120.2228787,23.0842665],[120.2229108,23.0843197],[120.2229089,23.0843655],[120.2228915,23.0844074],[120.2228535,23.0844351],[120.2228074,23.0844471],[120.2227788,23.0844456],[120.2227471,23.0844385],[120.2227177,23.0844161]]]}},{"type":"Feature","properties":{"name":"嘉同里巷道 26","named":false,"ref":"","cls":"lane","clsName":"巷道","villages":["嘉同里"],"length_m":131,"surface":"","segments":1,"osm":[142352746],"bbox":[120.221768,23.083479,120.222716,23.084268],"id":"AD03-075"},"geometry":{"type":"LineString","coordinates":[[120.2217678,23.0834786],[120.2220211,23.0836915],[120.2222481,23.0838784],[120.2227164,23.0842676]]}},{"type":"Feature","properties":{"name":"嘉同里巷道 27","named":false,"ref":"","cls":"lane","clsName":"巷道","villages":["嘉同里"],"length_m":125,"surface":"","segments":1,"osm":[147122887],"bbox":[120.220668,23.07923,120.221711,23.079635],"id":"AD03-076"},"geometry":{"type":"LineString","coordinates":[[120.2217107,23.0794926],[120.221621,23.0796123],[120.2215941,23.0796276],[120.2215665,23.079635],[120.221511,23.0796269],[120.2213428,23.0795611],[120.2211842,23.0794994],[120.220908,23.0793796],[120.2208004,23.0793192],[120.2206677,23.0792298]]}},{"type":"Feature","properties":{"name":"嘉同里巷道 28","named":false,"ref":"","cls":"lane","clsName":"巷道","villages":["嘉同里"],"length_m":124,"surface":"","segments":1,"osm":[147122888],"bbox":[120.218844,23.080383,120.219595,23.081225],"id":"AD03-077"},"geometry":{"type":"LineString","coordinates":[[120.2188437,23.0812246],[120.2189057,23.0811579],[120.2189634,23.0811066],[120.2190077,23.0810868],[120.2190728,23.0810776],[120.2191062,23.0810522],[120.2192438,23.0808472],[120.2194054,23.0806101],[120.2195949,23.0803826]]}},{"type":"Feature","properties":{"name":"嘉同里巷道 29","named":false,"ref":"","cls":"lane","clsName":"巷道","villages":["嘉同里"],"length_m":104,"surface":"","segments":1,"osm":[147122898],"bbox":[120.222703,23.079736,120.22303,23.080496],"id":"AD03-078"},"geometry":{"type":"LineString","coordinates":[[120.2227945,23.079736],[120.2229098,23.0798396],[120.2230305,23.0799482],[120.2230278,23.0800099],[120.2229592,23.080137],[120.2228639,23.0802883],[120.2227943,23.0803839],[120.2227035,23.0804958]]}},{"type":"Feature","properties":{"name":"嘉同里巷道 30","named":false,"ref":"","cls":"lane","clsName":"巷道","villages":["嘉同里"],"length_m":103,"surface":"","segments":1,"osm":[142352727],"bbox":[120.224002,23.084215,120.224779,23.084774],"id":"AD03-079"},"geometry":{"type":"LineString","coordinates":[[120.2247793,23.0847738],[120.2246861,23.084767],[120.224644,23.0847568],[120.2244167,23.0845653],[120.2241974,23.0843854],[120.2240017,23.0842148]]}},{"type":"Feature","properties":{"name":"嘉榮路168巷","named":true,"ref":"","cls":"lane","clsName":"巷道","villages":["嘉同里"],"length_m":91,"surface":"","segments":1,"osm":[182424394],"bbox":[120.225264,23.074778,120.225776,23.075263],"id":"AD03-080"},"geometry":{"type":"LineString","coordinates":[[120.2252637,23.0752627],[120.225308,23.0751932],[120.2254668,23.0750158],[120.2257418,23.0750263],[120.2257758,23.074935],[120.2257489,23.0748207],[120.225739,23.0747784]]}},{"type":"Feature","properties":{"name":"嘉同里巷道 31","named":false,"ref":"","cls":"lane","clsName":"巷道","villages":["嘉同里"],"length_m":74,"surface":"","segments":1,"osm":[147122882],"bbox":[120.222165,23.078806,120.222649,23.079051],"id":"AD03-081"},"geometry":{"type":"LineString","coordinates":[[120.2226491,23.0790515],[120.2226073,23.0790142],[120.222597,23.078958],[120.2223271,23.0788064],[120.2222712,23.0788119],[120.222259,23.078819],[120.2222131,23.0788968],[120.2221647,23.0789993]]}},{"type":"Feature","properties":{"name":"嘉同里巷道 32","named":false,"ref":"","cls":"lane","clsName":"巷道","villages":["嘉同里"],"length_m":71,"surface":"","segments":1,"osm":[142352718],"bbox":[120.223585,23.082783,120.224089,23.08322],"id":"AD03-082"},"geometry":{"type":"LineString","coordinates":[[120.224089,23.0832203],[120.223585,23.0827826]]}},{"type":"Feature","properties":{"name":"嘉同里巷道 33","named":false,"ref":"","cls":"lane","clsName":"巷道","villages":["嘉同里"],"length_m":70,"surface":"","segments":1,"osm":[1366965836],"bbox":[120.219505,23.073907,120.219533,23.074535],"id":"AD03-083"},"geometry":{"type":"LineString","coordinates":[[120.2195049,23.0739071],[120.2195329,23.0745348]]}},{"type":"Feature","properties":{"name":"嘉同里巷道 34","named":false,"ref":"","cls":"lane","clsName":"巷道","villages":["嘉同里"],"length_m":49,"surface":"","segments":1,"osm":[899809542],"bbox":[120.221651,23.078443,120.221935,23.078797],"id":"AD03-084"},"geometry":{"type":"LineString","coordinates":[[120.2216508,23.0787966],[120.2219354,23.0784427]]}},{"type":"Feature","properties":{"name":"嘉榮路262巷57弄","named":true,"ref":"","cls":"lane","clsName":"巷道","villages":["嘉同里"],"length_m":41,"surface":"","segments":1,"osm":[182424381],"bbox":[120.22779,23.075268,120.228032,23.075567],"id":"AD03-085"},"geometry":{"type":"LineString","coordinates":[[120.2277904,23.0752678],[120.2280319,23.0755667]]}},{"type":"Feature","properties":{"name":"嘉同里巷道 35","named":false,"ref":"","cls":"lane","clsName":"巷道","villages":["嘉同里"],"length_m":31,"surface":"","segments":1,"osm":[899809536],"bbox":[120.219073,23.081078,120.219298,23.081254],"id":"AD03-086"},"geometry":{"type":"LineString","coordinates":[[120.2192982,23.0812539],[120.2190797,23.0810989],[120.2190728,23.0810776]]}},{"type":"Feature","properties":{"name":"嘉同里巷道 36","named":false,"ref":"","cls":"lane","clsName":"巷道","villages":["嘉同里"],"length_m":29,"surface":"","segments":1,"osm":[147122877],"bbox":[120.219965,23.080961,120.220198,23.081117],"id":"AD03-087"},"geometry":{"type":"LineString","coordinates":[[120.2201981,23.0811169],[120.2199652,23.0809606]]}},{"type":"Feature","properties":{"name":"嘉同里巷道 37","named":false,"ref":"","cls":"lane","clsName":"巷道","villages":["嘉同里"],"length_m":29,"surface":"","segments":1,"osm":[899809537],"bbox":[120.219244,23.080847,120.219472,23.081003],"id":"AD03-088"},"geometry":{"type":"LineString","coordinates":[[120.2192438,23.0808472],[120.2192938,23.0808824],[120.2194718,23.0810029]]}},{"type":"Feature","properties":{"name":"嘉同里巷道 38","named":false,"ref":"","cls":"lane","clsName":"巷道","villages":["嘉同里"],"length_m":28,"surface":"","segments":1,"osm":[899809543],"bbox":[120.220931,23.078883,120.221162,23.079015],"id":"AD03-089"},"geometry":{"type":"LineString","coordinates":[[120.2209314,23.0788826],[120.2211616,23.0790152]]}},{"type":"Feature","properties":{"name":"嘉同里巷道 39","named":false,"ref":"","cls":"lane","clsName":"巷道","villages":["嘉同里"],"length_m":28,"surface":"","segments":1,"osm":[147122893],"bbox":[120.219669,23.080914,120.219893,23.081054],"id":"AD03-090"},"geometry":{"type":"LineString","coordinates":[[120.219669,23.0809143],[120.2198928,23.0810544]]}},{"type":"Feature","properties":{"name":"嘉同里巷道 40","named":false,"ref":"","cls":"lane","clsName":"巷道","villages":["嘉同里"],"length_m":27,"surface":"","segments":1,"osm":[147122896],"bbox":[120.219458,23.081195,120.219672,23.081343],"id":"AD03-091"},"geometry":{"type":"LineString","coordinates":[[120.2194577,23.0811946],[120.2196719,23.0813434]]}},{"type":"Feature","properties":{"name":"嘉同里巷道 41","named":false,"ref":"","cls":"lane","clsName":"巷道","villages":["嘉同里"],"length_m":27,"surface":"","segments":1,"osm":[147122892],"bbox":[120.22192,23.078922,120.222049,23.079135],"id":"AD03-092"},"geometry":{"type":"LineString","coordinates":[[120.2219197,23.0791354],[120.2220492,23.0789216]]}},{"type":"Feature","properties":{"name":"嘉同里巷道 42","named":false,"ref":"","cls":"lane","clsName":"巷道","villages":["嘉同里"],"length_m":27,"surface":"","segments":1,"osm":[147122881],"bbox":[120.222642,23.080186,120.222794,23.080384],"id":"AD03-093"},"geometry":{"type":"LineString","coordinates":[[120.2226416,23.0801863],[120.2227328,23.0803061],[120.2227943,23.0803839]]}},{"type":"Feature","properties":{"name":"安加里農路 01","named":false,"ref":"","cls":"farm","clsName":"農路/產業道路","villages":["安加里"],"length_m":1948,"surface":"瀝青","segments":1,"osm":[781567884],"bbox":[120.225041,23.114177,120.239651,23.125402],"id":"AD04-001"},"geometry":{"type":"LineString","coordinates":[[120.2396514,23.1254024],[120.2393208,23.1251809],[120.238985,23.1249496],[120.238519,23.1246283],[120.238038,23.124281],[120.2377566,23.1240133],[120.2370092,23.1234693],[120.235835,23.1225221],[120.2350272,23.1218629],[120.2343046,23.1212731],[120.2335471,23.1207058],[120.2328909,23.1201615],[120.2320575,23.1194674],[120.231757,23.1192264],[120.2313066,23.1188914],[120.2300329,23.117927],[120.2296556,23.1176416],[120.2288149,23.1169912],[120.2271303,23.1156719],[120.2259714,23.1148363],[120.2255439,23.1145303],[120.2250414,23.1141767]]}},{"type":"Feature","properties":{"name":"安加里農路 02","named":false,"ref":"","cls":"farm","clsName":"農路/產業道路","villages":["安加里"],"length_m":1223,"surface":"","segments":2,"osm":[139577358,142150968],"bbox":[120.234435,23.108768,120.244801,23.113275],"id":"AD04-002"},"geometry":{"type":"MultiLineString","coordinates":[[[120.2448006,23.1132748],[120.2435175,23.1128207],[120.2435323,23.112743],[120.2435792,23.1126505],[120.2435269,23.112603],[120.2429231,23.1123917],[120.242848,23.1124015],[120.2427658,23.112521],[120.2404179,23.1117027],[120.235566,23.1099459]],[[120.235566,23.1099459],[120.2354662,23.1098423],[120.2344346,23.1087683]]]}},{"type":"Feature","properties":{"name":"安加里農路 03","named":false,"ref":"","cls":"farm","clsName":"農路/產業道路","villages":["安加里"],"length_m":966,"surface":"","segments":1,"osm":[139577347],"bbox":[120.238052,23.110052,120.241104,23.118233],"id":"AD04-003"},"geometry":{"type":"LineString","coordinates":[[120.2380524,23.1182325],[120.2381331,23.1174749],[120.2381712,23.1172345],[120.2382003,23.1169694],[120.2388931,23.1153173],[120.2389247,23.1152459],[120.239661,23.1134752],[120.2404179,23.1117027],[120.2411042,23.1100525]]}},{"type":"Feature","properties":{"name":"安加里農路 04","named":false,"ref":"","cls":"farm","clsName":"農路/產業道路","villages":["安加里"],"length_m":933,"surface":"","segments":1,"osm":[142150993],"bbox":[120.228097,23.113619,120.234717,23.118747],"id":"AD04-004"},"geometry":{"type":"LineString","coordinates":[[120.2347167,23.1185249],[120.2343314,23.1185499],[120.2341247,23.1185637],[120.2338461,23.1185821],[120.2335251,23.1186484],[120.2334259,23.1186828],[120.2331522,23.1187471],[120.2330347,23.118649],[120.233005,23.1185991],[120.23275,23.1183372],[120.2323019,23.1178892],[120.2316574,23.1172272],[120.2310909,23.1166599],[120.2304805,23.1160761],[120.2296216,23.115161],[120.2280966,23.1136187]]}},{"type":"Feature","properties":{"name":"安加里農路 05","named":false,"ref":"","cls":"farm","clsName":"農路/產業道路","villages":["安加里"],"length_m":924,"surface":"","segments":1,"osm":[139577336],"bbox":[120.235488,23.111968,120.243894,23.115007],"id":"AD04-005"},"geometry":{"type":"LineString","coordinates":[[120.2438941,23.1150066],[120.2427544,23.1145846],[120.239661,23.1134752],[120.2354883,23.1119677]]}},{"type":"Feature","properties":{"name":"安加里農路 06","named":false,"ref":"","cls":"farm","clsName":"農路/產業道路","villages":["安加里"],"length_m":899,"surface":"","segments":1,"osm":[887679272],"bbox":[120.240448,23.112821,120.243679,23.120067],"id":"AD04-006"},"geometry":{"type":"LineString","coordinates":[[120.2404481,23.1200669],[120.2404958,23.1199637],[120.241253,23.1181164],[120.2418002,23.1167954],[120.2418117,23.116737],[120.2418554,23.1166636],[120.2427544,23.1145846],[120.2433088,23.113263],[120.2433732,23.1131989],[120.2435234,23.1132038],[120.2436682,23.1132038],[120.2436789,23.1131397],[120.2436682,23.1130311],[120.2436092,23.1129275],[120.2435175,23.1128207]]}},{"type":"Feature","properties":{"name":"安加里農路 07","named":false,"ref":"","cls":"farm","clsName":"農路/產業道路","villages":["安加里"],"length_m":773,"surface":"","segments":1,"osm":[142150937],"bbox":[120.235364,23.115453,120.23689,23.121726],"id":"AD04-007"},"geometry":{"type":"LineString","coordinates":[[120.2368899,23.1217262],[120.2367824,23.1214141],[120.2366311,23.1209419],[120.2366164,23.1208896],[120.2363812,23.1201116],[120.2362963,23.1197957],[120.2362619,23.1194951],[120.2362506,23.1193479],[120.236225,23.1190142],[120.236185,23.118331],[120.2361691,23.1182069],[120.2360922,23.1175097],[120.2360513,23.1172054],[120.235931,23.1168452],[120.2359331,23.1166917],[120.235959,23.1164601],[120.2360183,23.1162323],[120.2360621,23.1158996],[120.2361061,23.1155852],[120.235364,23.1154533]]}},{"type":"Feature","properties":{"name":"安加里農路 08","named":false,"ref":"","cls":"farm","clsName":"農路/產業道路","villages":["安加里"],"length_m":632,"surface":"","segments":1,"osm":[142150975],"bbox":[120.229734,23.112439,120.233873,23.116662],"id":"AD04-008"},"geometry":{"type":"LineString","coordinates":[[120.233873,23.1166621],[120.2338173,23.1166254],[120.2333353,23.1161073],[120.2326516,23.1154493],[120.232016,23.1147747],[120.2297344,23.1124389]]}},{"type":"Feature","properties":{"name":"安加里農路 09","named":false,"ref":"","cls":"farm","clsName":"農路/產業道路","villages":["安加里"],"length_m":468,"surface":"","segments":1,"osm":[142150938],"bbox":[120.233784,23.114935,120.234994,23.118564],"id":"AD04-009"},"geometry":{"type":"LineString","coordinates":[[120.2349941,23.1149348],[120.2342059,23.1155884],[120.2341224,23.1158577],[120.2340551,23.1160868],[120.233873,23.1166621],[120.2337839,23.1170445],[120.2337839,23.1170909],[120.2337886,23.1171054],[120.2338091,23.1171264],[120.2340526,23.1171524],[120.2341071,23.1183318],[120.2341247,23.1185637]]}},{"type":"Feature","properties":{"name":"安加里農路 10","named":false,"ref":"","cls":"farm","clsName":"農路/產業道路","villages":["安加里"],"length_m":443,"surface":"","segments":1,"osm":[142150999],"bbox":[120.238171,23.117234,120.242267,23.118498],"id":"AD04-010"},"geometry":{"type":"LineString","coordinates":[[120.2422666,23.1184977],[120.241253,23.1181164],[120.2393093,23.1174675],[120.2381712,23.1172345]]}},{"type":"Feature","properties":{"name":"安加里農路 11","named":false,"ref":"","cls":"farm","clsName":"農路/產業道路","villages":["安加里"],"length_m":429,"surface":"","segments":1,"osm":[142374578],"bbox":[120.23048,23.113466,120.233568,23.116076],"id":"AD04-011"},"geometry":{"type":"LineString","coordinates":[[120.2335675,23.1134659],[120.2327461,23.1141596],[120.232016,23.1147747],[120.2304805,23.1160761]]}},{"type":"Feature","properties":{"name":"安加里農路 12","named":false,"ref":"","cls":"farm","clsName":"農路/產業道路","villages":["安加里"],"length_m":427,"surface":"","segments":1,"osm":[142150946],"bbox":[120.232632,23.109837,120.235467,23.11266],"id":"AD04-012"},"geometry":{"type":"LineString","coordinates":[[120.2326316,23.1098372],[120.2354671,23.11266]]}},{"type":"Feature","properties":{"name":"安加里農路 13","named":false,"ref":"","cls":"farm","clsName":"農路/產業道路","villages":["安加里"],"length_m":306,"surface":"","segments":1,"osm":[142150984],"bbox":[120.233426,23.118683,120.234415,23.121147],"id":"AD04-013"},"geometry":{"type":"LineString","coordinates":[[120.2344146,23.1211474],[120.2343079,23.1210442],[120.2342167,23.1209394],[120.2342256,23.1207193],[120.2342082,23.1205541],[120.2341979,23.1204275],[120.2341215,23.1203362],[120.2336142,23.1197334],[120.2335364,23.1196645],[120.2335171,23.1195254],[120.2335078,23.1193781],[120.2334857,23.1191577],[120.2334259,23.1186828]]}},{"type":"Feature","properties":{"name":"安加里農路 14","named":false,"ref":"","cls":"farm","clsName":"農路/產業道路","villages":["安加里"],"length_m":250,"surface":"瀝青","segments":1,"osm":[142150989],"bbox":[120.229656,23.11711,120.2318,23.117747],"id":"AD04-014"},"geometry":{"type":"LineString","coordinates":[[120.2296556,23.1176416],[120.2297253,23.1175824],[120.230455,23.1176696],[120.2309272,23.1177469],[120.2310112,23.1177452],[120.2311776,23.1176383],[120.2316574,23.1172272],[120.2317999,23.1171103]]}},{"type":"Feature","properties":{"name":"安加里農路 15","named":false,"ref":"","cls":"farm","clsName":"農路/產業道路","villages":["安加里"],"length_m":234,"surface":"","segments":1,"osm":[570471238],"bbox":[120.235933,23.116692,120.2382,23.116969],"id":"AD04-015"},"geometry":{"type":"LineString","coordinates":[[120.2382003,23.1169694],[120.2373177,23.1168613],[120.2359331,23.1166917]]}},{"type":"Feature","properties":{"name":"安加里農路 16","named":false,"ref":"","cls":"farm","clsName":"農路/產業道路","villages":["安加里"],"length_m":164,"surface":"","segments":1,"osm":[444921386],"bbox":[120.236672,23.115369,120.237265,23.116383],"id":"AD04-016"},"geometry":{"type":"LineString","coordinates":[[120.2372652,23.1163825],[120.2367645,23.1163014],[120.2366867,23.1162787],[120.2366723,23.1162344],[120.2367302,23.1157661],[120.2367762,23.1156694],[120.2368375,23.115369]]}},{"type":"Feature","properties":{"name":"安加里農路 17","named":false,"ref":"","cls":"farm","clsName":"農路/產業道路","villages":["安加里"],"length_m":140,"surface":"","segments":1,"osm":[142150939],"bbox":[120.234055,23.116087,120.235384,23.11633],"id":"AD04-017"},"geometry":{"type":"LineString","coordinates":[[120.2340551,23.1160868],[120.2342653,23.1161897],[120.2342972,23.1161978],[120.2347802,23.1162504],[120.2353837,23.1163297]]}},{"type":"Feature","properties":{"name":"安加里農路 18","named":false,"ref":"","cls":"farm","clsName":"農路/產業道路","villages":["安加里"],"length_m":136,"surface":"","segments":1,"osm":[444921387],"bbox":[120.236106,23.115585,120.237418,23.115761],"id":"AD04-018"},"geometry":{"type":"LineString","coordinates":[[120.2361061,23.1155852],[120.2367762,23.1156694],[120.2374181,23.1157612]]}},{"type":"Feature","properties":{"name":"安加里農路 19","named":false,"ref":"","cls":"farm","clsName":"農路/產業道路","villages":["安加里"],"length_m":134,"surface":"","segments":1,"osm":[142150982],"bbox":[120.238287,23.118934,120.239597,23.118958],"id":"AD04-019"},"geometry":{"type":"LineString","coordinates":[[120.2395966,23.118958],[120.2392884,23.1189341],[120.238287,23.1189502]]}},{"type":"Feature","properties":{"name":"安加里農路 20","named":false,"ref":"","cls":"farm","clsName":"農路/產業道路","villages":["安加里"],"length_m":132,"surface":"","segments":1,"osm":[139577355],"bbox":[120.238274,23.118225,120.239568,23.118241],"id":"AD04-020"},"geometry":{"type":"LineString","coordinates":[[120.2395677,23.1182249],[120.2391739,23.118234],[120.2388756,23.1182409],[120.238274,23.118231]]}},{"type":"Feature","properties":{"name":"安加里農路 21","named":false,"ref":"","cls":"farm","clsName":"農路/產業道路","villages":["安加里"],"length_m":101,"surface":"","segments":1,"osm":[139577331],"bbox":[120.243579,23.111809,120.243958,23.112651],"id":"AD04-021"},"geometry":{"type":"LineString","coordinates":[[120.2439584,23.1118095],[120.2438726,23.1119871],[120.2435792,23.1126505]]}},{"type":"Feature","properties":{"name":"安加里農路 22","named":false,"ref":"","cls":"farm","clsName":"農路/產業道路","villages":["安加里"],"length_m":93,"surface":"","segments":1,"osm":[1419597570],"bbox":[120.235095,23.121074,120.235232,23.121766],"id":"AD04-022"},"geometry":{"type":"LineString","coordinates":[[120.2351838,23.1210745],[120.2352319,23.1213923],[120.235095,23.1213943],[120.2351542,23.121634],[120.2351564,23.1216763],[120.2351465,23.1217327],[120.2351138,23.1217659]]}},{"type":"Feature","properties":{"name":"安加里農路 23","named":false,"ref":"","cls":"farm","clsName":"農路/產業道路","villages":["安加里"],"length_m":85,"surface":"","segments":1,"osm":[142150976],"bbox":[120.234305,23.12107,120.23506,23.121273],"id":"AD04-023"},"geometry":{"type":"LineString","coordinates":[[120.2343046,23.1212731],[120.2344146,23.1211474],[120.2344562,23.1211288],[120.2347991,23.1210776],[120.2350595,23.1210695]]}},{"type":"Feature","properties":{"name":"安加里農路 24","named":false,"ref":"","cls":"farm","clsName":"農路/產業道路","villages":["安加里"],"length_m":53,"surface":"","segments":1,"osm":[142150969],"bbox":[120.236812,23.118544,120.23733,23.118579],"id":"AD04-024"},"geometry":{"type":"LineString","coordinates":[[120.2373295,23.1185438],[120.2368118,23.1185786]]}},{"type":"Feature","properties":{"name":"安加里農路 25","named":false,"ref":"","cls":"farm","clsName":"農路/產業道路","villages":["安加里"],"length_m":46,"surface":"","segments":1,"osm":[1419597571],"bbox":[120.235146,23.121675,120.235587,23.121733],"id":"AD04-025"},"geometry":{"type":"LineString","coordinates":[[120.2351465,23.1217327],[120.2352253,23.1217065],[120.2355867,23.1216753]]}},{"type":"Feature","properties":{"name":"安加里農路 26","named":false,"ref":"","cls":"farm","clsName":"農路/產業道路","villages":["安加里"],"length_m":45,"surface":"","segments":1,"osm":[142150994],"bbox":[120.237857,23.11882,120.238285,23.11885],"id":"AD04-026"},"geometry":{"type":"LineString","coordinates":[[120.2378565,23.1188499],[120.2379732,23.1188203],[120.2380389,23.1188401],[120.2382847,23.1188205]]}},{"type":"Feature","properties":{"name":"安加里農路 27","named":false,"ref":"","cls":"farm","clsName":"農路/產業道路","villages":["安加里"],"length_m":28,"surface":"","segments":1,"osm":[444921385],"bbox":[120.237303,23.118732,120.237576,23.118741],"id":"AD04-027"},"geometry":{"type":"LineString","coordinates":[[120.2373029,23.1187322],[120.2375762,23.1187414]]}},{"type":"Feature","properties":{"name":"安加里巷道 01","named":false,"ref":"","cls":"lane","clsName":"巷道","villages":["安加里"],"length_m":670,"surface":"","segments":2,"osm":[142150971,570471233],"bbox":[120.234642,23.116542,120.236372,23.121094],"id":"AD04-028"},"geometry":{"type":"MultiLineString","coordinates":[[[120.2354877,23.1165415],[120.2348432,23.1174152],[120.234685,23.1176323],[120.2346421,23.1177285],[120.2347099,23.1184269],[120.2347167,23.1185249],[120.2347394,23.118837],[120.2347495,23.1189521],[120.2347847,23.1193525],[120.2348002,23.1195295],[120.2348262,23.1198253],[120.2348266,23.1201604],[120.2348425,23.1204249],[120.2348717,23.1205725],[120.2349482,23.1207921],[120.2350595,23.1210695]],[[120.2350595,23.1210695],[120.2351838,23.1210745],[120.235372,23.1210822],[120.2354938,23.1210919],[120.2356671,23.1210944],[120.2358891,23.1210351],[120.2363717,23.1209294]]]}},{"type":"Feature","properties":{"name":"安加里巷道 02","named":false,"ref":"","cls":"lane","clsName":"巷道","villages":["安加里"],"length_m":365,"surface":"","segments":1,"osm":[570471234],"bbox":[120.23471,23.118231,120.238274,23.118427],"id":"AD04-029"},"geometry":{"type":"LineString","coordinates":[[120.2347099,23.1184269],[120.2352639,23.1183859],[120.2359334,23.1183408],[120.236185,23.118331],[120.237315,23.1182804],[120.2373725,23.1182788],[120.2376279,23.1182626],[120.2380524,23.1182325],[120.238274,23.118231]]}},{"type":"Feature","properties":{"name":"安加里巷道 03","named":false,"ref":"","cls":"lane","clsName":"巷道","villages":["安加里"],"length_m":200,"surface":"","segments":1,"osm":[142150963],"bbox":[120.234053,23.116198,120.234843,23.117415],"id":"AD04-030"},"geometry":{"type":"LineString","coordinates":[[120.2342972,23.1161978],[120.2342577,23.116239],[120.2342213,23.116329],[120.2341382,23.1166492],[120.2340815,23.1169649],[120.2340595,23.1171242],[120.2340526,23.1171524],[120.2341282,23.1171436],[120.2342937,23.1171335],[120.2344215,23.1171449],[120.2345611,23.1172374],[120.2348432,23.1174152]]}},{"type":"Feature","properties":{"name":"安加里巷道 04","named":false,"ref":"","cls":"lane","clsName":"巷道","villages":["安加里"],"length_m":173,"surface":"","segments":1,"osm":[142150988],"bbox":[120.233517,23.11947,120.235179,23.119595],"id":"AD04-031"},"geometry":{"type":"LineString","coordinates":[[120.2351785,23.1195947],[120.2348002,23.1195295],[120.234476,23.119491],[120.2341902,23.1195108],[120.2341505,23.1194773],[120.234083,23.11947],[120.2335171,23.1195254]]}},{"type":"Feature","properties":{"name":"安加里巷道 05","named":false,"ref":"","cls":"lane","clsName":"巷道","villages":["安加里"],"length_m":158,"surface":"","segments":1,"osm":[142150992],"bbox":[120.237318,23.116861,120.237373,23.118279],"id":"AD04-032"},"geometry":{"type":"LineString","coordinates":[[120.2373725,23.1182788],[120.2373594,23.1177683],[120.2373177,23.1168613]]}},{"type":"Feature","properties":{"name":"安加里巷道 06","named":false,"ref":"","cls":"lane","clsName":"巷道","villages":["安加里"],"length_m":133,"surface":"","segments":1,"osm":[142150996],"bbox":[120.234827,23.120076,120.236098,23.120213],"id":"AD04-033"},"geometry":{"type":"LineString","coordinates":[[120.2348266,23.1201604],[120.235039,23.1201633],[120.2353743,23.1202102],[120.2354762,23.1202126],[120.2355835,23.1201978],[120.235662,23.1201592],[120.2356988,23.1201411],[120.2358303,23.1200942],[120.2360978,23.1200763]]}},{"type":"Feature","properties":{"name":"安加里巷道 07","named":false,"ref":"","cls":"lane","clsName":"巷道","villages":["安加里"],"length_m":131,"surface":"","segments":1,"osm":[142150951],"bbox":[120.233486,23.118952,120.23475,23.119158],"id":"AD04-034"},"geometry":{"type":"LineString","coordinates":[[120.2334857,23.1191577],[120.2337903,23.1191048],[120.2339726,23.1190595],[120.2343708,23.1189908],[120.2347495,23.1189521]]}},{"type":"Feature","properties":{"name":"安加里巷道 08","named":false,"ref":"","cls":"lane","clsName":"巷道","villages":["安加里"],"length_m":129,"surface":"","segments":1,"osm":[142150972],"bbox":[120.234826,23.119825,120.236074,23.119949],"id":"AD04-035"},"geometry":{"type":"LineString","coordinates":[[120.2348262,23.1198253],[120.2358087,23.1199487],[120.2360742,23.1199301]]}},{"type":"Feature","properties":{"name":"安加里巷道 09","named":false,"ref":"","cls":"lane","clsName":"巷道","villages":["安加里"],"length_m":127,"surface":"","segments":1,"osm":[142374583],"bbox":[120.235145,23.120525,120.236258,23.12072],"id":"AD04-036"},"geometry":{"type":"LineString","coordinates":[[120.2351448,23.1205249],[120.2354923,23.1205705],[120.2356625,23.1205582],[120.2357188,23.1207037],[120.235751,23.1207197],[120.2359626,23.1206955],[120.2362577,23.1206494]]}},{"type":"Feature","properties":{"name":"安加里巷道 10","named":false,"ref":"","cls":"lane","clsName":"巷道","villages":["安加里"],"length_m":127,"surface":"","segments":1,"osm":[142150978],"bbox":[120.234739,23.118837,120.23597,23.118908],"id":"AD04-037"},"geometry":{"type":"LineString","coordinates":[[120.2359704,23.1189077],[120.2354295,23.1188841],[120.2353716,23.1188756],[120.2352799,23.1188489],[120.2347394,23.118837]]}},{"type":"Feature","properties":{"name":"安加里巷道 11","named":false,"ref":"","cls":"lane","clsName":"巷道","villages":["安加里"],"length_m":125,"surface":"","segments":1,"osm":[142150987],"bbox":[120.234785,23.119343,120.236004,23.119418],"id":"AD04-038"},"geometry":{"type":"LineString","coordinates":[[120.2347847,23.1193525],[120.2351747,23.119343],[120.2356011,23.119375],[120.2360044,23.1194184]]}},{"type":"Feature","properties":{"name":"安加里巷道 12","named":false,"ref":"","cls":"lane","clsName":"巷道","villages":["安加里"],"length_m":120,"surface":"","segments":1,"osm":[142150986],"bbox":[120.234561,23.11625,120.23478,23.117237],"id":"AD04-039"},"geometry":{"type":"LineString","coordinates":[[120.2347802,23.1162504],[120.234607,23.1167013],[120.2346074,23.1167485],[120.2347194,23.1169093],[120.2345611,23.1172374]]}},{"type":"Feature","properties":{"name":"安加里巷道 13","named":false,"ref":"","cls":"lane","clsName":"巷道","villages":["安加里"],"length_m":115,"surface":"","segments":1,"osm":[142150947],"bbox":[120.236251,23.119274,120.237317,23.119348],"id":"AD04-040"},"geometry":{"type":"LineString","coordinates":[[120.2373174,23.1192745],[120.2373145,23.119333],[120.2369286,23.1193237],[120.2362506,23.1193479]]}},{"type":"Feature","properties":{"name":"安加里巷道 14","named":false,"ref":"","cls":"lane","clsName":"巷道","villages":["安加里"],"length_m":110,"surface":"","segments":1,"osm":[142150974],"bbox":[120.235372,23.120159,120.235662,23.121082],"id":"AD04-041"},"geometry":{"type":"LineString","coordinates":[[120.235662,23.1201592],[120.2356309,23.1202724],[120.2355887,23.1204776],[120.2355699,23.1205072],[120.2354923,23.1205705],[120.2354493,23.1206495],[120.2353827,23.1207858],[120.235372,23.1210822]]}},{"type":"Feature","properties":{"name":"安加里巷道 15","named":false,"ref":"","cls":"lane","clsName":"巷道","villages":["安加里"],"length_m":109,"surface":"","segments":1,"osm":[142150953],"bbox":[120.235337,23.118876,120.235993,23.119301],"id":"AD04-042"},"geometry":{"type":"LineString","coordinates":[[120.2353716,23.1188756],[120.2353368,23.1192456],[120.2354348,23.119264],[120.2358506,23.119301],[120.2359929,23.1192945]]}},{"type":"Feature","properties":{"name":"安加里巷道 16","named":false,"ref":"","cls":"lane","clsName":"巷道","villages":["安加里"],"length_m":93,"surface":"","segments":1,"osm":[142374603],"bbox":[120.236225,23.119001,120.237134,23.119023],"id":"AD04-043"},"geometry":{"type":"LineString","coordinates":[[120.2371336,23.1190106],[120.2368117,23.1190229],[120.2365918,23.1190007],[120.236225,23.1190142]]}},{"type":"Feature","properties":{"name":"安加里巷道 17","named":false,"ref":"","cls":"lane","clsName":"巷道","villages":["安加里"],"length_m":88,"surface":"","segments":1,"osm":[570471241],"bbox":[120.235981,23.121268,120.236474,23.121659],"id":"AD04-044"},"geometry":{"type":"LineString","coordinates":[[120.2364736,23.1212685],[120.2361143,23.1213696],[120.2361038,23.1213785],[120.2360735,23.1214301],[120.2360828,23.1214816],[120.2361353,23.1215671],[120.2361578,23.1216185],[120.2359812,23.1216595]]}},{"type":"Feature","properties":{"name":"安加里巷道 18","named":false,"ref":"","cls":"lane","clsName":"巷道","villages":["安加里"],"length_m":88,"surface":"","segments":1,"osm":[142374593],"bbox":[120.23756,23.117482,120.237628,23.118263],"id":"AD04-045"},"geometry":{"type":"LineString","coordinates":[[120.2375649,23.117482],[120.2375595,23.1179556],[120.2376279,23.1182626]]}},{"type":"Feature","properties":{"name":"安加里巷道 19","named":false,"ref":"","cls":"lane","clsName":"巷道","villages":["安加里"],"length_m":87,"surface":"","segments":1,"osm":[142150965],"bbox":[120.239174,23.117468,120.239309,23.118234],"id":"AD04-046"},"geometry":{"type":"LineString","coordinates":[[120.2391739,23.118234],[120.2392575,23.1180151],[120.2393093,23.1174675]]}},{"type":"Feature","properties":{"name":"安加里巷道 20","named":false,"ref":"","cls":"lane","clsName":"巷道","villages":["安加里"],"length_m":85,"surface":"","segments":1,"osm":[142150970],"bbox":[120.236047,23.122056,120.236839,23.122266],"id":"AD04-047"},"geometry":{"type":"LineString","coordinates":[[120.2360474,23.1222656],[120.2362578,23.1222163],[120.2363472,23.1222188],[120.2368387,23.122056]]}},{"type":"Feature","properties":{"name":"安加里巷道 21","named":false,"ref":"","cls":"lane","clsName":"巷道","villages":["安加里"],"length_m":79,"surface":"","segments":1,"osm":[142150952],"bbox":[120.235263,23.119645,120.236034,23.11969],"id":"AD04-048"},"geometry":{"type":"LineString","coordinates":[[120.2360336,23.1196901],[120.2356703,23.1196859],[120.2352629,23.1196452]]}},{"type":"Feature","properties":{"name":"安加里巷道 22","named":false,"ref":"","cls":"lane","clsName":"巷道","villages":["安加里"],"length_m":73,"surface":"","segments":1,"osm":[142374582],"bbox":[120.236092,23.117468,120.236796,23.11751],"id":"AD04-049"},"geometry":{"type":"LineString","coordinates":[[120.2367959,23.1175071],[120.2365867,23.1174676],[120.2360922,23.1175097]]}},{"type":"Feature","properties":{"name":"安加里巷道 23","named":false,"ref":"","cls":"lane","clsName":"巷道","villages":["安加里"],"length_m":69,"surface":"","segments":1,"osm":[142150941],"bbox":[120.235219,23.117606,120.235889,23.117631],"id":"AD04-050"},"geometry":{"type":"LineString","coordinates":[[120.2352187,23.1176063],[120.2355191,23.117631],[120.2358887,23.1176204]]}},{"type":"Feature","properties":{"name":"安加里巷道 24","named":false,"ref":"","cls":"lane","clsName":"巷道","villages":["安加里"],"length_m":66,"surface":"","segments":1,"osm":[142374602],"bbox":[120.237238,23.11828,120.237336,23.118852],"id":"AD04-051"},"geometry":{"type":"LineString","coordinates":[[120.2372383,23.1188524],[120.2373029,23.1187322],[120.2373364,23.1186698],[120.2373295,23.1185438],[120.237315,23.1182804]]}},{"type":"Feature","properties":{"name":"安加里巷道 25","named":false,"ref":"","cls":"lane","clsName":"巷道","villages":["安加里"],"length_m":66,"surface":"","segments":1,"osm":[142150966],"bbox":[120.235262,23.117824,120.235903,23.117847],"id":"AD04-052"},"geometry":{"type":"LineString","coordinates":[[120.235262,23.1178238],[120.2359034,23.1178469]]}},{"type":"Feature","properties":{"name":"安加里巷道 26","named":false,"ref":"","cls":"lane","clsName":"巷道","villages":["安加里"],"length_m":65,"surface":"","segments":1,"osm":[142150997],"bbox":[120.235265,23.116895,120.235675,23.117338],"id":"AD04-053"},"geometry":{"type":"LineString","coordinates":[[120.2352646,23.1173377],[120.2354417,23.1171626],[120.2356753,23.1168952]]}},{"type":"Feature","properties":{"name":"安加里巷道 27","named":false,"ref":"","cls":"lane","clsName":"巷道","villages":["安加里"],"length_m":63,"surface":"","segments":1,"osm":[142150979],"bbox":[120.236324,23.122284,120.236898,23.122477],"id":"AD04-054"},"geometry":{"type":"LineString","coordinates":[[120.236324,23.1224768],[120.2368981,23.1222839]]}},{"type":"Feature","properties":{"name":"安加里巷道 28","named":false,"ref":"","cls":"lane","clsName":"巷道","villages":["安加里"],"length_m":60,"surface":"","segments":1,"osm":[142150990],"bbox":[120.238876,23.118241,120.238877,23.118777],"id":"AD04-055"},"geometry":{"type":"LineString","coordinates":[[120.2388773,23.1187766],[120.2388756,23.1182409]]}},{"type":"Feature","properties":{"name":"安加里巷道 29","named":false,"ref":"","cls":"lane","clsName":"巷道","villages":["安加里"],"length_m":59,"surface":"","segments":1,"osm":[147123474],"bbox":[120.235359,23.116248,120.235738,23.116457],"id":"AD04-056"},"geometry":{"type":"LineString","coordinates":[[120.2357384,23.1164571],[120.2357367,23.1162908],[120.2357127,23.1162606],[120.2353588,23.1162481]]}},{"type":"Feature","properties":{"name":"安加里巷道 30","named":false,"ref":"","cls":"lane","clsName":"巷道","villages":["安加里"],"length_m":52,"surface":"","segments":1,"osm":[147123473],"bbox":[120.235456,23.116457,120.235959,23.116477],"id":"AD04-057"},"geometry":{"type":"LineString","coordinates":[[120.2354559,23.1164774],[120.2357384,23.1164571],[120.235959,23.1164601]]}},{"type":"Feature","properties":{"name":"安定里農路 01","named":false,"ref":"","cls":"farm","clsName":"農路/產業道路","villages":["安定里"],"length_m":2358,"surface":"瀝青","segments":3,"osm":[142235806,638236611,638236612],"bbox":[120.235342,23.114029,120.247294,23.123108],"id":"AD05-001"},"geometry":{"type":"MultiLineString","coordinates":[[[120.2354181,23.1140287],[120.2353934,23.114641],[120.2353669,23.1152577],[120.235364,23.1154533],[120.2353432,23.1159986],[120.2353424,23.1160973],[120.2353492,23.1161898],[120.2353588,23.1162481],[120.2353669,23.1162866],[120.2353837,23.1163297],[120.2354559,23.1164774],[120.2354877,23.1165415],[120.2356753,23.1168952],[120.2357658,23.1170837],[120.2357813,23.1171221],[120.2358283,23.1172968],[120.2358887,23.1176204],[120.2359034,23.1178469],[120.2359334,23.1183408],[120.2359704,23.1189077],[120.2359929,23.1192945],[120.2360044,23.1194184],[120.2360336,23.1196901],[120.2360742,23.1199301],[120.2360978,23.1200763],[120.2361213,23.1201876],[120.2362577,23.1206494],[120.2363717,23.1209294],[120.2364531,23.121187],[120.2364736,23.1212685],[120.2365821,23.1215817],[120.2365937,23.1216122],[120.2366085,23.1216402],[120.2366283,23.1216644],[120.2366566,23.1216832],[120.2366979,23.1217005],[120.2367377,23.1217111],[120.2367832,23.1217185],[120.2368314,23.121724],[120.2368899,23.1217262],[120.2370394,23.1217335],[120.2376499,23.1217605],[120.2378041,23.1217694],[120.2381998,23.1217873],[120.2382848,23.1217912],[120.2383841,23.1217963],[120.2384974,23.1218022],[120.2392338,23.1218497],[120.2402883,23.1219103],[120.240331,23.1219128],[120.2403625,23.1219141],[120.2404488,23.1219174],[120.2413467,23.1219522],[120.2422545,23.1219976],[120.242739,23.1220172],[120.2436189,23.1220528],[120.2438381,23.1220587]],[[120.2438381,23.1220587],[120.2440822,23.1220288],[120.244365,23.1220415],[120.2447057,23.1220672],[120.245102,23.122131],[120.2454076,23.1222253],[120.2456024,23.1222955],[120.2459547,23.1224426],[120.2468516,23.1228142],[120.2472943,23.1230167]],[[120.2472736,23.1231078],[120.2457706,23.122468],[120.2453987,23.122315],[120.2450833,23.1222097],[120.2447247,23.1221562],[120.2443891,23.1221299],[120.244063,23.1221099],[120.2438381,23.1220587]]]}},{"type":"Feature","properties":{"name":"直加弄大道131巷","named":true,"ref":"","cls":"farm","clsName":"農路/產業道路","villages":["安定里","港尾里"],"length_m":1040,"surface":"","segments":2,"osm":[182493735,1487098073],"bbox":[120.247726,23.105917,120.257208,23.109392],"id":"AD05-002"},"geometry":{"type":"MultiLineString","coordinates":[[[120.2477264,23.1059167],[120.2512862,23.1072132]],[[120.2513085,23.1073993],[120.2548774,23.108751],[120.2565405,23.1093873],[120.2566907,23.1093923],[120.2569589,23.1093183],[120.2572076,23.1093281]]]}},{"type":"Feature","properties":{"name":"直加弄大道215巷","named":true,"ref":"","cls":"farm","clsName":"農路/產業道路","villages":["安定里","港尾里"],"length_m":1015,"surface":"","segments":2,"osm":[414258922,971026999],"bbox":[120.24711,23.107762,120.256432,23.111127],"id":"AD05-003"},"geometry":{"type":"MultiLineString","coordinates":[[[120.2564318,23.1111273],[120.2563527,23.1110984],[120.2506248,23.1090054]],[[120.2505457,23.1089768],[120.2483706,23.1081893],[120.2472006,23.1077928],[120.2471103,23.1077622]]]}},{"type":"Feature","properties":{"name":"直加弄大道295巷","named":true,"ref":"","cls":"farm","clsName":"農路/產業道路","villages":["安定里","港尾里"],"length_m":967,"surface":"","segments":2,"osm":[141838645,971026997],"bbox":[120.246688,23.109639,120.255567,23.112841],"id":"AD05-004"},"geometry":{"type":"MultiLineString","coordinates":[[[120.2555666,23.1128408],[120.2554962,23.1128154],[120.2530657,23.1119401],[120.2498767,23.1107876]],[[120.2497974,23.110759],[120.2466878,23.1096391]]]}},{"type":"Feature","properties":{"name":"安定東路551巷","named":true,"ref":"","cls":"farm","clsName":"農路/產業道路","villages":["安定里"],"length_m":939,"surface":"","segments":1,"osm":[141838629],"bbox":[120.248768,23.113259,120.252966,23.120589],"id":"AD05-005"},"geometry":{"type":"LineString","coordinates":[[120.2487676,23.1205885],[120.2491141,23.119931],[120.2495612,23.1190826],[120.2504368,23.1173652],[120.2508858,23.1165111],[120.251336,23.115644],[120.2517147,23.1149014],[120.2517573,23.1148039],[120.2519272,23.1144144],[120.2519826,23.1142735],[120.2520707,23.1141037],[120.2522516,23.1137082],[120.2523976,23.1137025],[120.2524807,23.1136926],[120.2525589,23.1136718],[120.2526826,23.1135992],[120.2527932,23.1134533],[120.2529659,23.1132587]]}},{"type":"Feature","properties":{"name":"安定里農路 02","named":false,"ref":"","cls":"farm","clsName":"農路/產業道路","villages":["安定里"],"length_m":922,"surface":"","segments":1,"osm":[141838665],"bbox":[120.240691,23.118479,120.245271,23.125055],"id":"AD05-006"},"geometry":{"type":"LineString","coordinates":[[120.2406915,23.1250551],[120.2411176,23.124365],[120.2417247,23.1230313],[120.2419168,23.1226365],[120.2421834,23.1220745],[120.2422545,23.1219976],[120.2426874,23.1211646],[120.2428857,23.120783],[120.2433291,23.1199684],[120.2435115,23.1196477],[120.2437663,23.1192037],[120.2438387,23.1190779],[120.2439138,23.118957],[120.2439969,23.1187695],[120.2441364,23.1186042],[120.2443035,23.1185064],[120.2444186,23.1184786],[120.2445473,23.1184835],[120.244896,23.1185797],[120.2450031,23.1185712],[120.2452714,23.1185814]]}},{"type":"Feature","properties":{"name":"直加弄大道485巷","named":true,"ref":"","cls":"farm","clsName":"農路/產業道路","villages":["安定里"],"length_m":900,"surface":"","segments":1,"osm":[141965814],"bbox":[120.245543,23.113544,120.253664,23.11666],"id":"AD05-007"},"geometry":{"type":"LineString","coordinates":[[120.2536642,23.1166596],[120.253581,23.1166233],[120.251336,23.115644],[120.2466394,23.1139594],[120.2455431,23.1135439]]}},{"type":"Feature","properties":{"name":"直加弄大道585巷","named":true,"ref":"","cls":"farm","clsName":"農路/產業道路","villages":["安定里"],"length_m":868,"surface":"","segments":1,"osm":[141965809],"bbox":[120.244961,23.11542,120.252803,23.118394],"id":"AD05-008"},"geometry":{"type":"LineString","coordinates":[[120.2528029,23.1183939],[120.2527132,23.118357],[120.2525937,23.1183078],[120.251935,23.1180137],[120.2516384,23.1178901],[120.2513437,23.1177518],[120.2508734,23.1175286],[120.2506364,23.1174342],[120.2504368,23.1173652],[120.2499357,23.1171994],[120.2482512,23.1165753],[120.2461043,23.1158022],[120.244961,23.1154203]]}},{"type":"Feature","properties":{"name":"直加弄大道685巷","named":true,"ref":"","cls":"farm","clsName":"農路/產業道路","villages":["安定里"],"length_m":824,"surface":"","segments":1,"osm":[141965811],"bbox":[120.244541,23.117222,120.251925,23.120167],"id":"AD05-009"},"geometry":{"type":"LineString","coordinates":[[120.2519247,23.1201672],[120.2518332,23.1201226],[120.2507537,23.1195962],[120.2501556,23.1193224],[120.2495612,23.1190826],[120.2473272,23.1182774],[120.2455625,23.1176326],[120.2445413,23.117222]]}},{"type":"Feature","properties":{"name":"安定里農路 03","named":false,"ref":"","cls":"farm","clsName":"農路/產業道路","villages":["安定里"],"length_m":712,"surface":"","segments":1,"osm":[413704631],"bbox":[120.244518,23.112389,120.245835,23.118444],"id":"AD05-010"},"geometry":{"type":"LineString","coordinates":[[120.2451755,23.1184442],[120.2450984,23.1182739],[120.2450013,23.1181462],[120.2447283,23.1178891],[120.2446022,23.1177214],[120.2445191,23.1174747],[120.2445182,23.1173727],[120.2445413,23.117222],[120.2445486,23.1171392],[120.2447197,23.1164687],[120.2447926,23.1161155],[120.244961,23.1154203],[120.2450126,23.1151608],[120.2452379,23.1145835],[120.2453768,23.1141869],[120.2454498,23.1139101],[120.2455356,23.1136091],[120.2455431,23.1135439],[120.2457797,23.112763],[120.2458339,23.1124827],[120.2458346,23.1123892]]}},{"type":"Feature","properties":{"name":"安定東路551巷460弄","named":true,"ref":"","cls":"farm","clsName":"農路/產業道路","villages":["安定里","港尾里"],"length_m":668,"surface":"","segments":2,"osm":[142111982,971026995],"bbox":[120.246106,23.111483,120.252252,23.113708],"id":"AD05-011"},"geometry":{"type":"MultiLineString","coordinates":[[[120.249109,23.1125678],[120.250916,23.113204],[120.2522516,23.1137082]],[[120.2461059,23.1114834],[120.2472427,23.1118749],[120.2482526,23.1122413],[120.2490403,23.1125413]]]}},{"type":"Feature","properties":{"name":"安定里農路 04","named":false,"ref":"","cls":"farm","clsName":"農路/產業道路","villages":["安定里"],"length_m":596,"surface":"","segments":1,"osm":[141838614],"bbox":[120.241118,23.124352,120.246246,23.124803],"id":"AD05-012"},"geometry":{"type":"LineString","coordinates":[[120.2462465,23.124352],[120.2462456,23.1243828],[120.2462354,23.1247322],[120.2450176,23.1246582],[120.2446538,23.1246526],[120.2445332,23.1247485],[120.2444862,23.1247879],[120.2444351,23.1247954],[120.2442818,23.124803],[120.2438382,23.1247898],[120.2436502,23.1247785],[120.2435582,23.1246169],[120.2435255,23.124536],[120.2435336,23.1244834],[120.2425955,23.1244289],[120.2416654,23.1243838],[120.2411176,23.124365]]}},{"type":"Feature","properties":{"name":"安定里農路 05","named":false,"ref":"","cls":"farm","clsName":"農路/產業道路","villages":["安定里"],"length_m":460,"surface":"","segments":1,"osm":[141965848],"bbox":[120.242886,23.120783,120.247077,23.122288],"id":"AD05-013"},"geometry":{"type":"LineString","coordinates":[[120.2428857,23.120783],[120.2431927,23.1208937],[120.2433354,23.1209484],[120.2434819,23.1209987],[120.2439766,23.1211737],[120.2446149,23.1214224],[120.2470766,23.1222876]]}},{"type":"Feature","properties":{"name":"直加弄大道270巷","named":true,"ref":"","cls":"farm","clsName":"農路/產業道路","villages":["安定里"],"length_m":451,"surface":"","segments":1,"osm":[1299456412],"bbox":[120.255839,23.111255,120.257433,23.114567],"id":"AD05-014"},"geometry":{"type":"LineString","coordinates":[[120.25677,23.1112546],[120.2574025,23.1114735],[120.2574328,23.1115131],[120.2571747,23.1120126],[120.2565763,23.1131477],[120.2565482,23.1132018],[120.2562627,23.1137472],[120.2558392,23.1145668]]}},{"type":"Feature","properties":{"name":"安定里農路 06","named":false,"ref":"","cls":"farm","clsName":"農路/產業道路","villages":["安定里"],"length_m":432,"surface":"","segments":2,"osm":[139577342,139577364],"bbox":[120.238283,23.119988,120.240448,23.121914],"id":"AD05-015"},"geometry":{"type":"MultiLineString","coordinates":[[[120.2403625,23.1219141],[120.2403667,23.1218093],[120.2404038,23.1212322],[120.240401,23.1209524],[120.2403966,23.120733],[120.2404158,23.1204124],[120.2404481,23.1200669]],[[120.2404481,23.1200669],[120.240155,23.119996],[120.239867,23.1199881],[120.2396386,23.1200226],[120.2390511,23.1201832],[120.2386883,23.1202707],[120.2385136,23.12029],[120.2382828,23.1202981]]]}},{"type":"Feature","properties":{"name":"直加弄大道496巷","named":true,"ref":"","cls":"farm","clsName":"農路/產業道路","villages":["安定里"],"length_m":359,"surface":"","segments":1,"osm":[141965819],"bbox":[120.254712,23.11513,120.257882,23.116522],"id":"AD05-016"},"geometry":{"type":"LineString","coordinates":[[120.2578818,23.1165216],[120.2560223,23.1157193],[120.2553948,23.1154387],[120.2547967,23.1151682],[120.2547125,23.1151301]]}},{"type":"Feature","properties":{"name":"安定里農路 07","named":false,"ref":"","cls":"farm","clsName":"農路/產業道路","villages":["安定里"],"length_m":347,"surface":"","segments":1,"osm":[142150944],"bbox":[120.237014,23.122757,120.240298,23.123112],"id":"AD05-017"},"geometry":{"type":"LineString","coordinates":[[120.237014,23.1227565],[120.2374291,23.1227738],[120.2377959,23.1227884],[120.2385629,23.1228309],[120.2389806,23.1228561],[120.2391094,23.1228591],[120.2391615,23.1229429],[120.2393761,23.123082],[120.2397257,23.1231121],[120.2402976,23.1231089]]}},{"type":"Feature","properties":{"name":"安定里農路 08","named":false,"ref":"","cls":"farm","clsName":"農路/產業道路","villages":["安定里"],"length_m":326,"surface":"","segments":1,"osm":[141965831],"bbox":[120.243839,23.119078,120.246811,23.120136],"id":"AD05-018"},"geometry":{"type":"LineString","coordinates":[[120.2468106,23.1201361],[120.2455043,23.1197094],[120.244874,23.1194676],[120.2444046,23.1192999],[120.2438387,23.1190779]]}},{"type":"Feature","properties":{"name":"直加弄大道270巷66弄","named":true,"ref":"","cls":"farm","clsName":"農路/產業道路","villages":["安定里"],"length_m":308,"surface":"","segments":1,"osm":[143649868],"bbox":[120.257175,23.112013,120.259823,23.113337],"id":"AD05-019"},"geometry":{"type":"LineString","coordinates":[[120.2598228,23.1133373],[120.2594885,23.1131746],[120.2571747,23.1120126]]}},{"type":"Feature","properties":{"name":"安定里農路 09","named":false,"ref":"","cls":"farm","clsName":"農路/產業道路","villages":["安定里"],"length_m":302,"surface":"","segments":1,"osm":[142150967],"bbox":[120.239849,23.121913,120.240331,23.124292],"id":"AD05-020"},"geometry":{"type":"LineString","coordinates":[[120.2398493,23.1242755],[120.2401747,23.1242916],[120.2402246,23.1242722],[120.2402323,23.1242069],[120.2402745,23.123898],[120.2402918,23.1233843],[120.2402976,23.1231089],[120.2403168,23.1226463],[120.240331,23.1219128]]}},{"type":"Feature","properties":{"name":"直加弄大道131巷338弄","named":true,"ref":"","cls":"farm","clsName":"農路/產業道路","villages":["安定里"],"length_m":295,"surface":"","segments":1,"osm":[142111981],"bbox":[120.250625,23.106534,120.25167,23.109005],"id":"AD05-021"},"geometry":{"type":"LineString","coordinates":[[120.2516696,23.1065339],[120.2513741,23.1072452],[120.2513085,23.1073993],[120.2506248,23.1090054]]}},{"type":"Feature","properties":{"name":"安定里農路 10","named":false,"ref":"","cls":"farm","clsName":"農路/產業道路","villages":["安定里"],"length_m":282,"surface":"","segments":1,"osm":[141965854],"bbox":[120.243425,23.122053,120.243695,23.124483],"id":"AD05-022"},"geometry":{"type":"LineString","coordinates":[[120.2436189,23.1220528],[120.2436726,23.1223874],[120.2436951,23.1225171],[120.2436706,23.1226374],[120.2436542,23.1227202],[120.2436461,23.1228687],[120.2434764,23.1229739],[120.243456,23.1231337],[120.2434458,23.1231957],[120.2434376,23.1232879],[120.2434253,23.1233781],[120.2434355,23.1236582],[120.243458,23.1238856],[120.2435091,23.1241168],[120.2435336,23.1244834]]}},{"type":"Feature","properties":{"name":"安定里農路 11","named":false,"ref":"","cls":"farm","clsName":"農路/產業道路","villages":["安定里"],"length_m":273,"surface":"","segments":1,"osm":[141838589],"bbox":[120.245018,23.12221,120.245144,23.124658],"id":"AD05-023"},"geometry":{"type":"LineString","coordinates":[[120.2450833,23.1222097],[120.2451198,23.1226243],[120.2451443,23.1230416],[120.2451341,23.1236055],[120.2450891,23.1239759],[120.2450176,23.1246582]]}},{"type":"Feature","properties":{"name":"直加弄大道355巷","named":true,"ref":"","cls":"farm","clsName":"農路/產業道路","villages":["安定里"],"length_m":219,"surface":"","segments":1,"osm":[141965853],"bbox":[120.253472,23.112755,120.254913,23.114158],"id":"AD05-024"},"geometry":{"type":"LineString","coordinates":[[120.2549125,23.1141578],[120.2548361,23.1141306],[120.2547835,23.1141119],[120.2547455,23.1140874],[120.2542873,23.1137912],[120.2542691,23.1137594],[120.2542122,23.1136604],[120.2539896,23.1133817],[120.2536972,23.113061],[120.2536598,23.1130155],[120.2534719,23.1127551]]}},{"type":"Feature","properties":{"name":"安定里農路 12","named":false,"ref":"","cls":"farm","clsName":"農路/產業道路","villages":["安定里"],"length_m":200,"surface":"","segments":1,"osm":[444921388],"bbox":[120.239568,23.118225,120.239639,23.120023],"id":"AD05-025"},"geometry":{"type":"LineString","coordinates":[[120.2396386,23.1200226],[120.2396164,23.119503],[120.2395966,23.118958],[120.2395677,23.1182249]]}},{"type":"Feature","properties":{"name":"安定東路551巷510弄","named":true,"ref":"","cls":"farm","clsName":"農路/產業道路","villages":["安定里"],"length_m":165,"surface":"","segments":1,"osm":[1487098076],"bbox":[120.252914,23.11194,120.253222,23.113259],"id":"AD05-026"},"geometry":{"type":"LineString","coordinates":[[120.2529659,23.1132587],[120.2532223,23.1129082],[120.2531928,23.1128366],[120.2531446,23.1126738],[120.2530388,23.112418],[120.2529139,23.1122199],[120.2530657,23.1119401]]}},{"type":"Feature","properties":{"name":"安定東路551巷333弄","named":true,"ref":"","cls":"farm","clsName":"農路/產業道路","villages":["安定里"],"length_m":162,"surface":"","segments":1,"osm":[141965821],"bbox":[120.251927,23.114414,120.253222,23.114859],"id":"AD05-027"},"geometry":{"type":"LineString","coordinates":[[120.2532224,23.1147138],[120.2531366,23.1147237],[120.2529489,23.1146423],[120.2528228,23.1148594],[120.2527477,23.1148534],[120.2525734,23.1147582],[120.2524795,23.1146941],[120.2519272,23.1144144]]}},{"type":"Feature","properties":{"name":"安定里農路 13","named":false,"ref":"","cls":"farm","clsName":"農路/產業道路","villages":["安定里"],"length_m":162,"surface":"","segments":1,"osm":[141965844],"bbox":[120.243646,23.122869,120.245144,23.123129],"id":"AD05-028"},"geometry":{"type":"LineString","coordinates":[[120.2451443,23.1230416],[120.245026,23.1230776],[120.2448624,23.1231294],[120.2445566,23.1231245],[120.2442804,23.1230825],[120.2438566,23.1230258],[120.2437225,23.122932],[120.2436461,23.1228687]]}},{"type":"Feature","properties":{"name":"安定里農路 14","named":false,"ref":"","cls":"farm","clsName":"農路/產業道路","villages":["安定里"],"length_m":152,"surface":"","segments":1,"osm":[141965836],"bbox":[120.252683,23.113259,120.253365,23.11388],"id":"AD05-029"},"geometry":{"type":"LineString","coordinates":[[120.2526826,23.1135992],[120.2527987,23.1136752],[120.2531554,23.11388],[120.2533646,23.1136432],[120.2532722,23.1134699],[120.2531366,23.1133866],[120.2529659,23.1132587]]}},{"type":"Feature","properties":{"name":"安定里農路 15","named":false,"ref":"","cls":"farm","clsName":"農路/產業道路","villages":["安定里"],"length_m":151,"surface":"","segments":1,"osm":[139577353],"bbox":[120.240496,23.119964,120.241877,23.120432],"id":"AD05-030"},"geometry":{"type":"LineString","coordinates":[[120.2404958,23.1199637],[120.2418771,23.1204324]]}},{"type":"Feature","properties":{"name":"安定里農路 16","named":false,"ref":"","cls":"farm","clsName":"農路/產業道路","villages":["安定里"],"length_m":118,"surface":"","segments":1,"osm":[570471235],"bbox":[120.238285,23.121791,120.238718,23.122488],"id":"AD05-031"},"geometry":{"type":"LineString","coordinates":[[120.2382848,23.1217912],[120.2383141,23.1218915],[120.2382928,23.122456],[120.238718,23.122488]]}},{"type":"Feature","properties":{"name":"直加弄大道446巷","named":true,"ref":"","cls":"farm","clsName":"農路/產業道路","villages":["安定里"],"length_m":105,"surface":"","segments":1,"osm":[1299456411],"bbox":[120.254913,23.114158,120.255839,23.114567],"id":"AD05-032"},"geometry":{"type":"LineString","coordinates":[[120.2558392,23.1145668],[120.255394,23.1143739],[120.2552295,23.1142965],[120.2551455,23.1142569],[120.2549125,23.1141578]]}},{"type":"Feature","properties":{"name":"安定里農路 17","named":false,"ref":"","cls":"farm","clsName":"農路/產業道路","villages":["安定里"],"length_m":97,"surface":"","segments":1,"osm":[888211947],"bbox":[120.237811,23.119177,120.238699,23.119298],"id":"AD05-033"},"geometry":{"type":"LineString","coordinates":[[120.2378109,23.1192976],[120.2378364,23.1192249],[120.2380657,23.1191768],[120.2382959,23.1191844],[120.2386987,23.1191792]]}},{"type":"Feature","properties":{"name":"直加弄大道270巷168弄","named":true,"ref":"","cls":"farm","clsName":"農路/產業道路","villages":["安定里"],"length_m":85,"surface":"","segments":1,"osm":[814428898],"bbox":[120.256263,23.113747,120.257013,23.11407],"id":"AD05-034"},"geometry":{"type":"LineString","coordinates":[[120.2570128,23.1140703],[120.2562627,23.1137472]]}},{"type":"Feature","properties":{"name":"直加弄大道370巷","named":true,"ref":"","cls":"farm","clsName":"農路/產業道路","villages":["安定里"],"length_m":81,"surface":"","segments":1,"osm":[529195872],"bbox":[120.255806,23.112945,120.256548,23.113202],"id":"AD05-035"},"geometry":{"type":"LineString","coordinates":[[120.2565482,23.1132018],[120.2558944,23.1129835],[120.2558058,23.1129454]]}},{"type":"Feature","properties":{"name":"安定東路551巷315弄","named":true,"ref":"","cls":"farm","clsName":"農路/產業道路","villages":["安定里"],"length_m":78,"surface":"","segments":1,"osm":[1487098077],"bbox":[120.251757,23.114804,120.252399,23.115177],"id":"AD05-036"},"geometry":{"type":"LineString","coordinates":[[120.2523986,23.115177],[120.2517573,23.1148039]]}},{"type":"Feature","properties":{"name":"安定里農路 18","named":false,"ref":"","cls":"farm","clsName":"農路/產業道路","villages":["安定里"],"length_m":70,"surface":"","segments":1,"osm":[1299456410],"bbox":[120.253222,23.114302,120.253652,23.114714],"id":"AD05-037"},"geometry":{"type":"LineString","coordinates":[[120.2536516,23.1143018],[120.2536221,23.1143018],[120.2535551,23.1143068],[120.2534585,23.1143241],[120.2534021,23.1143881],[120.2533405,23.1145041],[120.2532224,23.1147138]]}},{"type":"Feature","properties":{"name":"安定里農路 19","named":false,"ref":"","cls":"farm","clsName":"農路/產業道路","villages":["安定里"],"length_m":64,"surface":"","segments":1,"osm":[141965830],"bbox":[120.253272,23.113015,120.25366,23.11347],"id":"AD05-038"},"geometry":{"type":"LineString","coordinates":[[120.2536598,23.1130155],[120.2536195,23.1130585],[120.2532722,23.1134699]]}},{"type":"Feature","properties":{"name":"安定里農路 20","named":false,"ref":"","cls":"farm","clsName":"農路/產業道路","villages":["安定里"],"length_m":47,"surface":"","segments":1,"osm":[529195873],"bbox":[120.256608,23.110567,120.257035,23.110732],"id":"AD05-039"},"geometry":{"type":"LineString","coordinates":[[120.2566076,23.1105668],[120.2566961,23.1106027],[120.2569403,23.1106918],[120.2570346,23.1107321]]}},{"type":"Feature","properties":{"name":"安定里農路 21","named":false,"ref":"","cls":"farm","clsName":"農路/產業道路","villages":["安定里"],"length_m":45,"surface":"","segments":1,"osm":[529195871],"bbox":[120.253944,23.115906,120.254342,23.116074],"id":"AD05-040"},"geometry":{"type":"LineString","coordinates":[[120.254342,23.1160739],[120.2542533,23.1160375],[120.2540229,23.1159386],[120.2539435,23.1159057]]}},{"type":"Feature","properties":{"name":"安定里巷道 01","named":false,"ref":"","cls":"lane","clsName":"巷道","villages":["安定里"],"length_m":396,"surface":"","segments":1,"osm":[139577365],"bbox":[120.238255,23.118231,120.238311,23.121791],"id":"AD05-041"},"geometry":{"type":"LineString","coordinates":[[120.2382848,23.1217912],[120.2382635,23.1216945],[120.238259,23.1212882],[120.2382552,23.1208954],[120.2382563,23.1208716],[120.2382592,23.1208304],[120.2382828,23.1202981],[120.2382914,23.1200445],[120.2383065,23.1196337],[120.2383106,23.1195682],[120.2382959,23.1191844],[120.238287,23.1189502],[120.2382847,23.1188205],[120.238274,23.118231]]}},{"type":"Feature","properties":{"name":"安定里巷道 02","named":false,"ref":"","cls":"lane","clsName":"巷道","villages":["安定里"],"length_m":226,"surface":"","segments":1,"osm":[142150948],"bbox":[120.236296,23.119623,120.238306,23.119889],"id":"AD05-042"},"geometry":{"type":"LineString","coordinates":[[120.2383065,23.1196337],[120.2376402,23.1196591],[120.2375982,23.1196233],[120.2374454,23.1196536],[120.2374184,23.119819],[120.237362,23.1198578],[120.2370853,23.1198888],[120.2368412,23.1198863],[120.2366308,23.119854],[120.2362963,23.1197957]]}},{"type":"Feature","properties":{"name":"安定里巷道 03","named":false,"ref":"","cls":"lane","clsName":"巷道","villages":["安定里"],"length_m":224,"surface":"","segments":1,"osm":[570471236],"bbox":[120.236121,23.120101,120.238283,23.120298],"id":"AD05-043"},"geometry":{"type":"LineString","coordinates":[[120.2382828,23.1202981],[120.2377965,23.1202732],[120.2373965,23.1202325],[120.237342,23.120227],[120.2367471,23.1201301],[120.2364803,23.1201011],[120.2363812,23.1201116],[120.2361213,23.1201876]]}},{"type":"Feature","properties":{"name":"安定里巷道 04","named":false,"ref":"","cls":"lane","clsName":"巷道","villages":["安定里"],"length_m":208,"surface":"瀝青","segments":1,"osm":[142150964],"bbox":[120.236657,23.121683,120.237081,23.123469],"id":"AD05-044"},"geometry":{"type":"LineString","coordinates":[[120.2366566,23.1216832],[120.2367795,23.1218068],[120.2368387,23.122056],[120.2368981,23.1222839],[120.237014,23.1227565],[120.2370743,23.1230646],[120.2370805,23.1232839],[120.2370092,23.1234693]]}},{"type":"Feature","properties":{"name":"安定里巷道 05","named":false,"ref":"","cls":"lane","clsName":"巷道","villages":["安定里"],"length_m":208,"surface":"","segments":1,"osm":[570471250],"bbox":[120.236631,23.120752,120.23765,23.121761],"id":"AD05-045"},"geometry":{"type":"LineString","coordinates":[[120.2366311,23.1209419],[120.2374546,23.1207696],[120.2375366,23.1207524],[120.2375653,23.1209121],[120.2375811,23.1209998],[120.237628,23.1213743],[120.2376499,23.1217605]]}},{"type":"Feature","properties":{"name":"安定里巷道 06","named":false,"ref":"","cls":"lane","clsName":"巷道","villages":["安定里"],"length_m":155,"surface":"","segments":1,"osm":[141965841],"bbox":[120.243671,23.122551,120.24512,23.122651],"id":"AD05-046"},"geometry":{"type":"LineString","coordinates":[[120.2451198,23.1226243],[120.2450115,23.1226224],[120.2446865,23.122551],[120.2446068,23.122551],[120.2443921,23.1226205],[120.2443737,23.1225773],[120.2442429,23.1226017],[120.2440753,23.1226318],[120.2439317,23.1226484],[120.2438056,23.1226508],[120.2436706,23.1226374]]}},{"type":"Feature","properties":{"name":"安定里巷道 07","named":false,"ref":"","cls":"lane","clsName":"巷道","villages":["安定里"],"length_m":134,"surface":"","segments":1,"osm":[142150960],"bbox":[120.238311,23.119503,120.239616,23.119568],"id":"AD05-047"},"geometry":{"type":"LineString","coordinates":[[120.2383106,23.1195682],[120.2385459,23.1195585],[120.2388066,23.1195625],[120.2390048,23.1195335],[120.2392891,23.1195163],[120.2396164,23.119503]]}},{"type":"Feature","properties":{"name":"安定東路551巷347弄","named":true,"ref":"","cls":"lane","clsName":"巷道","villages":["安定里"],"length_m":119,"surface":"","segments":1,"osm":[141965834],"bbox":[120.252277,23.113672,120.252793,23.114341],"id":"AD05-048"},"geometry":{"type":"LineString","coordinates":[[120.2527933,23.1143413],[120.2522774,23.1141717],[120.2525589,23.1136718]]}},{"type":"Feature","properties":{"name":"安定里巷道 08","named":false,"ref":"","cls":"lane","clsName":"巷道","villages":["安定里"],"length_m":113,"surface":"","segments":1,"osm":[142150985],"bbox":[120.237777,23.121769,120.237804,23.122788],"id":"AD05-049"},"geometry":{"type":"LineString","coordinates":[[120.2378041,23.1217694],[120.2377772,23.1221692],[120.2377959,23.1227884]]}},{"type":"Feature","properties":{"name":"安定里巷道 09","named":false,"ref":"","cls":"lane","clsName":"巷道","villages":["安定里"],"length_m":101,"surface":"","segments":1,"osm":[142374581],"bbox":[120.239413,23.121183,120.240404,23.121232],"id":"AD05-050"},"geometry":{"type":"LineString","coordinates":[[120.2404038,23.1212322],[120.2394133,23.1211829]]}},{"type":"Feature","properties":{"name":"安定里巷道 10","named":false,"ref":"","cls":"lane","clsName":"巷道","villages":["安定里"],"length_m":97,"surface":"","segments":1,"osm":[142374596],"bbox":[120.239547,23.120844,120.240401,23.12096],"id":"AD05-051"},"geometry":{"type":"LineString","coordinates":[[120.2395468,23.1208444],[120.239562,23.1209368],[120.2397014,23.1209299],[120.2398109,23.1209597],[120.240401,23.1209524]]}},{"type":"Feature","properties":{"name":"直加弄大道355巷30弄","named":true,"ref":"","cls":"lane","clsName":"巷道","villages":["安定里"],"length_m":88,"surface":"","segments":1,"osm":[182493740],"bbox":[120.253652,23.113759,120.254269,23.114302],"id":"AD05-052"},"geometry":{"type":"LineString","coordinates":[[120.2542691,23.1137594],[120.2541519,23.113886],[120.2539717,23.1140186],[120.2536516,23.1143018]]}},{"type":"Feature","properties":{"name":"直加弄大道395巷","named":true,"ref":"","cls":"lane","clsName":"巷道","villages":["安定里"],"length_m":82,"surface":"","segments":1,"osm":[182493741],"bbox":[120.253812,23.114935,120.254478,23.1151],"id":"AD05-053"},"geometry":{"type":"LineString","coordinates":[[120.2544779,23.1150239],[120.254405,23.1149921],[120.254273,23.1149345],[120.2541283,23.1149446],[120.2540068,23.1151004],[120.2538123,23.1150082]]}},{"type":"Feature","properties":{"name":"安定里巷道 11","named":false,"ref":"","cls":"lane","clsName":"巷道","villages":["安定里"],"length_m":73,"surface":"","segments":1,"osm":[136962307],"bbox":[120.239211,23.121368,120.239402,23.12185],"id":"AD05-054"},"geometry":{"type":"LineString","coordinates":[[120.2394022,23.1213795],[120.2392106,23.1213676],[120.2392338,23.1218497]]}},{"type":"Feature","properties":{"name":"安定里巷道 12","named":false,"ref":"","cls":"lane","clsName":"巷道","villages":["安定里"],"length_m":71,"surface":"","segments":1,"osm":[570471251],"bbox":[120.237565,23.120895,120.238255,23.120912],"id":"AD05-055"},"geometry":{"type":"LineString","coordinates":[[120.2375653,23.1209121],[120.2378823,23.1209044],[120.2382552,23.1208954]]}},{"type":"Feature","properties":{"name":"安定里巷道 13","named":false,"ref":"","cls":"lane","clsName":"巷道","villages":["安定里"],"length_m":71,"surface":"","segments":1,"osm":[142374566],"bbox":[120.238259,23.120814,120.238949,23.12083],"id":"AD05-056"},"geometry":{"type":"LineString","coordinates":[[120.2389488,23.1208136],[120.2385577,23.1208298],[120.2382592,23.1208304]]}},{"type":"Feature","properties":{"name":"安定里巷道 14","named":false,"ref":"","cls":"lane","clsName":"巷道","villages":["安定里"],"length_m":69,"surface":"","segments":1,"osm":[142374598],"bbox":[120.238487,23.121183,120.238497,23.121802],"id":"AD05-057"},"geometry":{"type":"LineString","coordinates":[[120.238487,23.1211834],[120.2384974,23.1218022]]}},{"type":"Feature","properties":{"name":"安定里巷道 15","named":false,"ref":"","cls":"lane","clsName":"巷道","villages":["安定里"],"length_m":66,"surface":"","segments":1,"osm":[142374601],"bbox":[120.236262,23.119479,120.236821,23.119573],"id":"AD05-058"},"geometry":{"type":"LineString","coordinates":[[120.2368212,23.1195727],[120.236801,23.1194792],[120.2362619,23.1194951]]}},{"type":"Feature","properties":{"name":"安定里巷道 16","named":false,"ref":"","cls":"lane","clsName":"巷道","villages":["安定里"],"length_m":60,"surface":"","segments":1,"osm":[570471254],"bbox":[120.237397,23.120233,120.237455,23.12077],"id":"AD05-059"},"geometry":{"type":"LineString","coordinates":[[120.2374546,23.1207696],[120.2374132,23.1205163],[120.2373965,23.1202325]]}},{"type":"Feature","properties":{"name":"安定里巷道 17","named":false,"ref":"","cls":"lane","clsName":"巷道","villages":["安定里"],"length_m":55,"surface":"","segments":1,"osm":[570471248],"bbox":[120.236782,23.121368,120.237317,23.121414],"id":"AD05-060"},"geometry":{"type":"LineString","coordinates":[[120.2367824,23.1214141],[120.2373165,23.1213676]]}},{"type":"Feature","properties":{"name":"安定里巷道 18","named":false,"ref":"","cls":"lane","clsName":"巷道","villages":["安定里"],"length_m":52,"surface":"","segments":1,"osm":[570471253],"bbox":[120.236747,23.12013,120.236887,23.120573],"id":"AD05-061"},"geometry":{"type":"LineString","coordinates":[[120.2368875,23.120573],[120.2368307,23.120312],[120.2367471,23.1201301]]}},{"type":"Feature","properties":{"name":"安定里巷道 19","named":false,"ref":"","cls":"lane","clsName":"巷道","villages":["安定里"],"length_m":49,"surface":"","segments":1,"osm":[141965816],"bbox":[120.251983,23.114273,120.252391,23.114502],"id":"AD05-062"},"geometry":{"type":"LineString","coordinates":[[120.252391,23.1145017],[120.2519826,23.1142735]]}},{"type":"Feature","properties":{"name":"安定里巷道 20","named":false,"ref":"","cls":"lane","clsName":"巷道","villages":["安定里"],"length_m":49,"surface":"","segments":1,"osm":[142150973],"bbox":[120.238674,23.11985,120.238709,23.120271],"id":"AD05-063"},"geometry":{"type":"LineString","coordinates":[[120.2386744,23.1198499],[120.2386738,23.1199863],[120.2387086,23.1200085],[120.2386883,23.1202707]]}},{"type":"Feature","properties":{"name":"安定里巷道 21","named":false,"ref":"","cls":"lane","clsName":"巷道","villages":["安定里"],"length_m":48,"surface":"","segments":1,"osm":[182493738],"bbox":[120.254487,23.114087,120.254745,23.114446],"id":"AD05-064"},"geometry":{"type":"LineString","coordinates":[[120.2544874,23.1144463],[120.2547455,23.1140874]]}},{"type":"Feature","properties":{"name":"安定里巷道 22","named":false,"ref":"","cls":"lane","clsName":"巷道","villages":["安定里"],"length_m":39,"surface":"","segments":1,"osm":[142374574],"bbox":[120.237911,23.120044,120.238291,23.120055],"id":"AD05-065"},"geometry":{"type":"LineString","coordinates":[[120.2379111,23.1200552],[120.2382914,23.1200445]]}},{"type":"Feature","properties":{"name":"安定里巷道 23","named":false,"ref":"","cls":"lane","clsName":"巷道","villages":["安定里"],"length_m":37,"surface":"","segments":1,"osm":[142150980],"bbox":[120.23742,23.122444,120.237429,23.122774],"id":"AD05-066"},"geometry":{"type":"LineString","coordinates":[[120.2374205,23.1224444],[120.2374291,23.1227738]]}},{"type":"Feature","properties":{"name":"安定里巷道 24","named":false,"ref":"","cls":"lane","clsName":"巷道","villages":["安定里"],"length_m":35,"surface":"","segments":1,"osm":[142374577],"bbox":[120.240416,23.120412,120.240761,23.120432],"id":"AD05-067"},"geometry":{"type":"LineString","coordinates":[[120.2407609,23.1204324],[120.2404158,23.1204124]]}},{"type":"Feature","properties":{"name":"安定里巷道 25","named":false,"ref":"","cls":"lane","clsName":"巷道","villages":["安定里"],"length_m":35,"surface":"","segments":1,"osm":[142374599],"bbox":[120.240397,23.120733,120.240736,23.120741],"id":"AD05-068"},"geometry":{"type":"LineString","coordinates":[[120.2407358,23.1207408],[120.2403966,23.120733]]}},{"type":"Feature","properties":{"name":"安定里巷道 26","named":false,"ref":"","cls":"lane","clsName":"巷道","villages":["安定里"],"length_m":32,"surface":"","segments":1,"osm":[141965847],"bbox":[120.243456,23.123134,120.243736,23.123267],"id":"AD05-069"},"geometry":{"type":"LineString","coordinates":[[120.243736,23.1232672],[120.2435948,23.123211],[120.2435171,23.1231675],[120.243456,23.1231337]]}},{"type":"Feature","properties":{"name":"安定里巷道 27","named":false,"ref":"","cls":"lane","clsName":"巷道","villages":["安定里"],"length_m":28,"surface":"","segments":1,"osm":[570471252],"bbox":[120.237877,23.120652,120.237885,23.120904],"id":"AD05-070"},"geometry":{"type":"LineString","coordinates":[[120.2378823,23.1209044],[120.2378846,23.1207569],[120.2378772,23.1206525]]}},{"type":"Feature","properties":{"name":"南132","named":true,"ref":"南132","cls":"dist","clsName":"區道","villages":["文科里","港尾里","海寮里"],"length_m":3844,"surface":"瀝青","segments":8,"osm":[142150956,305215198,305215200,305215201,305215202,887925183,887925186,888263753],"bbox":[120.209476,23.096586,120.235367,23.115258],"id":"AD06-001"},"geometry":{"type":"MultiLineString","coordinates":[[[120.2353669,23.1152577],[120.2349941,23.1149348],[120.2335675,23.1134659],[120.2327551,23.1126326],[120.2314917,23.1113569],[120.2313073,23.1107571],[120.2312098,23.1105],[120.231017,23.1100387],[120.2308836,23.109749],[120.2303378,23.108724],[120.2298415,23.1075879],[120.2295049,23.1068799],[120.2291134,23.1058413],[120.2287141,23.1049617]],[[120.2287141,23.1049617],[120.2284264,23.1043285],[120.2280194,23.1034424],[120.2276956,23.1027107],[120.2275542,23.1023883],[120.2273333,23.1019161],[120.2270936,23.1013734],[120.2267957,23.1007471],[120.2263423,23.0997133],[120.2262034,23.0994451],[120.2261441,23.0994005],[120.2260853,23.0993691],[120.2260189,23.0993466],[120.2259317,23.0993396],[120.2254823,23.0993244],[120.2248192,23.099314],[120.2240874,23.0993033],[120.2225813,23.0992454]],[[120.2095743,23.096601],[120.2094765,23.0965856]],[[120.2136558,23.0974178],[120.2135008,23.0973789],[120.2134396,23.0973636],[120.213173,23.0973117],[120.2126039,23.0971863],[120.2120533,23.0970747],[120.2119588,23.0970678],[120.2116253,23.0969852],[120.2113554,23.096935],[120.2110455,23.0968709]],[[120.2225813,23.0992454],[120.221919,23.0992208],[120.2201411,23.0991905],[120.2198845,23.0991837],[120.217202,23.0990954],[120.2170327,23.0990959],[120.2169938,23.0990959]],[[120.2169938,23.0990959],[120.2157636,23.0990231],[120.2155501,23.0990062],[120.2151752,23.0989857],[120.2149471,23.0989732],[120.2146401,23.0989485],[120.2145981,23.0989263],[120.2145476,23.0988823],[120.214423,23.0987045],[120.213902,23.0977626],[120.2137555,23.0975154],[120.2137098,23.0974588],[120.2136558,23.0974178]],[[120.2099408,23.0966455],[120.2098339,23.0966304],[120.2095743,23.096601]],[[120.2110455,23.0968709],[120.210732,23.0967968],[120.2101237,23.0966688],[120.2099408,23.0966455]]]}},{"type":"Feature","properties":{"name":"南132-1","named":true,"ref":"南132-1","cls":"dist","clsName":"區道","villages":["文科里"],"length_m":1897,"surface":"","segments":1,"osm":[142152699],"bbox":[120.216994,23.099096,120.228714,23.105716],"id":"AD06-002"},"geometry":{"type":"LineString","coordinates":[[120.2169938,23.0990959],[120.2170377,23.1002683],[120.2171365,23.1004172],[120.2172179,23.1005693],[120.2172411,23.100692],[120.2172476,23.1014464],[120.2172423,23.1020009],[120.2172434,23.1026227],[120.2172551,23.1035502],[120.2172488,23.1039063],[120.2172457,23.1042753],[120.2172498,23.1046381],[120.2172464,23.1048053],[120.2172387,23.1051707],[120.2172353,23.1054495],[120.2172467,23.105517],[120.217301,23.1055119],[120.2177753,23.1055535],[120.21782,23.1055575],[120.2182784,23.1055908],[120.2185341,23.1056136],[120.2190475,23.1056623],[120.2191302,23.1056675],[120.2199106,23.1057161],[120.2205864,23.1056973],[120.2206928,23.1056906],[120.2207955,23.1056794],[120.2209179,23.1056664],[120.2215835,23.1055969],[120.222498,23.1055247],[120.2237177,23.1054222],[120.2249443,23.1052974],[120.2249879,23.105289],[120.2250258,23.1052782],[120.2254061,23.1052428],[120.2273518,23.1050772],[120.2287141,23.1049617]]}},{"type":"Feature","properties":{"name":"文科里農路 01","named":false,"ref":"","cls":"farm","clsName":"農路/產業道路","villages":["文科里"],"length_m":2517,"surface":"","segments":1,"osm":[142313446],"bbox":[120.22353,23.096153,120.231307,23.112886],"id":"AD06-003"},"geometry":{"type":"LineString","coordinates":[[120.2313073,23.1107571],[120.2311482,23.1108521],[120.2310398,23.1109237],[120.2309077,23.111039],[120.230564,23.1114002],[120.2305082,23.1114625],[120.2301605,23.1117489],[120.229345,23.1124529],[120.2291537,23.1125915],[120.228959,23.1126273],[120.2278111,23.1127239],[120.2272625,23.1127867],[120.225859,23.1128858],[120.2257601,23.1119407],[120.2256386,23.111066],[120.2255316,23.1101086],[120.2254419,23.1091766],[120.225287,23.1082162],[120.2252118,23.107264],[120.2250258,23.1052782],[120.224645,23.1020456],[120.224242,23.1001995],[120.2241352,23.0996455],[120.2240874,23.0993033],[120.223993,23.0985228],[120.2239827,23.098437],[120.2238851,23.0977083],[120.2235563,23.0962911],[120.22353,23.0961531]]}},{"type":"Feature","properties":{"name":"文科里農路 02","named":false,"ref":"","cls":"farm","clsName":"農路/產業道路","villages":["文科里"],"length_m":1911,"surface":"","segments":1,"osm":[142313496],"bbox":[120.221,23.088397,120.222498,23.105525],"id":"AD06-004"},"geometry":{"type":"LineString","coordinates":[[120.2209999,23.0883968],[120.2211218,23.0902567],[120.2211556,23.0906108],[120.221203,23.0909649],[120.2213819,23.0932407],[120.2214918,23.0944127],[120.2215807,23.0954786],[120.2216224,23.0956778],[120.2216425,23.0958241],[120.2218137,23.0975411],[120.221862,23.098417],[120.2219129,23.0988759],[120.221919,23.0992208],[120.2220019,23.0998011],[120.222429,23.1045994],[120.222498,23.1055247]]}},{"type":"Feature","properties":{"name":"文科里農路 03","named":false,"ref":"","cls":"farm","clsName":"農路/產業道路","villages":["文科里"],"length_m":1655,"surface":"","segments":2,"osm":[142313469,142313470],"bbox":[120.217099,23.089626,120.217512,23.104275],"id":"AD06-005"},"geometry":{"type":"MultiLineString","coordinates":[[[120.2171261,23.0896257],[120.2171632,23.0897051],[120.2171658,23.0900605],[120.2170988,23.0901863],[120.217131,23.0912448],[120.2171252,23.0931519],[120.2171225,23.0941043],[120.2171471,23.0949803],[120.2171568,23.095107],[120.2171041,23.0951135],[120.2171042,23.0952738],[120.217152,23.0964235],[120.2171793,23.0975067],[120.2171829,23.0980934],[120.2172041,23.098551],[120.217202,23.0990954]],[[120.217202,23.0990954],[120.2172432,23.0996284],[120.2172306,23.09978],[120.2172481,23.1001134],[120.2172501,23.100213],[120.2172911,23.1002777],[120.2174184,23.1003754],[120.2174664,23.1004697],[120.2175004,23.101482],[120.2175119,23.103904],[120.2174607,23.1040293],[120.2173805,23.1041853],[120.2172457,23.1042753]]]}},{"type":"Feature","properties":{"name":"文科里農路 04","named":false,"ref":"","cls":"farm","clsName":"農路/產業道路","villages":["文科里"],"length_m":1103,"surface":"","segments":2,"osm":[142313427,142313478],"bbox":[120.220496,23.110109,120.22576,23.112139],"id":"AD06-006"},"geometry":{"type":"MultiLineString","coordinates":[[[120.2255316,23.1101086],[120.2238332,23.1102219],[120.2227203,23.1103063],[120.2216029,23.1104143],[120.2210466,23.1104666],[120.2204965,23.1105204]],[[120.2204965,23.1105204],[120.2236822,23.112139],[120.2257601,23.1119407]]]}},{"type":"Feature","properties":{"name":"文科里農路 05","named":false,"ref":"","cls":"farm","clsName":"農路/產業道路","villages":["文科里"],"length_m":1022,"surface":"瀝青","segments":1,"osm":[489506645],"bbox":[120.216855,23.108913,120.225041,23.114177],"id":"AD06-007"},"geometry":{"type":"LineString","coordinates":[[120.2168554,23.1089128],[120.2169133,23.1089562],[120.21792,23.1095177],[120.2183228,23.1097817],[120.2190594,23.1102516],[120.2195636,23.1105995],[120.2199684,23.1108899],[120.2203601,23.1111532],[120.2205122,23.1112543],[120.2207047,23.1113825],[120.2212749,23.1117368],[120.2220044,23.1122055],[120.2232923,23.1130088],[120.2242884,23.1136849],[120.2250414,23.1141767]]}},{"type":"Feature","properties":{"name":"文科里農路 06","named":false,"ref":"","cls":"farm","clsName":"農路/產業道路","villages":["文科里"],"length_m":882,"surface":"","segments":1,"osm":[142313490],"bbox":[120.220918,23.10688,120.229505,23.10763],"id":"AD06-008"},"geometry":{"type":"LineString","coordinates":[[120.2209185,23.1076305],[120.2252118,23.107264],[120.2295049,23.1068799]]}},{"type":"Feature","properties":{"name":"文科里農路 07","named":false,"ref":"","cls":"farm","clsName":"農路/產業道路","villages":["文科里"],"length_m":730,"surface":"","segments":1,"osm":[142313479],"bbox":[120.219985,23.09919,120.220586,23.105697],"id":"AD06-009"},"geometry":{"type":"LineString","coordinates":[[120.2205864,23.1056973],[120.2203711,23.1030257],[120.220186,23.1012025],[120.2200841,23.1005611],[120.2199846,23.0995613],[120.2200251,23.0994039],[120.2201411,23.0991905]]}},{"type":"Feature","properties":{"name":"文科里農路 08","named":false,"ref":"","cls":"farm","clsName":"農路/產業道路","villages":["文科里"],"length_m":641,"surface":"","segments":1,"osm":[139517606],"bbox":[120.217033,23.109536,120.221423,23.112063],"id":"AD06-010"},"geometry":{"type":"LineString","coordinates":[[120.2170329,23.1095362],[120.2171364,23.1096225],[120.2174261,23.1097619],[120.2177989,23.1099741],[120.2188826,23.1106876],[120.2189758,23.110708],[120.2191816,23.1107215],[120.21993,23.1112149],[120.2201955,23.111416],[120.2205776,23.111649],[120.2207124,23.1116795],[120.2212423,23.1119898],[120.2213837,23.1120634],[120.2214228,23.112022],[120.2207386,23.1114838],[120.2207047,23.1113825]]}},{"type":"Feature","properties":{"name":"文科里農路 09","named":false,"ref":"","cls":"farm","clsName":"農路/產業道路","villages":["文科里"],"length_m":612,"surface":"","segments":1,"osm":[142313465],"bbox":[120.219327,23.108216,120.225287,23.108704],"id":"AD06-011"},"geometry":{"type":"LineString","coordinates":[[120.2193266,23.1087038],[120.2203025,23.1086304],[120.220659,23.1085879],[120.2208475,23.1085601],[120.225287,23.1082162]]}},{"type":"Feature","properties":{"name":"文科里農路 10","named":false,"ref":"","cls":"farm","clsName":"農路/產業道路","villages":["文科里"],"length_m":573,"surface":"","segments":1,"osm":[142313451],"bbox":[120.225639,23.1105,120.23121,23.111066],"id":"AD06-012"},"geometry":{"type":"LineString","coordinates":[[120.2256386,23.111066],[120.2266712,23.1109179],[120.2281085,23.1107753],[120.2305063,23.1105627],[120.2312098,23.1105]]}},{"type":"Feature","properties":{"name":"文科里農路 11","named":false,"ref":"","cls":"farm","clsName":"農路/產業道路","villages":["文科里"],"length_m":567,"surface":"","segments":1,"osm":[142313429],"bbox":[120.2247,23.099314,120.227554,23.102388],"id":"AD06-013"},"geometry":{"type":"LineString","coordinates":[[120.2248192,23.099314],[120.2247637,23.0996532],[120.2247003,23.0999551],[120.2247139,23.1000317],[120.2247606,23.1000923],[120.2248408,23.1001391],[120.225085,23.1002583],[120.2253988,23.1004326],[120.2256648,23.1006729],[120.2256529,23.1007434],[120.2254296,23.1012893],[120.225332,23.1015223],[120.2253727,23.101632],[120.2260333,23.1017857],[120.2260804,23.1018403],[120.2262364,23.1020146],[120.2265553,23.1022845],[120.2270544,23.1023855],[120.2275542,23.1023883]]}},{"type":"Feature","properties":{"name":"文科里農路 12","named":false,"ref":"","cls":"farm","clsName":"農路/產業道路","villages":["文科里"],"length_m":563,"surface":"","segments":3,"osm":[142348341,142348366,887925195],"bbox":[120.216908,23.107933,120.21958,23.109069],"id":"AD06-014"},"geometry":{"type":"MultiLineString","coordinates":[[[120.2194343,23.1083817],[120.2193266,23.1087038],[120.2192949,23.1088161],[120.2192413,23.1089579],[120.2191877,23.1090178],[120.2190831,23.1090516],[120.218957,23.1090689],[120.2185587,23.1090228],[120.2181198,23.1089922],[120.2179139,23.1089679],[120.217801,23.1089418],[120.2177303,23.1089047],[120.217304,23.1088338],[120.216965,23.1087774],[120.2169081,23.1087597]],[[120.2178037,23.108504],[120.2179665,23.1085236],[120.2181703,23.1085211],[120.2182327,23.108367],[120.2184015,23.1083775],[120.2184499,23.1081888],[120.2194343,23.1083817]],[[120.2194343,23.1083817],[120.2195162,23.1081297],[120.2195803,23.1079325]]]}},{"type":"Feature","properties":{"name":"文科里農路 13","named":false,"ref":"","cls":"farm","clsName":"農路/產業道路","villages":["文科里"],"length_m":503,"surface":"","segments":1,"osm":[142313461],"bbox":[120.225442,23.108724,120.230338,23.109177],"id":"AD06-015"},"geometry":{"type":"LineString","coordinates":[[120.2254419,23.1091766],[120.2276848,23.1089144],[120.2303378,23.108724]]}},{"type":"Feature","properties":{"name":"文科里農路 14","named":false,"ref":"","cls":"farm","clsName":"農路/產業道路","villages":["文科里"],"length_m":478,"surface":"","segments":1,"osm":[183885038],"bbox":[120.21204,23.108038,120.214532,23.111677],"id":"AD06-016"},"geometry":{"type":"LineString","coordinates":[[120.2145318,23.1080379],[120.2132389,23.1099489],[120.2120404,23.1116775]]}},{"type":"Feature","properties":{"name":"文科里農路 15","named":false,"ref":"","cls":"farm","clsName":"農路/產業道路","villages":["文科里"],"length_m":399,"surface":"","segments":1,"osm":[887925194],"bbox":[120.21699,23.105662,120.219048,23.107936],"id":"AD06-017"},"geometry":{"type":"LineString","coordinates":[[120.2169902,23.1077293],[120.2172625,23.1078029],[120.2177397,23.1078579],[120.2179428,23.1078796],[120.2182733,23.1079364],[120.2183787,23.1076988],[120.2184972,23.1072042],[120.2185609,23.1069814],[120.21863,23.106786],[120.2187078,23.1066264],[120.2187971,23.1064051],[120.2189333,23.106001],[120.2190475,23.1056623]]}},{"type":"Feature","properties":{"name":"文科里農路 16","named":false,"ref":"","cls":"farm","clsName":"農路/產業道路","villages":["文科里"],"length_m":391,"surface":"","segments":1,"osm":[887925192],"bbox":[120.213712,23.108792,120.215665,23.111794],"id":"AD06-018"},"geometry":{"type":"LineString","coordinates":[[120.2137122,23.1117938],[120.2139892,23.1113913],[120.2144274,23.1107689],[120.2152789,23.1095306],[120.215655,23.1089396],[120.215665,23.1087921]]}},{"type":"Feature","properties":{"name":"文科里農路 17","named":false,"ref":"","cls":"farm","clsName":"農路/產業道路","villages":["文科里"],"length_m":369,"surface":"","segments":1,"osm":[142348361],"bbox":[120.218797,23.105679,120.220795,23.10725],"id":"AD06-019"},"geometry":{"type":"LineString","coordinates":[[120.2187971,23.1064051],[120.2196553,23.1068202],[120.2198515,23.106935],[120.2200057,23.1070332],[120.2202173,23.1072017],[120.2203362,23.1072505],[120.2204199,23.1072202],[120.2206636,23.106314],[120.2207089,23.106213],[120.2207955,23.1056794]]}},{"type":"Feature","properties":{"name":"文科里農路 18","named":false,"ref":"","cls":"farm","clsName":"農路/產業道路","villages":["文科里"],"length_m":368,"surface":"","segments":1,"osm":[142313433],"bbox":[120.229842,23.105847,120.232719,23.107588],"id":"AD06-020"},"geometry":{"type":"LineString","coordinates":[[120.2327189,23.105847],[120.2327142,23.1059745],[120.2326741,23.1060701],[120.2323991,23.1064322],[120.2322181,23.1066079],[120.2320061,23.1066924],[120.2318331,23.1067812],[120.2298415,23.1075879]]}},{"type":"Feature","properties":{"name":"文科里農路 19","named":false,"ref":"","cls":"farm","clsName":"農路/產業道路","villages":["文科里"],"length_m":299,"surface":"","segments":1,"osm":[142348356],"bbox":[120.220709,23.106213,120.221132,23.10856],"id":"AD06-021"},"geometry":{"type":"LineString","coordinates":[[120.2208475,23.1085601],[120.2208204,23.1081338],[120.2208272,23.1078573],[120.2209185,23.1076305],[120.2209693,23.107319],[120.2211317,23.1063567],[120.2211076,23.1062831],[120.2207089,23.106213]]}},{"type":"Feature","properties":{"name":"文科里農路 20","named":false,"ref":"","cls":"farm","clsName":"農路/產業道路","villages":["文科里"],"length_m":297,"surface":"","segments":1,"osm":[142313468],"bbox":[120.220303,23.10863,120.220614,23.111254],"id":"AD06-022"},"geometry":{"type":"LineString","coordinates":[[120.2203025,23.1086304],[120.2204149,23.1096167],[120.2204965,23.1105204],[120.22052,23.1107055],[120.2205616,23.1108498],[120.2206138,23.1110855],[120.2205718,23.1111771],[120.2205122,23.1112543]]}},{"type":"Feature","properties":{"name":"文科里農路 21","named":false,"ref":"","cls":"farm","clsName":"農路/產業道路","villages":["文科里"],"length_m":292,"surface":"","segments":2,"osm":[142348349,142348374],"bbox":[120.225286,23.101691,120.227333,23.102198],"id":"AD06-023"},"geometry":{"type":"MultiLineString","coordinates":[[[120.2260333,23.1017857],[120.2260114,23.1020768],[120.2256144,23.1020702],[120.2254374,23.1021984],[120.225373,23.1021558],[120.2253167,23.1021015],[120.2252865,23.1017509],[120.2252896,23.1016912]],[[120.2260333,23.1017857],[120.2268807,23.1018749],[120.2273333,23.1019161]]]}},{"type":"Feature","properties":{"name":"文科里農路 22","named":false,"ref":"","cls":"farm","clsName":"農路/產業道路","villages":["文科里"],"length_m":288,"surface":"","segments":2,"osm":[142348373,887434158],"bbox":[120.219128,23.105716,120.219911,23.108108],"id":"AD06-024"},"geometry":{"type":"MultiLineString","coordinates":[[[120.2196553,23.1068202],[120.2197333,23.1064631],[120.2197839,23.1062583],[120.2198111,23.1061541],[120.2198398,23.1060277],[120.2199106,23.1057161]],[[120.219128,23.1081084],[120.2192614,23.1080905],[120.2193345,23.1078783],[120.2193941,23.1078262],[120.2194975,23.1075009],[120.2195972,23.1070749],[120.2196553,23.1068202]]]}},{"type":"Feature","properties":{"name":"文科里農路 23","named":false,"ref":"","cls":"farm","clsName":"農路/產業道路","villages":["文科里"],"length_m":271,"surface":"","segments":1,"osm":[142348345],"bbox":[120.227059,23.102656,120.227352,23.105077],"id":"AD06-025"},"geometry":{"type":"LineString","coordinates":[[120.2270592,23.1026563],[120.2270684,23.1028405],[120.2271205,23.1032743],[120.2271595,23.1034721],[120.2273518,23.1050772]]}},{"type":"Feature","properties":{"name":"文科里農路 24","named":false,"ref":"","cls":"farm","clsName":"農路/產業道路","villages":["文科里"],"length_m":202,"surface":"","segments":1,"osm":[142348355],"bbox":[120.226287,23.102284,120.22712,23.103321],"id":"AD06-026"},"geometry":{"type":"LineString","coordinates":[[120.2271205,23.1032743],[120.2265486,23.1033211],[120.2263655,23.1033111],[120.2262865,23.1032378],[120.2263479,23.1028197],[120.2264915,23.1026788],[120.2265553,23.1022845]]}},{"type":"Feature","properties":{"name":"文科里農路 25","named":false,"ref":"","cls":"farm","clsName":"農路/產業道路","villages":["文科里"],"length_m":199,"surface":"","segments":1,"osm":[444921360],"bbox":[120.218285,23.104663,120.218933,23.106001],"id":"AD06-027"},"geometry":{"type":"LineString","coordinates":[[120.2189333,23.106001],[120.2184746,23.105876],[120.2185341,23.1056136],[120.2185253,23.1050694],[120.2184931,23.1048869],[120.2184623,23.1047487],[120.2184265,23.1046763],[120.218285,23.1046633]]}},{"type":"Feature","properties":{"name":"文科里農路 26","named":false,"ref":"","cls":"farm","clsName":"農路/產業道路","villages":["文科里"],"length_m":191,"surface":"","segments":1,"osm":[142348350],"bbox":[120.218379,23.107401,120.219768,23.107933],"id":"AD06-028"},"geometry":{"type":"LineString","coordinates":[[120.2183787,23.1076988],[120.2185086,23.1077227],[120.218844,23.1077718],[120.2191409,23.1078016],[120.2193941,23.1078262],[120.2195803,23.1079325],[120.2196353,23.1078978],[120.219768,23.1074006]]}},{"type":"Feature","properties":{"name":"文科里農路 27","named":false,"ref":"","cls":"farm","clsName":"農路/產業道路","villages":["文科里"],"length_m":181,"surface":"","segments":1,"osm":[142348354],"bbox":[120.215796,23.106721,120.216762,23.108083],"id":"AD06-029"},"geometry":{"type":"LineString","coordinates":[[120.2157963,23.1080835],[120.2158384,23.1080187],[120.2165135,23.1070626],[120.2167622,23.1067208]]}},{"type":"Feature","properties":{"name":"文科里農路 28","named":false,"ref":"","cls":"farm","clsName":"農路/產業道路","villages":["文科里"],"length_m":139,"surface":"","segments":1,"osm":[142348360],"bbox":[120.21773,23.107681,120.217989,23.108905],"id":"AD06-030"},"geometry":{"type":"LineString","coordinates":[[120.2177303,23.1089047],[120.2178037,23.108504],[120.2178442,23.1082292],[120.2179428,23.1078796],[120.2179894,23.107681]]}},{"type":"Feature","properties":{"name":"文科里農路 29","named":false,"ref":"","cls":"farm","clsName":"農路/產業道路","villages":["文科里"],"length_m":120,"surface":"","segments":1,"osm":[142348352],"bbox":[120.220217,23.107202,120.220827,23.107857],"id":"AD06-031"},"geometry":{"type":"LineString","coordinates":[[120.2202173,23.1072017],[120.2202529,23.1075475],[120.2202315,23.107703],[120.2203039,23.1077572],[120.2208272,23.1078573]]}},{"type":"Feature","properties":{"name":"文科里農路 30","named":false,"ref":"","cls":"farm","clsName":"農路/產業道路","villages":["文科里"],"length_m":119,"surface":"","segments":1,"osm":[142348375],"bbox":[120.217024,23.107239,120.218169,23.107384],"id":"AD06-032"},"geometry":{"type":"LineString","coordinates":[[120.2181687,23.1073838],[120.2180171,23.1073159],[120.2179045,23.1073085],[120.217824,23.1073127],[120.2173814,23.1072708],[120.2170984,23.1072485],[120.2170244,23.1072386]]}},{"type":"Feature","properties":{"name":"文科里農路 31","named":false,"ref":"","cls":"farm","clsName":"農路/產業道路","villages":["文科里"],"length_m":116,"surface":"","segments":1,"osm":[142348344],"bbox":[120.218056,23.106121,120.218356,23.106921],"id":"AD06-033"},"geometry":{"type":"LineString","coordinates":[[120.2181452,23.1069213],[120.2183555,23.1061823],[120.2180564,23.1061206]]}},{"type":"Feature","properties":{"name":"文科里農路 32","named":false,"ref":"","cls":"farm","clsName":"農路/產業道路","villages":["文科里"],"length_m":100,"surface":"","segments":1,"osm":[887929927],"bbox":[120.217756,23.104654,120.217775,23.105553],"id":"AD06-034"},"geometry":{"type":"LineString","coordinates":[[120.2177753,23.1055535],[120.2177558,23.1046545]]}},{"type":"Feature","properties":{"name":"文科里農路 33","named":false,"ref":"","cls":"farm","clsName":"農路/產業道路","villages":["文科里"],"length_m":92,"surface":"","segments":1,"osm":[887925190],"bbox":[120.218872,23.105013,120.21913,23.105667],"id":"AD06-035"},"geometry":{"type":"LineString","coordinates":[[120.2191302,23.1056675],[120.219128,23.1051375],[120.2191119,23.1050955],[120.2189013,23.1050573],[120.2188718,23.1050129]]}},{"type":"Feature","properties":{"name":"文科里農路 34","named":false,"ref":"","cls":"farm","clsName":"農路/產業道路","villages":["文科里"],"length_m":88,"surface":"","segments":1,"osm":[441655761],"bbox":[120.224645,23.101632,120.225373,23.102046],"id":"AD06-036"},"geometry":{"type":"LineString","coordinates":[[120.2253727,23.101632],[120.2252896,23.1016912],[120.2251233,23.101801],[120.2249073,23.1019157],[120.224645,23.1020456]]}},{"type":"Feature","properties":{"name":"文科里農路 35","named":false,"ref":"","cls":"farm","clsName":"農路/產業道路","villages":["文科里"],"length_m":83,"surface":"","segments":1,"osm":[887925197],"bbox":[120.227262,23.112787,120.227323,23.113535],"id":"AD06-037"},"geometry":{"type":"LineString","coordinates":[[120.2272625,23.1127867],[120.2273235,23.1135351]]}},{"type":"Feature","properties":{"name":"文科里農路 36","named":false,"ref":"","cls":"farm","clsName":"農路/產業道路","villages":["文科里"],"length_m":66,"surface":"","segments":1,"osm":[142348363],"bbox":[120.227068,23.102711,120.227696,23.10284],"id":"AD06-038"},"geometry":{"type":"LineString","coordinates":[[120.2276956,23.1027107],[120.2270684,23.1028405]]}},{"type":"Feature","properties":{"name":"文科里農路 37","named":false,"ref":"","cls":"farm","clsName":"農路/產業道路","villages":["文科里"],"length_m":64,"surface":"","segments":1,"osm":[142348780],"bbox":[120.224135,23.099646,120.224764,23.099653],"id":"AD06-039"},"geometry":{"type":"LineString","coordinates":[[120.2241352,23.0996455],[120.2247637,23.0996532]]}},{"type":"Feature","properties":{"name":"文科里農路 38","named":false,"ref":"","cls":"farm","clsName":"農路/產業道路","villages":["文科里"],"length_m":52,"surface":"","segments":1,"osm":[887434162],"bbox":[120.217304,23.108372,120.217365,23.108834],"id":"AD06-040"},"geometry":{"type":"LineString","coordinates":[[120.217304,23.1088338],[120.217365,23.1083723]]}},{"type":"Feature","properties":{"name":"文科里農路 39","named":false,"ref":"","cls":"farm","clsName":"農路/產業道路","villages":["文科里"],"length_m":46,"surface":"","segments":1,"osm":[887434160],"bbox":[120.219516,23.10813,120.219912,23.108329],"id":"AD06-041"},"geometry":{"type":"LineString","coordinates":[[120.2195162,23.1081297],[120.2199122,23.1083287]]}},{"type":"Feature","properties":{"name":"文科里農路 40","named":false,"ref":"","cls":"farm","clsName":"農路/產業道路","villages":["文科里"],"length_m":37,"surface":"","segments":1,"osm":[887925191],"bbox":[120.218356,23.105876,120.218475,23.106182],"id":"AD06-042"},"geometry":{"type":"LineString","coordinates":[[120.2183555,23.1061823],[120.2183987,23.1060086],[120.2184651,23.1059283],[120.2184746,23.105876]]}},{"type":"Feature","properties":{"name":"文科里農路 41","named":false,"ref":"","cls":"farm","clsName":"農路/產業道路","villages":["文科里"],"length_m":31,"surface":"","segments":1,"osm":[445553579],"bbox":[120.225365,23.099324,120.225482,23.099578],"id":"AD06-043"},"geometry":{"type":"LineString","coordinates":[[120.2254823,23.0993244],[120.2253646,23.0995777]]}},{"type":"Feature","properties":{"name":"文科里巷道 01","named":false,"ref":"","cls":"lane","clsName":"巷道","villages":["文科里"],"length_m":447,"surface":"","segments":1,"osm":[142313471],"bbox":[120.216762,23.10548,120.218999,23.107772],"id":"AD06-044"},"geometry":{"type":"LineString","coordinates":[[120.2168779,23.1054796],[120.2168276,23.1058085],[120.2167954,23.1060331],[120.2167928,23.1061909],[120.2167939,23.1065418],[120.2167622,23.1067208],[120.2170827,23.1067784],[120.2181452,23.1069213],[120.2185609,23.1069814],[120.2187325,23.1070352],[120.2189992,23.1071161],[120.2189241,23.1073636],[120.218844,23.1077718]]}},{"type":"Feature","properties":{"name":"文科里巷道 02","named":false,"ref":"","cls":"lane","clsName":"巷道","villages":["文科里"],"length_m":147,"surface":"","segments":1,"osm":[142348351],"bbox":[120.21725,23.104302,120.218313,23.104663],"id":"AD06-045"},"geometry":{"type":"LineString","coordinates":[[120.2182811,23.1043018],[120.2183072,23.1043659],[120.2183133,23.1045645],[120.218285,23.1046633],[120.2177558,23.1046545],[120.2172498,23.1046381]]}},{"type":"Feature","properties":{"name":"文科里巷道 03","named":false,"ref":"","cls":"lane","clsName":"巷道","villages":["文科里"],"length_m":123,"surface":"","segments":1,"osm":[142348359],"bbox":[120.217359,23.105557,120.21782,23.106326],"id":"AD06-046"},"geometry":{"type":"LineString","coordinates":[[120.2173594,23.1063156],[120.2177173,23.1063259],[120.21782,23.1055575]]}},{"type":"Feature","properties":{"name":"文科里巷道 04","named":false,"ref":"","cls":"lane","clsName":"巷道","villages":["文科里"],"length_m":104,"surface":"","segments":1,"osm":[142348348],"bbox":[120.22543,23.101289,120.226443,23.101338],"id":"AD06-047"},"geometry":{"type":"LineString","coordinates":[[120.2264429,23.1013378],[120.2254296,23.1012893]]}},{"type":"Feature","properties":{"name":"文科里巷道 05","named":false,"ref":"","cls":"lane","clsName":"巷道","villages":["文科里"],"length_m":102,"surface":"","segments":1,"osm":[142348365],"bbox":[120.21752,23.107046,120.218497,23.107204],"id":"AD06-048"},"geometry":{"type":"LineString","coordinates":[[120.21752,23.1070458],[120.2181477,23.1071205],[120.2184972,23.1072042]]}},{"type":"Feature","properties":{"name":"文科里巷道 06","named":false,"ref":"","cls":"lane","clsName":"巷道","villages":["文科里"],"length_m":98,"surface":"","segments":1,"osm":[142348346],"bbox":[120.219733,23.106291,120.220664,23.106463],"id":"AD06-049"},"geometry":{"type":"LineString","coordinates":[[120.2197333,23.1064631],[120.2199487,23.106413],[120.2200533,23.1063657],[120.2201981,23.1063156],[120.2202786,23.1063008],[120.2203939,23.1062909],[120.2206636,23.106314]]}},{"type":"Feature","properties":{"name":"文科里巷道 07","named":false,"ref":"","cls":"lane","clsName":"巷道","villages":["文科里"],"length_m":76,"surface":"","segments":1,"osm":[142348357],"bbox":[120.218958,23.106724,120.219597,23.107075],"id":"AD06-050"},"geometry":{"type":"LineString","coordinates":[[120.2189577,23.1067239],[120.2191923,23.1068399],[120.21938,23.106927],[120.2195972,23.1070749]]}},{"type":"Feature","properties":{"name":"文科里巷道 08","named":false,"ref":"","cls":"lane","clsName":"巷道","villages":["文科里"],"length_m":65,"surface":"","segments":1,"osm":[142348353],"bbox":[120.218278,23.105005,120.218306,23.105591],"id":"AD06-051"},"geometry":{"type":"LineString","coordinates":[[120.2183057,23.1050051],[120.2182784,23.1055908]]}},{"type":"Feature","properties":{"name":"文科里巷道 09","named":false,"ref":"","cls":"lane","clsName":"巷道","villages":["文科里"],"length_m":59,"surface":"","segments":1,"osm":[142348347],"bbox":[120.225773,23.099621,120.226342,23.099713],"id":"AD06-052"},"geometry":{"type":"LineString","coordinates":[[120.2257729,23.0996206],[120.2263423,23.0997133]]}},{"type":"Feature","properties":{"name":"文科里巷道 10","named":false,"ref":"","cls":"lane","clsName":"巷道","villages":["文科里"],"length_m":53,"surface":"","segments":1,"osm":[142348371],"bbox":[120.21812,23.108521,120.21817,23.108992],"id":"AD06-053"},"geometry":{"type":"LineString","coordinates":[[120.2181703,23.1085211],[120.2181198,23.1089922]]}},{"type":"Feature","properties":{"name":"文科里巷道 11","named":false,"ref":"","cls":"lane","clsName":"巷道","villages":["文科里"],"length_m":50,"surface":"","segments":1,"osm":[142348368],"bbox":[120.217914,23.108524,120.217967,23.108968],"id":"AD06-054"},"geometry":{"type":"LineString","coordinates":[[120.2179665,23.1085236],[120.2179139,23.1089679]]}},{"type":"Feature","properties":{"name":"文科里巷道 12","named":false,"ref":"","cls":"lane","clsName":"巷道","villages":["文科里"],"length_m":42,"surface":"","segments":1,"osm":[142374568],"bbox":[120.226761,23.103472,120.227159,23.103546],"id":"AD06-055"},"geometry":{"type":"LineString","coordinates":[[120.2267608,23.1035464],[120.2271595,23.1034721]]}},{"type":"Feature","properties":{"name":"文科里巷道 13","named":false,"ref":"","cls":"lane","clsName":"巷道","villages":["文科里"],"length_m":38,"surface":"","segments":1,"osm":[142348372],"bbox":[120.21771,23.106326,120.218035,23.106409],"id":"AD06-056"},"geometry":{"type":"LineString","coordinates":[[120.2177173,23.1063259],[120.2177102,23.1063636],[120.2180346,23.1064089]]}},{"type":"Feature","properties":{"name":"文科里巷道 14","named":false,"ref":"","cls":"lane","clsName":"巷道","villages":["文科里"],"length_m":33,"surface":"","segments":1,"osm":[142348369],"bbox":[120.219811,23.106097,120.220131,23.106154],"id":"AD06-057"},"geometry":{"type":"LineString","coordinates":[[120.220131,23.106097],[120.2200107,23.1061278],[120.2198111,23.1061541]]}},{"type":"Feature","properties":{"name":"文科里巷道 15","named":false,"ref":"","cls":"lane","clsName":"巷道","villages":["文科里"],"length_m":29,"surface":"","segments":1,"osm":[142348367],"bbox":[120.217166,23.106173,120.21745,23.106208],"id":"AD06-058"},"geometry":{"type":"LineString","coordinates":[[120.2171658,23.106173],[120.2172812,23.106191],[120.2174502,23.1062083]]}},{"type":"Feature","properties":{"name":"臺南支線高速公路","named":true,"ref":"國道8號","cls":"main","clsName":"省道/市道","villages":["新吉里","嘉同里","港南里"],"length_m":8457,"surface":"瀝青","segments":12,"osm":[146247787,146247804,198614224,224372595,224372600,224372604,224372607,224372610,1060985981,1060985982,1060985983,1060985984],"bbox":[120.195326,23.080396,120.230996,23.089943],"id":"AD07-001"},"geometry":{"type":"MultiLineString","coordinates":[[[120.1999511,23.0853308],[120.2000357,23.0853962],[120.200462,23.0857255],[120.200861,23.0860209],[120.2013211,23.0863528],[120.2020588,23.0868257],[120.202727,23.087214],[120.2034171,23.0875926],[120.2041639,23.0879546],[120.2049398,23.0882923],[120.2058896,23.0886522]],[[120.1998409,23.0853718],[120.1997263,23.0852727],[120.1991348,23.0847609],[120.1985173,23.084169],[120.1978961,23.0835457],[120.197344,23.0829502],[120.1967298,23.0822645],[120.1955189,23.0807406],[120.1954351,23.0806197],[120.1954109,23.0805848],[120.1953257,23.0804388]],[[120.1954224,23.0803957],[120.1955062,23.0805266],[120.1956634,23.0807537],[120.1962496,23.0815188],[120.1968872,23.0823134],[120.198047,23.0835614],[120.1986595,23.084168],[120.1992673,23.0847381],[120.1997978,23.085198],[120.1998492,23.0852425],[120.1999511,23.0853308]],[[120.2277576,23.0843684],[120.2268509,23.0849433],[120.2237973,23.0868647],[120.2232874,23.0871606],[120.2227729,23.0874466],[120.2224593,23.0876124],[120.2221494,23.0877681],[120.2215324,23.088062],[120.2208619,23.0883508],[120.2201583,23.0886261],[120.2188435,23.0890744],[120.2181566,23.0892588],[120.2174836,23.0894299],[120.2171953,23.0894879],[120.2165243,23.0896156],[120.2158492,23.0897278],[120.2149443,23.0898398],[120.2140403,23.0899098],[120.2129619,23.0899433],[120.2120748,23.0899264],[120.2107647,23.0898368],[120.2095554,23.0896816],[120.2083399,23.089453],[120.2075836,23.0892638]],[[120.2076089,23.0891686],[120.2083821,23.0893609],[120.2095726,23.0895936],[120.210771,23.0897396],[120.2120711,23.0898357],[120.2129674,23.0898482],[120.2140265,23.0898159],[120.2149415,23.0897392],[120.2158354,23.0896362],[120.2164673,23.0895307],[120.2171835,23.0893862],[120.2174443,23.0893303],[120.2181217,23.0891769],[120.2188089,23.0889746],[120.2201127,23.0885465],[120.220811,23.0882689],[120.2214802,23.0879792],[120.2220961,23.0876885],[120.2224092,23.0875349],[120.2227075,23.0873733],[120.2231905,23.0871021],[120.2236789,23.0868219],[120.2267549,23.0848736],[120.2276717,23.0842894]],[[120.2276717,23.0842894],[120.2284955,23.0838257],[120.2300737,23.0829603]],[[120.2301361,23.0830482],[120.2285643,23.0839093],[120.2277576,23.0843684]],[[120.2058612,23.0887469],[120.2049049,23.0883801],[120.2041345,23.088046],[120.2033513,23.0876656],[120.2026586,23.0872944],[120.2019443,23.08687],[120.2012472,23.0864208],[120.2007926,23.0860962],[120.2003489,23.0857651],[120.1999502,23.0854564],[120.1999116,23.0854266],[120.1998409,23.0853718]],[[120.2058896,23.0886522],[120.207154,23.0890554],[120.2076089,23.0891686]],[[120.2075836,23.0892638],[120.2071161,23.0891469],[120.2058612,23.0887469]],[[120.2300737,23.0829603],[120.2309423,23.0825518]],[[120.230996,23.0826467],[120.2301361,23.0830482]]]}},{"type":"Feature","properties":{"name":"中央公路","named":true,"ref":"台19線","cls":"main","clsName":"省道/市道","villages":["新吉里","海寮里","中沙里"],"length_m":6177,"surface":"瀝青","segments":14,"osm":[142235808,305138579,305138586,305215197,489717057,489717058,489731854,490595586,508951639,887925172,887925174,887925179,887925180,887925182],"bbox":[120.207856,23.073492,120.214044,23.10161],"id":"AD07-002"},"geometry":{"type":"MultiLineString","coordinates":[[[120.2104384,23.0847149],[120.2104716,23.0841141],[120.2105433,23.0828289],[120.2106062,23.0819437],[120.210642,23.0814878],[120.2106765,23.0812766],[120.210724,23.0810088],[120.2107982,23.0807296],[120.210883,23.0804674],[120.2110764,23.0799934],[120.2113522,23.0793379],[120.2115637,23.0788635],[120.2116269,23.0787155]],[[120.2116269,23.0787155],[120.2117397,23.0784291],[120.2118887,23.0780809],[120.212121,23.0775416],[120.2124885,23.076719],[120.2131329,23.0753395],[120.2136185,23.0742661],[120.21379,23.0738911],[120.213873,23.0738174]],[[120.2117236,23.078705],[120.2116249,23.0789355],[120.2114389,23.07937],[120.211164,23.0800227],[120.210972,23.080491],[120.2108869,23.0807433],[120.2108133,23.0810319],[120.210768,23.0812941],[120.2107379,23.081499],[120.2107,23.0819442],[120.2106364,23.082833],[120.2105663,23.0841179],[120.2105301,23.0847219]],[[120.2085648,23.0989677],[120.2084912,23.0992846],[120.2083701,23.0999961],[120.2083047,23.1003784],[120.2081538,23.10103],[120.2079445,23.1016102]],[[120.213873,23.0738174],[120.2138646,23.073927],[120.2137082,23.0742762],[120.213212,23.0753708],[120.2129895,23.0758484],[120.2125685,23.0767755]],[[120.2140443,23.0734918],[120.213873,23.0738174]],[[120.2078559,23.1015802],[120.2080712,23.1010072],[120.208222,23.1003725],[120.2082818,23.0999919],[120.2084019,23.0992874],[120.2084503,23.0990615],[120.2084758,23.0989554],[120.2085414,23.098762],[120.208616,23.0985431],[120.2090212,23.0976354],[120.2094765,23.0965856]],[[120.2105301,23.0847219],[120.2105551,23.0856189],[120.2105568,23.0859191],[120.2105118,23.0863874],[120.2104649,23.086712],[120.2104137,23.0869847],[120.2103896,23.0872025],[120.2103718,23.087428],[120.2102325,23.0891997],[120.2102086,23.0895513],[120.2101807,23.0898932],[120.2101412,23.0902288],[120.2101052,23.0906495],[120.2099606,23.0925023]],[[120.2094765,23.0965856],[120.2095794,23.0961819],[120.2096467,23.0955616],[120.209831,23.0930004],[120.2100138,23.090437],[120.2100292,23.0902218]],[[120.2100292,23.0902218],[120.2100565,23.0898774],[120.2100907,23.089542],[120.2101314,23.0891936],[120.2102523,23.0875082],[120.2102928,23.0871899],[120.2103275,23.0869727],[120.2103668,23.086728],[120.2104215,23.0863857]],[[120.2104215,23.0863857],[120.2104704,23.0859208],[120.210472,23.0856231],[120.2104384,23.0847149]],[[120.2097366,23.095571],[120.2096831,23.0961968],[120.2095743,23.096601]],[[120.2099606,23.0925023],[120.2099206,23.0930041],[120.2097366,23.095571]],[[120.2095743,23.096601],[120.2091006,23.0976557],[120.2086983,23.0985707],[120.2085648,23.0989677]]]}},{"type":"Feature","properties":{"name":"南131","named":true,"ref":"南131","cls":"dist","clsName":"區道","villages":["新吉里"],"length_m":1309,"surface":"瀝青","segments":8,"osm":[151695878,369449891,887434147,887925157,887925158,887925160,887925175,971159820],"bbox":[120.202514,23.077744,120.21053,23.084722],"id":"AD07-003"},"geometry":{"type":"MultiLineString","coordinates":[[[120.2048871,23.0830328],[120.2046407,23.0824876],[120.2044622,23.0820845],[120.2042835,23.0816554],[120.2035295,23.0799022]],[[120.2089605,23.0845698],[120.2079239,23.0844739],[120.2072943,23.0844227],[120.2062912,23.0843443],[120.206152,23.0843213]],[[120.2034363,23.0797471],[120.2032612,23.079337],[120.2029514,23.0787514],[120.2025137,23.0777439]],[[120.2054375,23.0842769],[120.20532,23.0840545],[120.2050545,23.0834295],[120.2048871,23.0830328]],[[120.206152,23.0843213],[120.2054375,23.0842769]],[[120.2104384,23.0847149],[120.2102319,23.0846918],[120.2095549,23.0846259],[120.2089605,23.0845698]],[[120.2105301,23.0847219],[120.2104384,23.0847149]],[[120.2035295,23.0799022],[120.2034363,23.0797471]]]}},{"type":"Feature","properties":{"name":"安新一路","named":true,"ref":"","cls":"local","clsName":"一般道路","villages":["新吉里"],"length_m":1569,"surface":"","segments":1,"osm":[521558048],"bbox":[120.189647,23.076486,120.195333,23.089573],"id":"AD07-004"},"geometry":{"type":"LineString","coordinates":[[120.1953273,23.0895733],[120.1953328,23.0895225],[120.1953192,23.089468],[120.1951637,23.0891155],[120.1950506,23.0888593],[120.1949322,23.0885907],[120.1949001,23.0885179],[120.1948527,23.0884105],[120.1947915,23.0882718],[120.1946683,23.0879925],[120.1945025,23.0876166],[120.194428,23.0874479],[120.1944024,23.0873899],[120.1943757,23.0873288],[120.1943321,23.0872285],[120.1942994,23.0871532],[120.1941361,23.0867777],[120.1940112,23.0864906],[120.1936847,23.08574],[120.1936236,23.0855994],[120.1934842,23.0852789],[120.193433,23.0851612],[120.1932958,23.0848525],[120.1931722,23.0845745],[120.1931361,23.0844918],[120.1930679,23.0843357],[120.1929917,23.0841615],[120.1929381,23.0840387],[120.1928935,23.0839367],[120.1928315,23.0837887],[120.1927486,23.0835911],[120.1925376,23.0830877],[120.1923235,23.0825767],[120.1922682,23.0824448],[120.1922305,23.0823548],[120.1920989,23.0820409],[120.1920638,23.0819571],[120.1920191,23.0818505],[120.1919505,23.0816868],[120.1918909,23.0815497],[120.1914253,23.0804778],[120.1910356,23.0795806],[120.1908763,23.0792141],[120.1907283,23.0788732],[120.1905318,23.0784209],[120.1903417,23.0779833],[120.1901107,23.0774517],[120.1899148,23.0770006],[120.1897293,23.0765736],[120.1896948,23.0765215],[120.1896467,23.0764855]]}},{"type":"Feature","properties":{"name":"安新二路","named":true,"ref":"","cls":"local","clsName":"一般道路","villages":["新吉里"],"length_m":768,"surface":"","segments":1,"osm":[1289069714],"bbox":[120.191015,23.084639,120.195327,23.089803],"id":"AD07-005"},"geometry":{"type":"LineString","coordinates":[[120.1910148,23.0846386],[120.1910628,23.0847505],[120.1914209,23.0855851],[120.1915476,23.0858804],[120.1917875,23.0864396],[120.1921408,23.087263],[120.1922284,23.0873815],[120.1926036,23.087746],[120.1927806,23.0879178],[120.1928478,23.0879831],[120.1929276,23.0880602],[120.1937395,23.0888452],[120.1938814,23.0889824],[120.1946909,23.0897651],[120.194736,23.089794],[120.1947936,23.0898026],[120.1948456,23.0897906],[120.1948975,23.0897718],[120.1952523,23.0896397],[120.1952952,23.0896151],[120.1953273,23.0895733]]}},{"type":"Feature","properties":{"name":"新吉六路","named":true,"ref":"","cls":"local","clsName":"一般道路","villages":["新吉里"],"length_m":334,"surface":"","segments":1,"osm":[521558053],"bbox":[120.189857,23.083937,120.192893,23.085044],"id":"AD07-006"},"geometry":{"type":"LineString","coordinates":[[120.1898569,23.0850439],[120.1899147,23.0850393],[120.1899728,23.0850211],[120.1908567,23.0846966],[120.1910148,23.0846386],[120.1911758,23.0845785],[120.1916094,23.0844164],[120.1918279,23.0843341],[120.1920728,23.0842428],[120.1922641,23.0841714],[120.1925371,23.0840697],[120.1925671,23.0840585],[120.192766,23.0839843],[120.1928935,23.0839367]]}},{"type":"Feature","properties":{"name":"安新五路","named":true,"ref":"","cls":"local","clsName":"一般道路","villages":["新吉里"],"length_m":329,"surface":"","segments":1,"osm":[1348300161],"bbox":[120.187619,23.082931,120.189857,23.085044],"id":"AD07-007"},"geometry":{"type":"LineString","coordinates":[[120.187619,23.0829307],[120.1878239,23.0830766],[120.1897395,23.0849731],[120.1897886,23.0850183],[120.1898569,23.0850439]]}},{"type":"Feature","properties":{"name":"新吉里農路 01","named":false,"ref":"","cls":"farm","clsName":"農路/產業道路","villages":["新吉里"],"length_m":1441,"surface":"","segments":1,"osm":[142313442],"bbox":[120.210105,23.09065,120.224138,23.091252],"id":"AD07-008"},"geometry":{"type":"LineString","coordinates":[[120.2101052,23.0906495],[120.2129307,23.0909523],[120.2136705,23.0909943],[120.2144005,23.0910499],[120.2158079,23.0911697],[120.2158891,23.0911659],[120.2168869,23.0912522],[120.217131,23.0912448],[120.2179486,23.0911953],[120.2187671,23.0911338],[120.2192608,23.091115],[120.2198772,23.0910498],[120.2204811,23.0910178],[120.221203,23.0909649],[120.221959,23.0908994],[120.2230513,23.090808],[120.2241379,23.0907451]]}},{"type":"Feature","properties":{"name":"新吉里農路 02","named":false,"ref":"","cls":"farm","clsName":"農路/產業道路","villages":["新吉里"],"length_m":916,"surface":"瀝青","segments":2,"osm":[142669375,1060985979],"bbox":[120.192496,23.085022,120.200781,23.088131],"id":"AD07-009"},"geometry":{"type":"MultiLineString","coordinates":[[[120.1924962,23.0881306],[120.1925545,23.0880948],[120.1927594,23.0880069],[120.1928478,23.0879831],[120.192945,23.0879529],[120.1943342,23.0874148],[120.1944024,23.0873899],[120.1944886,23.0873583],[120.1949499,23.0871866],[120.1980778,23.086026],[120.1995949,23.0854635]],[[120.1995949,23.0854635],[120.1997187,23.0854174],[120.1998409,23.0853718],[120.1999511,23.0853308],[120.2000732,23.0852853],[120.2001818,23.0852449],[120.200448,23.0851457],[120.200781,23.0850216]]]}},{"type":"Feature","properties":{"name":"新吉里農路 03","named":false,"ref":"","cls":"farm","clsName":"農路/產業道路","villages":["新吉里"],"length_m":801,"surface":"","segments":1,"osm":[150783469],"bbox":[120.196361,23.081986,120.199277,23.088667],"id":"AD07-010"},"geometry":{"type":"LineString","coordinates":[[120.1963613,23.0819856],[120.1964144,23.0821507],[120.1965309,23.0824888],[120.1973017,23.0842555],[120.1980778,23.086026],[120.1988633,23.087784],[120.199277,23.0886667]]}},{"type":"Feature","properties":{"name":"新吉里農路 04","named":false,"ref":"","cls":"farm","clsName":"農路/產業道路","villages":["新吉里"],"length_m":743,"surface":"","segments":1,"osm":[146247749],"bbox":[120.19707,23.079902,120.20353,23.082304],"id":"AD07-011"},"geometry":{"type":"LineString","coordinates":[[120.1970696,23.0823036],[120.1973343,23.0821895],[120.1978776,23.0819942],[120.198898,23.0816213],[120.1995675,23.0813635],[120.2023766,23.0802963],[120.2025724,23.0802396],[120.2025482,23.0800964],[120.2025003,23.0799882],[120.2035295,23.0799022]]}},{"type":"Feature","properties":{"name":"新吉里農路 05","named":false,"ref":"","cls":"farm","clsName":"農路/產業道路","villages":["新吉里"],"length_m":702,"surface":"","segments":1,"osm":[142669385],"bbox":[120.203167,23.089956,120.210014,23.090437],"id":"AD07-012"},"geometry":{"type":"LineString","coordinates":[[120.2031672,23.0899562],[120.2038686,23.0899803],[120.2058041,23.0901194],[120.2078456,23.0902662],[120.2100138,23.090437]]}},{"type":"Feature","properties":{"name":"新吉里農路 06","named":false,"ref":"","cls":"farm","clsName":"農路/產業道路","villages":["新吉里"],"length_m":691,"surface":"","segments":1,"osm":[150783468],"bbox":[120.19792,23.079379,120.200448,23.085146],"id":"AD07-013"},"geometry":{"type":"LineString","coordinates":[[120.1979199,23.0793794],[120.1981917,23.0799932],[120.1984332,23.080554],[120.1985481,23.0808295],[120.1988697,23.0815352],[120.198898,23.0816213],[120.1996688,23.0833766],[120.200448,23.0851457]]}},{"type":"Feature","properties":{"name":"新吉里農路 07","named":false,"ref":"","cls":"farm","clsName":"農路/產業道路","villages":["新吉里"],"length_m":654,"surface":"","segments":1,"osm":[142669380],"bbox":[120.196074,23.087652,120.202,23.089856],"id":"AD07-014"},"geometry":{"type":"LineString","coordinates":[[120.1960742,23.0898558],[120.199277,23.0886667],[120.2020001,23.0876522]]}},{"type":"Feature","properties":{"name":"新吉里農路 08","named":false,"ref":"","cls":"farm","clsName":"農路/產業道路","villages":["新吉里"],"length_m":651,"surface":"","segments":1,"osm":[142669370],"bbox":[120.19571,23.086767,120.201617,23.088951],"id":"AD07-015"},"geometry":{"type":"LineString","coordinates":[[120.19571,23.0889514],[120.1988633,23.087784],[120.2016175,23.0867672]]}},{"type":"Feature","properties":{"name":"新吉里農路 09","named":false,"ref":"","cls":"farm","clsName":"農路/產業道路","villages":["新吉里"],"length_m":506,"surface":"","segments":1,"osm":[146247799],"bbox":[120.20791,23.080606,120.208297,23.084833],"id":"AD07-016"},"geometry":{"type":"LineString","coordinates":[[120.2082972,23.0848333],[120.2079271,23.0847975],[120.2079096,23.0846766],[120.2079239,23.0844739],[120.2080892,23.082831],[120.2082896,23.0806063]]}},{"type":"Feature","properties":{"name":"新吉里農路 10","named":false,"ref":"","cls":"farm","clsName":"農路/產業道路","villages":["新吉里"],"length_m":490,"surface":"","segments":1,"osm":[146247757],"bbox":[120.205438,23.084277,120.206143,23.088552],"id":"AD07-017"},"geometry":{"type":"LineString","coordinates":[[120.2059188,23.0885515],[120.2061314,23.0861035],[120.2061432,23.0858708],[120.2058286,23.0851325],[120.2054375,23.0842769]]}},{"type":"Feature","properties":{"name":"新吉里農路 11","named":false,"ref":"","cls":"farm","clsName":"農路/產業道路","villages":["新吉里"],"length_m":487,"surface":"","segments":1,"osm":[369449890],"bbox":[120.210813,23.081032,120.212778,23.084613],"id":"AD07-018"},"geometry":{"type":"LineString","coordinates":[[120.2125627,23.084613],[120.2125839,23.0844469],[120.2127782,23.0829846],[120.2127702,23.0828674],[120.2125824,23.0824985],[120.2124335,23.0822456],[120.2123004,23.0821276],[120.2108133,23.0810319]]}},{"type":"Feature","properties":{"name":"新吉里農路 12","named":false,"ref":"","cls":"farm","clsName":"農路/產業道路","villages":["新吉里"],"length_m":478,"surface":"","segments":2,"osm":[146247801,887929925],"bbox":[120.205997,23.08023,120.206271,23.084321],"id":"AD07-019"},"geometry":{"type":"MultiLineString","coordinates":[[[120.2062707,23.0802302],[120.2060685,23.0823025],[120.2059972,23.0830333]],[[120.2059972,23.0830333],[120.2060669,23.0830431],[120.20626,23.0830876],[120.2061731,23.0838873],[120.206152,23.0843213]]]}},{"type":"Feature","properties":{"name":"新吉里農路 13","named":false,"ref":"","cls":"farm","clsName":"農路/產業道路","villages":["新吉里"],"length_m":459,"surface":"瀝青","segments":1,"osm":[146247791],"bbox":[120.200896,23.08343,120.205055,23.084979],"id":"AD07-020"},"geometry":{"type":"LineString","coordinates":[[120.2008958,23.0849789],[120.2050545,23.0834295]]}},{"type":"Feature","properties":{"name":"新吉里農路 14","named":false,"ref":"","cls":"farm","clsName":"農路/產業道路","villages":["新吉里"],"length_m":453,"surface":"","segments":1,"osm":[146247849],"bbox":[120.200177,23.081655,120.204284,23.083176],"id":"AD07-021"},"geometry":{"type":"LineString","coordinates":[[120.2001767,23.0831764],[120.2042835,23.0816554]]}},{"type":"Feature","properties":{"name":"新吉里農路 15","named":false,"ref":"","cls":"farm","clsName":"農路/產業道路","villages":["新吉里"],"length_m":440,"surface":"","segments":1,"osm":[150783466],"bbox":[120.194171,23.083942,120.198152,23.085443],"id":"AD07-022"},"geometry":{"type":"LineString","coordinates":[[120.194171,23.0854428],[120.1973017,23.0842555],[120.1981516,23.0839421]]}},{"type":"Feature","properties":{"name":"新吉里農路 16","named":false,"ref":"","cls":"farm","clsName":"農路/產業道路","villages":["新吉里"],"length_m":432,"surface":"","segments":1,"osm":[147122884],"bbox":[120.200206,23.078119,120.202951,23.079635],"id":"AD07-023"},"geometry":{"type":"LineString","coordinates":[[120.2003202,23.0781187],[120.2002063,23.078577],[120.2003782,23.078938],[120.2004581,23.0789874],[120.2007415,23.0796348],[120.2008112,23.0796052],[120.2010328,23.0795994],[120.2011451,23.0795571],[120.2029514,23.0787514]]}},{"type":"Feature","properties":{"name":"新吉里農路 17","named":false,"ref":"","cls":"farm","clsName":"農路/產業道路","villages":["新吉里"],"length_m":429,"surface":"","segments":2,"osm":[146247811,887434146],"bbox":[120.203436,23.079591,120.207519,23.080165],"id":"AD07-024"},"geometry":{"type":"MultiLineString","coordinates":[[[120.2075194,23.0801648],[120.2049525,23.0797749],[120.2036468,23.0795908]],[[120.2036468,23.0795908],[120.2034363,23.0797471]]]}},{"type":"Feature","properties":{"name":"新吉里農路 18","named":false,"ref":"","cls":"farm","clsName":"農路/產業道路","villages":["新吉里"],"length_m":428,"surface":"瀝青","segments":1,"osm":[146247840],"bbox":[120.201982,23.085133,120.205829,23.086655],"id":"AD07-025"},"geometry":{"type":"LineString","coordinates":[[120.2019815,23.0866548],[120.2058286,23.0851325]]}},{"type":"Feature","properties":{"name":"新吉里農路 19","named":false,"ref":"","cls":"farm","clsName":"農路/產業道路","villages":["新吉里"],"length_m":401,"surface":"","segments":1,"osm":[142669361],"bbox":[120.215788,23.084814,120.216975,23.087521],"id":"AD07-026"},"geometry":{"type":"LineString","coordinates":[[120.2169754,23.087444],[120.2160276,23.087521],[120.2159937,23.0874945],[120.2157877,23.0848137]]}},{"type":"Feature","properties":{"name":"新吉里農路 20","named":false,"ref":"","cls":"farm","clsName":"農路/產業道路","villages":["新吉里"],"length_m":375,"surface":"","segments":1,"osm":[150783467],"bbox":[120.193341,23.082405,120.196733,23.083675],"id":"AD07-027"},"geometry":{"type":"LineString","coordinates":[[120.1967329,23.082405],[120.1965309,23.0824888],[120.195895,23.0827184],[120.193341,23.0836749]]}},{"type":"Feature","properties":{"name":"新吉里農路 21","named":false,"ref":"","cls":"farm","clsName":"農路/產業道路","villages":["新吉里"],"length_m":350,"surface":"瀝青","segments":1,"osm":[146247845],"bbox":[120.20795,23.086017,120.208198,23.089156],"id":"AD07-028"},"geometry":{"type":"LineString","coordinates":[[120.2079496,23.0891559],[120.2080594,23.0876038],[120.2081982,23.086017]]}},{"type":"Feature","properties":{"name":"新吉里農路 22","named":false,"ref":"","cls":"farm","clsName":"農路/產業道路","villages":["新吉里"],"length_m":342,"surface":"瀝青","segments":1,"osm":[146247734],"bbox":[120.203041,23.086104,120.206131,23.087272],"id":"AD07-029"},"geometry":{"type":"LineString","coordinates":[[120.203041,23.0872719],[120.2061314,23.0861035]]}},{"type":"Feature","properties":{"name":"新吉里農路 23","named":false,"ref":"","cls":"farm","clsName":"農路/產業道路","villages":["新吉里"],"length_m":329,"surface":"瀝青","segments":1,"osm":[741618007],"bbox":[120.192956,23.081432,120.19592,23.082587],"id":"AD07-030"},"geometry":{"type":"LineString","coordinates":[[120.19592,23.0814322],[120.1929556,23.0825874]]}},{"type":"Feature","properties":{"name":"新吉里農路 24","named":false,"ref":"","cls":"farm","clsName":"農路/產業道路","villages":["新吉里"],"length_m":272,"surface":"","segments":1,"osm":[146247763],"bbox":[120.206143,23.085871,120.208792,23.086072],"id":"AD07-031"},"geometry":{"type":"LineString","coordinates":[[120.208792,23.0860723],[120.2081982,23.086017],[120.2061432,23.0858708]]}},{"type":"Feature","properties":{"name":"新吉里農路 25","named":false,"ref":"","cls":"farm","clsName":"農路/產業道路","villages":["新吉里"],"length_m":239,"surface":"瀝青","segments":1,"osm":[142669350],"bbox":[120.213117,23.087548,120.213403,23.089681],"id":"AD07-032"},"geometry":{"type":"LineString","coordinates":[[120.2134032,23.0875481],[120.2131172,23.0896811]]}},{"type":"Feature","properties":{"name":"新吉里農路 26","named":false,"ref":"","cls":"farm","clsName":"農路/產業道路","villages":["新吉里"],"length_m":238,"surface":"瀝青","segments":1,"osm":[741618008],"bbox":[120.196271,23.080554,120.198433,23.081343],"id":"AD07-033"},"geometry":{"type":"LineString","coordinates":[[120.1962711,23.0813426],[120.1983637,23.0805741],[120.1984332,23.080554]]}},{"type":"Feature","properties":{"name":"公學路一段6巷","named":true,"ref":"","cls":"farm","clsName":"農路/產業道路","villages":["新吉里"],"length_m":224,"surface":"","segments":1,"osm":[1370040337],"bbox":[120.207197,23.078172,120.207522,23.080165],"id":"AD07-034"},"geometry":{"type":"LineString","coordinates":[[120.2071972,23.0781719],[120.2072737,23.0786685],[120.2074027,23.0794492],[120.2074389,23.0796898],[120.2074791,23.0799082],[120.2075113,23.0800649],[120.2075221,23.080134],[120.2075194,23.0801648]]}},{"type":"Feature","properties":{"name":"新吉里農路 27","named":false,"ref":"","cls":"farm","clsName":"農路/產業道路","villages":["新吉里"],"length_m":139,"surface":"","segments":1,"osm":[887925159],"bbox":[120.205804,23.088874,120.20589,23.090119],"id":"AD07-035"},"geometry":{"type":"LineString","coordinates":[[120.2058041,23.0901194],[120.2058898,23.0888738]]}},{"type":"Feature","properties":{"name":"新吉里農路 28","named":false,"ref":"","cls":"farm","clsName":"農路/產業道路","villages":["新吉里"],"length_m":132,"surface":"","segments":1,"osm":[150783465],"bbox":[120.198476,23.083377,120.199669,23.083833],"id":"AD07-036"},"geometry":{"type":"LineString","coordinates":[[120.1996688,23.0833766],[120.1984756,23.0838328]]}},{"type":"Feature","properties":{"name":"新吉里農路 29","named":false,"ref":"","cls":"farm","clsName":"農路/產業道路","villages":["新吉里"],"length_m":116,"surface":"","segments":1,"osm":[1289151181],"bbox":[120.193881,23.088591,120.194932,23.088982],"id":"AD07-037"},"geometry":{"type":"LineString","coordinates":[[120.1949322,23.0885907],[120.1948514,23.0886208],[120.1947452,23.0886604],[120.1940758,23.08891],[120.1939758,23.0889473],[120.1938814,23.0889824]]}},{"type":"Feature","properties":{"name":"新吉里農路 30","named":false,"ref":"","cls":"farm","clsName":"農路/產業道路","villages":["新吉里"],"length_m":90,"surface":"","segments":1,"osm":[1507992880],"bbox":[120.193664,23.086326,120.194136,23.086862],"id":"AD07-038"},"geometry":{"type":"LineString","coordinates":[[120.1941361,23.0867777],[120.1940674,23.0868017],[120.1938964,23.0868615],[120.1936644,23.0863261]]}},{"type":"Feature","properties":{"name":"新吉里農路 31","named":false,"ref":"","cls":"farm","clsName":"農路/產業道路","villages":["新吉里"],"length_m":88,"surface":"","segments":1,"osm":[977359269],"bbox":[120.207846,23.089476,120.207921,23.090266],"id":"AD07-039"},"geometry":{"type":"LineString","coordinates":[[120.2079213,23.0894756],[120.2078456,23.0902662]]}},{"type":"Feature","properties":{"name":"新吉里農路 32","named":false,"ref":"","cls":"farm","clsName":"農路/產業道路","villages":["新吉里"],"length_m":66,"surface":"","segments":1,"osm":[1441800630],"bbox":[120.202059,23.087407,120.202658,23.08763],"id":"AD07-040"},"geometry":{"type":"LineString","coordinates":[[120.202059,23.0876302],[120.2026584,23.0874069]]}},{"type":"Feature","properties":{"name":"新吉里農路 33","named":false,"ref":"","cls":"farm","clsName":"農路/產業道路","villages":["新吉里"],"length_m":38,"surface":"","segments":1,"osm":[887434145],"bbox":[120.207267,23.084423,120.207294,23.084763],"id":"AD07-041"},"geometry":{"type":"LineString","coordinates":[[120.2072943,23.0844227],[120.2072666,23.0847628]]}},{"type":"Feature","properties":{"name":"新吉里巷道 01","named":false,"ref":"","cls":"lane","clsName":"巷道","villages":["新吉里"],"length_m":4199,"surface":"瀝青","segments":1,"osm":[535058689],"bbox":[120.19553,23.080348,120.230891,23.089697],"id":"AD07-042"},"geometry":{"type":"LineString","coordinates":[[120.1955299,23.0803478],[120.1956042,23.0804667],[120.1958772,23.0808387],[120.1962711,23.0813426],[120.1964575,23.0815811],[120.1968892,23.0820724],[120.1970696,23.0823036],[120.1972875,23.08254],[120.1979361,23.0832743],[120.1984756,23.0838328],[120.1990692,23.0844184],[120.1999334,23.0851647],[120.199985,23.0852092],[120.2000732,23.0852853],[120.2001553,23.0853442],[120.2001774,23.0853614],[120.2009341,23.0859486],[120.2013179,23.0862175],[120.2017068,23.0864761],[120.2019815,23.0866548],[120.2025075,23.0869781],[120.203041,23.0872719],[120.2033952,23.0874844],[120.2047091,23.0880983],[120.2055244,23.0884029],[120.2059188,23.0885515],[120.2071657,23.0889508],[120.2079496,23.0891559],[120.2089125,23.0893687],[120.2097505,23.0895007],[120.2099249,23.0895253],[120.2100907,23.089542],[120.2102086,23.0895513],[120.2107492,23.0896022],[120.2123946,23.0896969],[120.2131172,23.0896811],[120.2133917,23.0896673],[120.2143859,23.0896252],[120.215554,23.0894963],[120.2160296,23.0894398],[120.2163992,23.0893641],[120.2169401,23.0892659],[120.2171279,23.0892387],[120.2175839,23.0891943],[120.2190732,23.0887637],[120.2194829,23.0886268],[120.2202366,23.0883628],[120.2209111,23.08809],[120.2216581,23.0877633],[120.2218647,23.0876547],[120.2226345,23.0872624],[120.223634,23.0867137],[120.2237535,23.0866421],[120.2247354,23.0860538],[120.2258034,23.0853728],[120.2258909,23.0853197],[120.2275496,23.0842583],[120.2292314,23.0832861],[120.2308914,23.0824646]]}},{"type":"Feature","properties":{"name":"新吉里巷道 02","named":false,"ref":"","cls":"lane","clsName":"巷道","villages":["新吉里"],"length_m":1924,"surface":"瀝青","segments":2,"osm":[142313489,287304442],"bbox":[120.195227,23.080483,120.210029,23.090222],"id":"AD07-043"},"geometry":{"type":"MultiLineString","coordinates":[[[120.2100292,23.0902218],[120.2100002,23.0901099],[120.2099727,23.0900342],[120.2099184,23.0899679],[120.2098527,23.089915],[120.2097859,23.0898704],[120.2096813,23.0898073]],[[120.2096813,23.0898073],[120.2087848,23.0896576],[120.2079213,23.0894756],[120.2070862,23.0892623],[120.2058898,23.0888738],[120.2048722,23.0885036],[120.2040537,23.088117],[120.203349,23.0877842],[120.2026584,23.0874069],[120.2024523,23.0872807],[120.2020316,23.0870334],[120.2016175,23.0867672],[120.2014702,23.0866729],[120.2009635,23.0863301],[120.2007044,23.0861525],[120.2004525,23.0859654],[120.2000972,23.0857014],[120.199815,23.0854896],[120.1997755,23.08546],[120.1997187,23.0854174],[120.1995903,23.085306],[120.1992295,23.084993],[120.1986768,23.0844616],[120.1981516,23.0839421],[120.1979168,23.0837244],[120.1975602,23.0833532],[120.1971899,23.0829362],[120.1969495,23.0826515],[120.1967329,23.082405],[120.196546,23.082204],[120.1963613,23.0819856],[120.1961701,23.0817591],[120.19592,23.0814322],[120.1956837,23.0811235],[120.1953546,23.0806689],[120.1953296,23.0806344],[120.195227,23.0804827]]]}},{"type":"Feature","properties":{"name":"新吉里巷道 03","named":false,"ref":"","cls":"lane","clsName":"巷道","villages":["新吉里"],"length_m":1727,"surface":"","segments":1,"osm":[142669388],"bbox":[120.21039,23.087203,120.216109,23.097418],"id":"AD07-044"},"geometry":{"type":"LineString","coordinates":[[120.2136558,23.0974178],[120.2137436,23.097369],[120.2141817,23.0973358],[120.214618,23.0973028],[120.2148395,23.0972791],[120.2148985,23.0972471],[120.214932,23.0971891],[120.2149923,23.0969867],[120.2151144,23.0960554],[120.2152503,23.0950375],[120.2154955,23.0932185],[120.2156527,23.0922008],[120.2158079,23.0911697],[120.2159634,23.0898821],[120.2160296,23.0894398],[120.2161091,23.0889746],[120.2154162,23.0877874],[120.2152821,23.0877455],[120.2149723,23.0876974],[120.2134032,23.0875481],[120.2122656,23.0874262],[120.2117334,23.087362],[120.2103896,23.0872025]]}},{"type":"Feature","properties":{"name":"新吉里巷道 04","named":false,"ref":"","cls":"lane","clsName":"巷道","villages":["新吉里"],"length_m":604,"surface":"瀝青","segments":2,"osm":[142313464,887925173],"bbox":[120.208769,23.086018,120.214567,23.086387],"id":"AD07-045"},"geometry":{"type":"MultiLineString","coordinates":[[[120.2145671,23.0860181],[120.2143014,23.0861557],[120.2141138,23.0862208],[120.2140709,23.0862262],[120.2139127,23.0862391],[120.2134569,23.0862218],[120.2130632,23.0861982],[120.2124057,23.0861853],[120.2122897,23.0862455],[120.2121584,23.0863135],[120.2119178,23.0863697],[120.2117053,23.0863774],[120.2114194,23.0863859],[120.2110387,23.0863746],[120.2105118,23.0863874],[120.2104215,23.0863857]],[[120.2104215,23.0863857],[120.2087685,23.08623]]]}},{"type":"Feature","properties":{"name":"新吉里巷道 05","named":false,"ref":"","cls":"lane","clsName":"巷道","villages":["新吉里"],"length_m":542,"surface":"","segments":1,"osm":[369449892],"bbox":[120.212584,23.084364,120.215507,23.087787],"id":"AD07-046"},"geometry":{"type":"LineString","coordinates":[[120.2125839,23.0844469],[120.2131451,23.0845098],[120.2132204,23.0845002],[120.2136321,23.0843645],[120.214005,23.0850122],[120.2143229,23.0855812],[120.2145671,23.0860181],[120.2147672,23.0863763],[120.2151396,23.0870427],[120.2155073,23.0877236],[120.2154162,23.0877874]]}},{"type":"Feature","properties":{"name":"新吉里巷道 06","named":false,"ref":"","cls":"lane","clsName":"巷道","villages":["新吉里"],"length_m":485,"surface":"","segments":1,"osm":[146247844],"bbox":[120.210465,23.086712,120.21514,23.087171],"id":"AD07-047"},"geometry":{"type":"LineString","coordinates":[[120.2104649,23.086712],[120.2108585,23.0867307],[120.2110308,23.0867477],[120.2115975,23.0868036],[120.2124168,23.0868698],[120.2124413,23.0868708],[120.2128565,23.086888],[120.2131019,23.0868869],[120.213407,23.0869266],[120.213553,23.0869481],[120.2136626,23.0869723],[120.2141143,23.0870925],[120.2145199,23.0871699],[120.2145907,23.0871713],[120.2147562,23.0871607],[120.2148487,23.0871366],[120.21496,23.0871063],[120.2151396,23.0870427]]}},{"type":"Feature","properties":{"name":"新吉里巷道 07","named":false,"ref":"","cls":"lane","clsName":"巷道","villages":["新吉里"],"length_m":392,"surface":"","segments":1,"osm":[146247781],"bbox":[120.208744,23.08457,120.210367,23.086728],"id":"AD07-048"},"geometry":{"type":"LineString","coordinates":[[120.2089605,23.0845698],[120.2089075,23.0852356],[120.2088599,23.0855778],[120.208792,23.0860723],[120.2087685,23.08623],[120.2087443,23.0865841],[120.2103668,23.086728]]}},{"type":"Feature","properties":{"name":"新吉里巷道 08","named":false,"ref":"","cls":"lane","clsName":"巷道","villages":["新吉里"],"length_m":376,"surface":"","segments":1,"osm":[142313440],"bbox":[120.21053,23.084722,120.214179,23.085021],"id":"AD07-049"},"geometry":{"type":"LineString","coordinates":[[120.2141793,23.0849772],[120.214005,23.0850122],[120.2136799,23.085021],[120.2135358,23.0850139],[120.2133798,23.0850063],[120.2129861,23.0849625],[120.2124923,23.0848949],[120.2115407,23.0848114],[120.2105301,23.0847219]]}},{"type":"Feature","properties":{"name":"公學路一段42巷","named":true,"ref":"","cls":"lane","clsName":"巷道","villages":["新吉里"],"length_m":281,"surface":"","segments":1,"osm":[146247793],"bbox":[120.204953,23.077254,120.205121,23.079775],"id":"AD07-050"},"geometry":{"type":"LineString","coordinates":[[120.2049525,23.0797749],[120.204976,23.0790788],[120.2050636,23.0781574],[120.2050806,23.0779783],[120.2050993,23.0776797],[120.2051206,23.0772541]]}},{"type":"Feature","properties":{"name":"新吉里巷道 09","named":false,"ref":"","cls":"lane","clsName":"巷道","villages":["新吉里"],"length_m":216,"surface":"","segments":1,"osm":[147115805],"bbox":[120.212857,23.085006,120.21338,23.086888],"id":"AD07-051"},"geometry":{"type":"LineString","coordinates":[[120.2128565,23.086888],[120.2129039,23.0866703],[120.2130632,23.0861982],[120.2131472,23.0858688],[120.2132616,23.0854958],[120.2133798,23.0850063]]}},{"type":"Feature","properties":{"name":"新吉里巷道 10","named":false,"ref":"","cls":"lane","clsName":"巷道","villages":["新吉里"],"length_m":202,"surface":"","segments":1,"osm":[147115799],"bbox":[120.212911,23.084962,120.214323,23.085637],"id":"AD07-052"},"geometry":{"type":"LineString","coordinates":[[120.2129861,23.0849625],[120.2129113,23.0854464],[120.2132616,23.0854958],[120.2135954,23.0855623],[120.2137805,23.0856191],[120.2138621,23.0856368],[120.2141434,23.0856214],[120.2142281,23.085602],[120.2143229,23.0855812]]}},{"type":"Feature","properties":{"name":"新吉里巷道 11","named":false,"ref":"","cls":"lane","clsName":"巷道","villages":["新吉里"],"length_m":189,"surface":"","segments":1,"osm":[146247714],"bbox":[120.208708,23.086584,120.210328,23.086973],"id":"AD07-053"},"geometry":{"type":"LineString","coordinates":[[120.2087443,23.0865841],[120.2087083,23.0867398],[120.2087339,23.0867951],[120.2103275,23.0869727]]}},{"type":"Feature","properties":{"name":"新吉里巷道 12","named":false,"ref":"","cls":"lane","clsName":"巷道","villages":["新吉里"],"length_m":174,"surface":"","segments":1,"osm":[147039438],"bbox":[120.20886,23.08557,120.210472,23.085659],"id":"AD07-054"},"geometry":{"type":"LineString","coordinates":[[120.2088599,23.0855778],[120.209433,23.0856246],[120.2097058,23.0856586],[120.2097272,23.0855698],[120.2100785,23.0855934],[120.210472,23.0856231]]}},{"type":"Feature","properties":{"name":"新吉里巷道 13","named":false,"ref":"","cls":"lane","clsName":"巷道","villages":["新吉里"],"length_m":156,"surface":"","segments":1,"osm":[180212107],"bbox":[120.203218,23.082488,120.204641,23.083003],"id":"AD07-055"},"geometry":{"type":"LineString","coordinates":[[120.2046407,23.0824876],[120.2032179,23.0830031]]}},{"type":"Feature","properties":{"name":"新吉里巷道 14","named":false,"ref":"","cls":"lane","clsName":"巷道","villages":["新吉里"],"length_m":156,"surface":"","segments":1,"osm":[887925164],"bbox":[120.210372,23.087362,120.211733,23.08754],"id":"AD07-056"},"geometry":{"type":"LineString","coordinates":[[120.2117334,23.087362],[120.2116923,23.0875404],[120.2103718,23.087428]]}},{"type":"Feature","properties":{"name":"新吉里巷道 15","named":false,"ref":"","cls":"lane","clsName":"巷道","villages":["新吉里"],"length_m":151,"surface":"","segments":1,"osm":[180212102],"bbox":[120.203095,23.082085,120.204462,23.082594],"id":"AD07-057"},"geometry":{"type":"LineString","coordinates":[[120.2044622,23.0820845],[120.2030954,23.0825936]]}},{"type":"Feature","properties":{"name":"新吉里巷道 16","named":false,"ref":"","cls":"lane","clsName":"巷道","villages":["新吉里"],"length_m":144,"surface":"","segments":1,"osm":[146247767],"bbox":[120.212406,23.084895,120.212492,23.086185],"id":"AD07-058"},"geometry":{"type":"LineString","coordinates":[[120.2124923,23.0848949],[120.2124813,23.0851169],[120.2124677,23.0854037],[120.2124456,23.0858672],[120.2124057,23.0861853]]}},{"type":"Feature","properties":{"name":"新吉里巷道 17","named":false,"ref":"","cls":"lane","clsName":"巷道","villages":["新吉里"],"length_m":143,"surface":"","segments":1,"osm":[147111073],"bbox":[120.21099,23.085091,120.211039,23.086375],"id":"AD07-059"},"geometry":{"type":"LineString","coordinates":[[120.2110387,23.0863746],[120.2110271,23.0859427],[120.21099,23.0858161],[120.2110356,23.0850907]]}},{"type":"Feature","properties":{"name":"新吉里巷道 18","named":false,"ref":"","cls":"lane","clsName":"巷道","villages":["新吉里"],"length_m":138,"surface":"","segments":1,"osm":[147115798],"bbox":[120.211292,23.084811,120.211575,23.085787],"id":"AD07-060"},"geometry":{"type":"LineString","coordinates":[[120.2115747,23.085787],[120.2114875,23.0857451],[120.2114913,23.0855427],[120.211292,23.0855114],[120.2113821,23.0852219],[120.2114879,23.0851141],[120.2115254,23.0850524],[120.2115407,23.0848114]]}},{"type":"Feature","properties":{"name":"新吉里巷道 19","named":false,"ref":"","cls":"lane","clsName":"巷道","villages":["新吉里"],"length_m":117,"surface":"","segments":1,"osm":[147122908],"bbox":[120.20515,23.082209,120.206069,23.082436],"id":"AD07-061"},"geometry":{"type":"LineString","coordinates":[[120.2051497,23.0824364],[120.2051765,23.0822093],[120.2060685,23.0823025]]}},{"type":"Feature","properties":{"name":"新吉里巷道 20","named":false,"ref":"","cls":"lane","clsName":"巷道","villages":["新吉里"],"length_m":114,"surface":"","segments":1,"osm":[147122885],"bbox":[120.204887,23.083009,120.205997,23.083033],"id":"AD07-062"},"geometry":{"type":"LineString","coordinates":[[120.2048871,23.0830328],[120.2050048,23.0830087],[120.2059972,23.0830333]]}},{"type":"Feature","properties":{"name":"新吉里巷道 21","named":false,"ref":"","cls":"lane","clsName":"巷道","villages":["新吉里"],"length_m":112,"surface":"","segments":1,"osm":[147039444],"bbox":[120.209433,23.084626,120.209555,23.085625],"id":"AD07-063"},"geometry":{"type":"LineString","coordinates":[[120.209433,23.0856246],[120.2094824,23.0853066],[120.2095549,23.0846259]]}},{"type":"Feature","properties":{"name":"新吉里巷道 22","named":false,"ref":"","cls":"lane","clsName":"巷道","villages":["新吉里"],"length_m":94,"surface":"","segments":1,"osm":[147115808],"bbox":[120.214592,23.086704,120.21502,23.087453],"id":"AD07-064"},"geometry":{"type":"LineString","coordinates":[[120.2145923,23.0867041],[120.2148487,23.0871366],[120.2150201,23.087453]]}},{"type":"Feature","properties":{"name":"新吉里巷道 23","named":false,"ref":"","cls":"lane","clsName":"巷道","villages":["新吉里"],"length_m":92,"surface":"","segments":1,"osm":[147115809],"bbox":[120.212914,23.085837,120.213492,23.086222],"id":"AD07-065"},"geometry":{"type":"LineString","coordinates":[[120.2134569,23.0862218],[120.2134917,23.085948],[120.2134756,23.0859221],[120.2131472,23.0858688],[120.2129145,23.0858372]]}},{"type":"Feature","properties":{"name":"新吉里巷道 24","named":false,"ref":"","cls":"lane","clsName":"巷道","villages":["新吉里"],"length_m":82,"surface":"","segments":1,"osm":[147039450],"bbox":[120.208907,23.085236,120.209703,23.085327],"id":"AD07-066"},"geometry":{"type":"LineString","coordinates":[[120.2089075,23.0852356],[120.2094824,23.0853066],[120.2097025,23.0853273]]}},{"type":"Feature","properties":{"name":"新吉里巷道 25","named":false,"ref":"","cls":"lane","clsName":"巷道","villages":["新吉里"],"length_m":78,"surface":"","segments":1,"osm":[147115800],"bbox":[120.213956,23.086905,120.214591,23.087171],"id":"AD07-067"},"geometry":{"type":"LineString","coordinates":[[120.2139564,23.0869054],[120.2145287,23.0870222],[120.2145907,23.0871713]]}},{"type":"Feature","properties":{"name":"新吉里巷道 26","named":false,"ref":"","cls":"lane","clsName":"巷道","villages":["新吉里"],"length_m":72,"surface":"瀝青","segments":1,"osm":[142313437],"bbox":[120.210141,23.089965,120.210746,23.090229],"id":"AD07-068"},"geometry":{"type":"LineString","coordinates":[[120.2107458,23.0899653],[120.2105521,23.0899752],[120.2104377,23.0900066],[120.2103322,23.0900502],[120.2102725,23.0900984],[120.2102109,23.0901618],[120.2101412,23.0902288]]}},{"type":"Feature","properties":{"name":"新吉里巷道 27","named":false,"ref":"","cls":"lane","clsName":"巷道","villages":["新吉里"],"length_m":72,"surface":"瀝青","segments":1,"osm":[142313444],"bbox":[120.210233,23.0892,120.210749,23.089602],"id":"AD07-069"},"geometry":{"type":"LineString","coordinates":[[120.2102325,23.0891997],[120.2103193,23.0893498],[120.2103861,23.0894143],[120.2104484,23.0894572],[120.2105161,23.0895067],[120.2107492,23.0896022]]}},{"type":"Feature","properties":{"name":"新吉里巷道 28","named":false,"ref":"","cls":"lane","clsName":"巷道","villages":["新吉里"],"length_m":69,"surface":"","segments":1,"osm":[147115806],"bbox":[120.211879,23.085752,120.211938,23.08637],"id":"AD07-070"},"geometry":{"type":"LineString","coordinates":[[120.2119178,23.0863697],[120.2118793,23.0862335],[120.2119383,23.0857524]]}},{"type":"Feature","properties":{"name":"新吉里巷道 29","named":false,"ref":"","cls":"lane","clsName":"巷道","villages":["新吉里"],"length_m":64,"surface":"","segments":1,"osm":[147115810],"bbox":[120.212266,23.08687,120.212417,23.087426],"id":"AD07-071"},"geometry":{"type":"LineString","coordinates":[[120.2122656,23.0874262],[120.2123043,23.0872762],[120.2124168,23.0868698]]}},{"type":"Feature","properties":{"name":"新吉里巷道 30","named":false,"ref":"","cls":"lane","clsName":"巷道","villages":["新吉里"],"length_m":54,"surface":"","segments":1,"osm":[147115803],"bbox":[120.210984,23.086748,120.211031,23.087231],"id":"AD07-072"},"geometry":{"type":"LineString","coordinates":[[120.2110308,23.0867477],[120.2109838,23.0872306]]}},{"type":"Feature","properties":{"name":"新吉里巷道 31","named":false,"ref":"","cls":"lane","clsName":"巷道","villages":["新吉里"],"length_m":53,"surface":"瀝青","segments":1,"osm":[142313459],"bbox":[120.20975,23.089194,120.210131,23.089501],"id":"AD07-073"},"geometry":{"type":"LineString","coordinates":[[120.2097505,23.0895007],[120.2098418,23.089466],[120.2099057,23.0894357],[120.2099723,23.0893813],[120.2100424,23.089308],[120.2101314,23.0891936]]}},{"type":"Feature","properties":{"name":"新吉里巷道 32","named":false,"ref":"","cls":"lane","clsName":"巷道","villages":["新吉里"],"length_m":48,"surface":"","segments":1,"osm":[147039437],"bbox":[120.210557,23.085919,120.211027,23.085943],"id":"AD07-074"},"geometry":{"type":"LineString","coordinates":[[120.2105568,23.0859191],[120.2110271,23.0859427]]}},{"type":"Feature","properties":{"name":"新吉里巷道 33","named":false,"ref":"","cls":"lane","clsName":"巷道","villages":["新吉里"],"length_m":44,"surface":"","segments":1,"osm":[147115797],"bbox":[120.211419,23.085987,120.211439,23.086386],"id":"AD07-075"},"geometry":{"type":"LineString","coordinates":[[120.2114392,23.0859868],[120.2114194,23.0863859]]}},{"type":"Feature","properties":{"name":"新吉里巷道 34","named":false,"ref":"","cls":"lane","clsName":"巷道","villages":["新吉里"],"length_m":38,"surface":"","segments":1,"osm":[887925168],"bbox":[120.214104,23.086221,120.214183,23.086542],"id":"AD07-076"},"geometry":{"type":"LineString","coordinates":[[120.2141138,23.0862208],[120.2141042,23.0863754],[120.2141149,23.0864433],[120.2141833,23.086542]]}},{"type":"Feature","properties":{"name":"新吉里巷道 35","named":false,"ref":"","cls":"lane","clsName":"巷道","villages":["新吉里"],"length_m":38,"surface":"","segments":1,"osm":[147115804],"bbox":[120.213768,23.086239,120.213913,23.08655],"id":"AD07-077"},"geometry":{"type":"LineString","coordinates":[[120.2137675,23.0865501],[120.2139127,23.0862391]]}},{"type":"Feature","properties":{"name":"新吉里巷道 36","named":false,"ref":"","cls":"lane","clsName":"巷道","villages":["新吉里"],"length_m":38,"surface":"","segments":1,"osm":[147115807],"bbox":[120.213583,23.086972,120.213663,23.087302],"id":"AD07-078"},"geometry":{"type":"LineString","coordinates":[[120.2135825,23.0873016],[120.2136626,23.0869723]]}},{"type":"Feature","properties":{"name":"新吉里巷道 37","named":false,"ref":"","cls":"lane","clsName":"巷道","villages":["新吉里"],"length_m":37,"surface":"","segments":1,"osm":[887925167],"bbox":[120.214439,23.086376,120.214767,23.086506],"id":"AD07-079"},"geometry":{"type":"LineString","coordinates":[[120.2147672,23.0863763],[120.2144395,23.0865062]]}},{"type":"Feature","properties":{"name":"新吉里巷道 38","named":false,"ref":"","cls":"lane","clsName":"巷道","villages":["新吉里"],"length_m":36,"surface":"","segments":1,"osm":[147115801],"bbox":[120.213333,23.086927,120.213407,23.087243],"id":"AD07-080"},"geometry":{"type":"LineString","coordinates":[[120.2133327,23.0872432],[120.213407,23.0869266]]}},{"type":"Feature","properties":{"name":"新吉里巷道 39","named":false,"ref":"","cls":"lane","clsName":"巷道","villages":["新吉里"],"length_m":32,"surface":"","segments":1,"osm":[147115567],"bbox":[120.214037,23.086226,120.214071,23.086512],"id":"AD07-081"},"geometry":{"type":"LineString","coordinates":[[120.2140709,23.0862262],[120.2140374,23.0865119]]}},{"type":"Feature","properties":{"name":"新吉里巷道 40","named":false,"ref":"","cls":"lane","clsName":"巷道","villages":["新吉里"],"length_m":32,"surface":"","segments":1,"osm":[887925162],"bbox":[120.21153,23.086804,120.211597,23.087082],"id":"AD07-082"},"geometry":{"type":"LineString","coordinates":[[120.2115975,23.0868036],[120.2115301,23.0870824]]}},{"type":"Feature","properties":{"name":"新吉里巷道 41","named":false,"ref":"","cls":"lane","clsName":"巷道","villages":["新吉里"],"length_m":26,"surface":"","segments":1,"osm":[887925166],"bbox":[120.212441,23.086637,120.212454,23.086871],"id":"AD07-083"},"geometry":{"type":"LineString","coordinates":[[120.2124413,23.0868708],[120.2124538,23.0866366]]}},{"type":"Feature","properties":{"name":"西港大橋","named":true,"ref":"台19線","cls":"main","clsName":"省道/市道","villages":["海寮里"],"length_m":1809,"surface":"瀝青","segments":2,"osm":[489591259,489591262],"bbox":[120.2038,23.102934,120.207315,23.110465],"id":"AD08-001"},"geometry":{"type":"MultiLineString","coordinates":[[[120.2037997,23.1104304],[120.2039257,23.1101707],[120.2054284,23.1068394],[120.2071024,23.1032267],[120.2072311,23.1029345]],[[120.207315,23.1029611],[120.2071929,23.1032384],[120.2055117,23.1068665],[120.2040093,23.1101932],[120.2038861,23.1104648]]]}},{"type":"Feature","properties":{"name":"台19線","named":true,"ref":"台19線","cls":"main","clsName":"省道/市道","villages":["海寮里","中沙里"],"length_m":558,"surface":"瀝青","segments":7,"osm":[23787209,489731855,489736569,489872340,489872343,887434137,887434164],"bbox":[120.207231,23.076776,120.212569,23.102961],"id":"AD08-002"},"geometry":{"type":"MultiLineString","coordinates":[[[120.2072712,23.1028419],[120.2073362,23.1027106]],[[120.2079445,23.1016102],[120.2076901,23.1021562],[120.2075437,23.1024743],[120.2074222,23.1027415]],[[120.2125685,23.0767755],[120.2122012,23.077573],[120.2119892,23.0780722],[120.2118232,23.0784551],[120.2117236,23.078705]],[[120.2074222,23.1027415],[120.2073557,23.1028761]],[[120.2073362,23.1027106],[120.2074584,23.1024522],[120.2076011,23.1021403],[120.2078559,23.1015802]],[[120.2072311,23.1029345],[120.2072712,23.1028419]],[[120.2073557,23.1028761],[120.207315,23.1029611]]]}},{"type":"Feature","properties":{"name":"海寮里農路 01","named":false,"ref":"","cls":"farm","clsName":"農路/產業道路","villages":["海寮里"],"length_m":2977,"surface":"","segments":1,"osm":[142669358],"bbox":[120.192518,23.081594,120.203157,23.098434],"id":"AD08-003"},"geometry":{"type":"LineString","coordinates":[[120.1968946,23.0965578],[120.1999489,23.0966308],[120.2009976,23.0968059],[120.2011371,23.0966752],[120.2018892,23.0973217],[120.2029583,23.0983775],[120.2030468,23.0984294],[120.2031525,23.0984344],[120.2031568,23.0983825],[120.2028567,23.0980538],[120.201443,23.0966835],[120.2013018,23.0965538],[120.2007212,23.0959983],[120.1999971,23.0952995],[120.1998952,23.0952096],[120.1988556,23.0942081],[120.1985665,23.0939385],[120.1981411,23.0935418],[120.1971352,23.0925573],[120.1963198,23.0917752],[120.1963359,23.0917184],[120.1963923,23.0916691],[120.1966122,23.0915161],[120.1966337,23.0914298],[120.1966685,23.0913335],[120.1966669,23.0912424],[120.1960742,23.0898558],[120.19571,23.0889514],[120.1949499,23.0871866],[120.194171,23.0854428],[120.193341,23.0836749],[120.1929556,23.0825874],[120.1925176,23.0815943]]}},{"type":"Feature","properties":{"name":"海寮里農路 02","named":false,"ref":"","cls":"farm","clsName":"農路/產業道路","villages":["海寮里"],"length_m":1897,"surface":"","segments":1,"osm":[142669372],"bbox":[120.197135,23.088977,120.20562,23.098054],"id":"AD08-004"},"geometry":{"type":"LineString","coordinates":[[120.2028567,23.0980538],[120.204922,23.0962306],[120.2055975,23.0956518],[120.2056198,23.0956061],[120.2056092,23.0955611],[120.2054834,23.0952826],[120.2052721,23.094848],[120.2047558,23.0937081],[120.2043299,23.0927801],[120.2042585,23.0926521],[120.2039075,23.0918795],[120.2030449,23.0900079],[120.2026027,23.0890066],[120.2025536,23.0889771],[120.2024476,23.0889969],[120.2007106,23.0893868],[120.1971352,23.0925573]]}},{"type":"Feature","properties":{"name":"海寮里農路 03","named":false,"ref":"","cls":"farm","clsName":"農路/產業道路","villages":["海寮里"],"length_m":1337,"surface":"瀝青","segments":2,"osm":[139517614,887434163],"bbox":[120.20624,23.102165,120.216855,23.108913],"id":"AD08-005"},"geometry":{"type":"MultiLineString","coordinates":[[[120.20872,23.1035161],[120.20852,23.1033671],[120.2083686,23.1030986],[120.2076668,23.1026759],[120.206749,23.1021709],[120.2066751,23.1021648],[120.206565,23.1022105],[120.2063572,23.1022929],[120.20624,23.1022751]],[[120.20872,23.1035161],[120.2103628,23.1046163],[120.210458,23.1046874],[120.2123205,23.1059876],[120.2137593,23.1068472],[120.2156927,23.1081755],[120.2166405,23.1087924],[120.2168554,23.1089128]]]}},{"type":"Feature","properties":{"name":"海寮里農路 04","named":false,"ref":"","cls":"farm","clsName":"農路/產業道路","villages":["海寮里"],"length_m":1329,"surface":"瀝青","segments":3,"osm":[142669386,146247816,294176465],"bbox":[120.205541,23.094795,120.21525,23.095979],"id":"AD08-006"},"geometry":{"type":"MultiLineString","coordinates":[[[120.2055406,23.0952742],[120.2055858,23.0952676],[120.2056492,23.0952615],[120.2056969,23.095268],[120.205867,23.0952812],[120.2062357,23.095309],[120.2069351,23.0953616],[120.2083593,23.0954601],[120.2091351,23.095508],[120.2094441,23.0955377],[120.2096467,23.0955616],[120.2097366,23.095571]],[[120.2097366,23.095571],[120.2098519,23.0956611],[120.2100626,23.0958171],[120.2101948,23.0959129],[120.2102711,23.095968],[120.2104382,23.0959701],[120.2106151,23.0959787],[120.2107318,23.0959121],[120.2108418,23.0958156],[120.2109284,23.095732],[120.2109896,23.0956958],[120.2114035,23.0955118],[120.2114319,23.0955001],[120.2115557,23.0954636],[120.2118288,23.0953841],[120.2119832,23.0953365],[120.2123455,23.095222]],[[120.2097366,23.095571],[120.2100657,23.0952589],[120.2101919,23.0951277],[120.2103522,23.0950185],[120.2105447,23.0949347],[120.2107726,23.0948595],[120.2110046,23.0948058],[120.2111964,23.0947953],[120.2123769,23.0948559],[120.2135953,23.0949341],[120.2152503,23.0950375]]]}},{"type":"Feature","properties":{"name":"海寮里農路 05","named":false,"ref":"","cls":"farm","clsName":"農路/產業道路","villages":["海寮里"],"length_m":1264,"surface":"瀝青","segments":1,"osm":[139517613],"bbox":[120.210171,23.104616,120.21771,23.109623],"id":"AD08-007"},"geometry":{"type":"LineString","coordinates":[[120.2103628,23.1046163],[120.2104977,23.1048016],[120.2110602,23.1052199],[120.2110549,23.1052963],[120.2109839,23.1052998],[120.2108344,23.1052665],[120.2105916,23.1052191],[120.2104064,23.1051902],[120.2101706,23.1057069],[120.2107599,23.1059901],[120.2113909,23.106278],[120.2115009,23.1062521],[120.2115934,23.1061164],[120.2116673,23.1061133],[120.2121819,23.1064608],[120.2133644,23.1072593],[120.2139291,23.1076091],[120.2145318,23.1080379],[120.215665,23.1087921],[120.2160266,23.1089518],[120.2166601,23.109361],[120.2168739,23.1094758],[120.2170329,23.1095362],[120.2176525,23.1096225],[120.2177102,23.1095214],[120.2170292,23.1090987],[120.2169133,23.1089562]]}},{"type":"Feature","properties":{"name":"海寮里農路 06","named":false,"ref":"","cls":"farm","clsName":"農路/產業道路","villages":["海寮里"],"length_m":1081,"surface":"瀝青","segments":1,"osm":[142313462],"bbox":[120.210458,23.104541,120.217247,23.10876],"id":"AD08-008"},"geometry":{"type":"LineString","coordinates":[[120.2169081,23.1087597],[120.2169199,23.1085149],[120.2169902,23.1077293],[120.2170244,23.1072386],[120.2170827,23.1067784],[120.2171658,23.106173],[120.2172467,23.105517],[120.2168779,23.1054796],[120.2163645,23.1053974],[120.2140822,23.1051465],[120.2108658,23.1047521],[120.2105166,23.1045415],[120.210458,23.1046874]]}},{"type":"Feature","properties":{"name":"海寮里農路 07","named":false,"ref":"","cls":"farm","clsName":"農路/產業道路","villages":["海寮里"],"length_m":1044,"surface":"","segments":1,"osm":[142669365],"bbox":[120.216634,23.089776,120.217033,23.099096],"id":"AD08-009"},"geometry":{"type":"LineString","coordinates":[[120.2170327,23.0990959],[120.2170008,23.0971216],[120.217005,23.0966528],[120.2169777,23.0959165],[120.2169484,23.0951209],[120.2169482,23.0932173],[120.2169375,23.0922279],[120.2168869,23.0912522],[120.2169058,23.0904205],[120.2169026,23.0902861],[120.2168602,23.0900825],[120.2166343,23.0897762]]}},{"type":"Feature","properties":{"name":"海寮里農路 08","named":false,"ref":"","cls":"farm","clsName":"農路/產業道路","villages":["海寮里"],"length_m":1004,"surface":"","segments":1,"osm":[142313493],"bbox":[120.207667,23.102439,120.217255,23.10355],"id":"AD08-010"},"geometry":{"type":"LineString","coordinates":[[120.2076668,23.1026759],[120.2078058,23.1024472],[120.2081271,23.1024385],[120.2107871,23.1027743],[120.2143923,23.1031927],[120.2172551,23.1035502]]}},{"type":"Feature","properties":{"name":"海寮里農路 09","named":false,"ref":"","cls":"farm","clsName":"農路/產業道路","villages":["海寮里"],"length_m":969,"surface":"","segments":1,"osm":[142313432],"bbox":[120.213971,23.098973,120.215673,23.106259],"id":"AD08-011"},"geometry":{"type":"LineString","coordinates":[[120.2149471,23.0989732],[120.2148884,23.09947],[120.2147749,23.1001124],[120.2146557,23.1011361],[120.2143923,23.1031927],[120.2140822,23.1051465],[120.2139707,23.1060507],[120.2156734,23.1062592]]}},{"type":"Feature","properties":{"name":"海寮里農路 10","named":false,"ref":"","cls":"farm","clsName":"農路/產業道路","villages":["海寮里"],"length_m":941,"surface":"","segments":1,"osm":[142669381],"bbox":[120.21226,23.090103,120.215114,23.096055],"id":"AD08-012"},"geometry":{"type":"LineString","coordinates":[[120.2151144,23.0960554],[120.2137503,23.0959816],[120.2131461,23.0959427],[120.2124366,23.0958855],[120.2122595,23.095886],[120.2123455,23.095222],[120.2123627,23.0951409],[120.2123711,23.0949144],[120.2123769,23.0948559],[120.212627,23.0928815],[120.2129307,23.0909523],[120.2130084,23.0903393],[120.2130577,23.0901034]]}},{"type":"Feature","properties":{"name":"海寮里農路 11","named":false,"ref":"","cls":"farm","clsName":"農路/產業道路","villages":["海寮里"],"length_m":922,"surface":"","segments":1,"osm":[142313480],"bbox":[120.208305,23.100378,120.217248,23.101446],"id":"AD08-013"},"geometry":{"type":"LineString","coordinates":[[120.2083047,23.1003784],[120.209678,23.1005346],[120.2103459,23.1006061],[120.2110849,23.1006902],[120.2146557,23.1011361],[120.2172476,23.1014464]]}},{"type":"Feature","properties":{"name":"海寮里農路 12","named":false,"ref":"","cls":"farm","clsName":"農路/產業道路","villages":["海寮里"],"length_m":848,"surface":"瀝青","segments":1,"osm":[142313483],"bbox":[120.210517,23.096985,120.211625,23.104541],"id":"AD08-014"},"geometry":{"type":"LineString","coordinates":[[120.2116253,23.0969852],[120.2115624,23.0976823],[120.2114216,23.098393],[120.211352,23.0987947],[120.2112544,23.0993576],[120.2111848,23.100042],[120.2110849,23.1006902],[120.2110017,23.1012651],[120.2109273,23.1017764],[120.2108683,23.1021668],[120.2108448,23.102308],[120.2107871,23.1027743],[120.2106611,23.1036403],[120.2105166,23.1045415]]}},{"type":"Feature","properties":{"name":"海寮里農路 13","named":false,"ref":"","cls":"farm","clsName":"農路/產業道路","villages":["海寮里"],"length_m":782,"surface":"","segments":1,"osm":[139517621],"bbox":[120.205939,23.103672,120.210406,23.107477],"id":"AD08-015"},"geometry":{"type":"LineString","coordinates":[[120.2104064,23.1051902],[120.2103395,23.1051777],[120.2101501,23.1050988],[120.2098335,23.1049042],[120.2089443,23.1042804],[120.2088123,23.1042044],[120.2078783,23.1036717],[120.2077924,23.1036853],[120.2077006,23.1037534],[120.2068478,23.1055539],[120.2068048,23.1056448],[120.2059386,23.1074769]]}},{"type":"Feature","properties":{"name":"海寮里農路 14","named":false,"ref":"","cls":"farm","clsName":"農路/產業道路","villages":["海寮里"],"length_m":653,"surface":"","segments":1,"osm":[142669371],"bbox":[120.204108,23.091918,120.209921,23.093004],"id":"AD08-016"},"geometry":{"type":"LineString","coordinates":[[120.2099206,23.0930041],[120.209831,23.0930004],[120.2071492,23.0928216],[120.2049941,23.0926559],[120.2044001,23.0926524],[120.2041078,23.0919178]]}},{"type":"Feature","properties":{"name":"海寮里農路 15","named":false,"ref":"","cls":"farm","clsName":"農路/產業道路","villages":["海寮里"],"length_m":653,"surface":"瀝青","segments":1,"osm":[146247825],"bbox":[120.208565,23.098968,120.214775,23.100112],"id":"AD08-017"},"geometry":{"type":"LineString","coordinates":[[120.2085648,23.0989677],[120.2090214,23.09903],[120.2091629,23.0990505],[120.2092679,23.099074],[120.2094212,23.0991119],[120.2097324,23.0992038],[120.2100115,23.0992941],[120.2102019,23.0993293],[120.2104603,23.0993523],[120.2111185,23.0993573],[120.2112544,23.0993576],[120.2114841,23.0993653],[120.2116783,23.0993857],[120.2119103,23.0993993],[120.2122644,23.0994486],[120.2124709,23.0994856],[120.2129338,23.0995667],[120.2132694,23.099641],[120.2136659,23.0997468],[120.2137974,23.0998154],[120.2140965,23.0999499],[120.2142257,23.0999975],[120.2144265,23.1000417],[120.2147749,23.1001124]]}},{"type":"Feature","properties":{"name":"海寮里農路 16","named":false,"ref":"","cls":"farm","clsName":"農路/產業道路","villages":["海寮里"],"length_m":653,"surface":"","segments":1,"osm":[146247739],"bbox":[120.209765,23.097303,120.214618,23.098835],"id":"AD08-018"},"geometry":{"type":"LineString","coordinates":[[120.2097651,23.0978656],[120.2098327,23.0978869],[120.2102585,23.0980208],[120.2104375,23.0980954],[120.2106494,23.0981578],[120.2107453,23.0981909],[120.2108922,23.098217],[120.2111277,23.0982654],[120.2114216,23.098393],[120.2115125,23.0984295],[120.2117373,23.0984799],[120.2120329,23.0985232],[120.2120499,23.0985277],[120.2122367,23.0985775],[120.2124231,23.0986577],[120.2126377,23.0987206],[120.2130114,23.098792],[120.213138,23.0988008],[120.2133794,23.0988353],[120.213712,23.0988045],[120.2138507,23.0987937],[120.2139909,23.098765],[120.214423,23.0987045],[120.214477,23.0985953],[120.214492,23.0983798],[120.214618,23.0973028]]}},{"type":"Feature","properties":{"name":"海寮里農路 17","named":false,"ref":"","cls":"farm","clsName":"農路/產業道路","villages":["海寮里"],"length_m":633,"surface":"","segments":1,"osm":[142669359],"bbox":[120.198566,23.090008,120.203045,23.093939],"id":"AD08-019"},"geometry":{"type":"LineString","coordinates":[[120.2030449,23.0900079],[120.2007659,23.0919745],[120.1985665,23.0939385]]}},{"type":"Feature","properties":{"name":"海寮里農路 18","named":false,"ref":"","cls":"farm","clsName":"農路/產業道路","villages":["海寮里"],"length_m":572,"surface":"","segments":1,"osm":[142669373],"bbox":[120.209961,23.092502,120.215496,23.093218],"id":"AD08-020"},"geometry":{"type":"LineString","coordinates":[[120.2099606,23.0925023],[120.212627,23.0928815],[120.2154955,23.0932185]]}},{"type":"Feature","properties":{"name":"海寮里農路 19","named":false,"ref":"","cls":"farm","clsName":"農路/產業道路","villages":["海寮里"],"length_m":552,"surface":"","segments":1,"osm":[142669357],"bbox":[120.199997,23.09188,120.203907,23.095299],"id":"AD08-021"},"geometry":{"type":"LineString","coordinates":[[120.1999971,23.0952995],[120.2028349,23.0927891],[120.2039075,23.0918795]]}},{"type":"Feature","properties":{"name":"海寮里農路 20","named":false,"ref":"","cls":"farm","clsName":"農路/產業道路","villages":["海寮里"],"length_m":529,"surface":"","segments":1,"osm":[183885047],"bbox":[120.209233,23.106461,120.212182,23.11008],"id":"AD08-022"},"geometry":{"type":"LineString","coordinates":[[120.2121819,23.1064608],[120.2108764,23.1082806],[120.2096128,23.1100419],[120.2095105,23.1100804],[120.2092474,23.1098815],[120.2092333,23.1098297]]}},{"type":"Feature","properties":{"name":"海寮里農路 21","named":false,"ref":"","cls":"farm","clsName":"農路/產業道路","villages":["海寮里"],"length_m":514,"surface":"","segments":1,"osm":[142669360],"bbox":[120.200721,23.09278,120.20433,23.095998],"id":"AD08-023"},"geometry":{"type":"LineString","coordinates":[[120.2007212,23.0959983],[120.2031325,23.0938638],[120.2043299,23.0927801]]}},{"type":"Feature","properties":{"name":"海寮里農路 22","named":false,"ref":"","cls":"farm","clsName":"農路/產業道路","villages":["海寮里"],"length_m":506,"surface":"","segments":1,"osm":[183885043],"bbox":[120.206992,23.104204,120.208812,23.108431],"id":"AD08-024"},"geometry":{"type":"LineString","coordinates":[[120.2088123,23.1042044],[120.2078946,23.1063317],[120.2069918,23.1084314]]}},{"type":"Feature","properties":{"name":"海寮里農路 23","named":false,"ref":"","cls":"farm","clsName":"農路/產業道路","villages":["海寮里"],"length_m":492,"surface":"","segments":1,"osm":[183885045],"bbox":[120.208238,23.104904,120.209834,23.109076],"id":"AD08-025"},"geometry":{"type":"LineString","coordinates":[[120.2098335,23.1049042],[120.208993,23.107024],[120.2085239,23.1082069],[120.2082377,23.1090762]]}},{"type":"Feature","properties":{"name":"海寮里農路 24","named":false,"ref":"","cls":"farm","clsName":"農路/產業道路","villages":["海寮里"],"length_m":481,"surface":"","segments":1,"osm":[183885042],"bbox":[120.210794,23.107259,120.213364,23.110882],"id":"AD08-026"},"geometry":{"type":"LineString","coordinates":[[120.2133644,23.1072593],[120.2120635,23.1090673],[120.2107942,23.1108818]]}},{"type":"Feature","properties":{"name":"海寮里農路 25","named":false,"ref":"","cls":"farm","clsName":"農路/產業道路","villages":["海寮里"],"length_m":474,"surface":"","segments":1,"osm":[142669390],"bbox":[120.201443,23.093708,120.204756,23.096684],"id":"AD08-027"},"geometry":{"type":"LineString","coordinates":[[120.201443,23.0966835],[120.2034985,23.0948291],[120.2047558,23.0937081]]}},{"type":"Feature","properties":{"name":"海寮里農路 26","named":false,"ref":"","cls":"farm","clsName":"農路/產業道路","villages":["海寮里"],"length_m":457,"surface":"","segments":1,"osm":[183885044],"bbox":[120.210876,23.108281,120.214427,23.110769],"id":"AD08-028"},"geometry":{"type":"LineString","coordinates":[[120.2108764,23.1082806],[120.2120635,23.1090673],[120.2132389,23.1099489],[120.2144274,23.1107689]]}},{"type":"Feature","properties":{"name":"海寮里農路 27","named":false,"ref":"","cls":"farm","clsName":"農路/產業道路","villages":["海寮里"],"length_m":405,"surface":"","segments":1,"osm":[142669384],"bbox":[120.204367,23.0972,120.207234,23.099456],"id":"AD08-029"},"geometry":{"type":"LineString","coordinates":[[120.2043665,23.0994556],[120.2069345,23.0971998],[120.2072195,23.09745],[120.2072338,23.0974511]]}},{"type":"Feature","properties":{"name":"海寮里農路 28","named":false,"ref":"","cls":"farm","clsName":"農路/產業道路","villages":["海寮里"],"length_m":397,"surface":"瀝青","segments":1,"osm":[142669366],"bbox":[120.205775,23.098494,120.208616,23.10084],"id":"AD08-030"},"geometry":{"type":"LineString","coordinates":[[120.2057746,23.1008396],[120.2065291,23.1001941],[120.2068939,23.099861],[120.2074174,23.0993853],[120.2084171,23.0984936],[120.208616,23.0985431]]}},{"type":"Feature","properties":{"name":"海寮里農路 29","named":false,"ref":"","cls":"farm","clsName":"農路/產業道路","villages":["海寮里"],"length_m":330,"surface":"瀝青","segments":2,"osm":[887925185,1441800614],"bbox":[120.207313,23.097457,120.209765,23.09851],"id":"AD08-031"},"geometry":{"type":"MultiLineString","coordinates":[[[120.2090212,23.0976354],[120.2091006,23.0976557],[120.209416,23.0977473],[120.2097651,23.0978656],[120.2096209,23.0985096]],[[120.2073131,23.097457],[120.2073491,23.0974597],[120.2074341,23.0974849],[120.2084581,23.0975752],[120.2087073,23.0975865],[120.2090212,23.0976354]]]}},{"type":"Feature","properties":{"name":"海寮里農路 30","named":false,"ref":"","cls":"farm","clsName":"農路/產業道路","villages":["海寮里"],"length_m":285,"surface":"","segments":1,"osm":[146247761],"bbox":[120.210223,23.097205,120.210579,23.099352],"id":"AD08-032"},"geometry":{"type":"LineString","coordinates":[[120.210579,23.0972048],[120.21056,23.0973688],[120.2104823,23.0974342],[120.2103495,23.0974674],[120.2102772,23.0977782],[120.2102585,23.0980208],[120.2102381,23.0983268],[120.2102233,23.0986179],[120.2102233,23.0986524],[120.2102998,23.0986722],[120.2104805,23.0986712],[120.210565,23.0987069],[120.210557,23.0987686],[120.2104765,23.0991276],[120.2104603,23.0993523]]}},{"type":"Feature","properties":{"name":"海寮里農路 31","named":false,"ref":"","cls":"farm","clsName":"農路/產業道路","villages":["海寮里"],"length_m":271,"surface":"","segments":1,"osm":[183885040],"bbox":[120.206805,23.105645,120.208993,23.107024],"id":"AD08-033"},"geometry":{"type":"LineString","coordinates":[[120.208993,23.107024],[120.2078946,23.1063317],[120.2068048,23.1056448]]}},{"type":"Feature","properties":{"name":"海寮里農路 32","named":false,"ref":"","cls":"farm","clsName":"農路/產業道路","villages":["海寮里"],"length_m":262,"surface":"","segments":1,"osm":[142669376],"bbox":[120.206473,23.099992,120.20837,23.101537],"id":"AD08-034"},"geometry":{"type":"LineString","coordinates":[[120.2064727,23.1015367],[120.2066122,23.1014145],[120.2070119,23.1010753],[120.2074008,23.1007287],[120.2078407,23.1003364],[120.2081771,23.1000351],[120.2082818,23.0999919],[120.2083701,23.0999961]]}},{"type":"Feature","properties":{"name":"海寮里農路 33","named":false,"ref":"","cls":"farm","clsName":"農路/產業道路","villages":["海寮里"],"length_m":252,"surface":"","segments":1,"osm":[146247762],"bbox":[120.212934,23.097312,120.213173,23.099567],"id":"AD08-035"},"geometry":{"type":"LineString","coordinates":[[120.2129338,23.0995667],[120.2129723,23.0992292],[120.212979,23.0990626],[120.2130114,23.098792],[120.2130429,23.0986107],[120.2130736,23.0984144],[120.2131051,23.0980616],[120.2131332,23.0977857],[120.2131463,23.0976709],[120.213173,23.0973117]]}},{"type":"Feature","properties":{"name":"海寮里農路 34","named":false,"ref":"","cls":"farm","clsName":"農路/產業道路","villages":["海寮里"],"length_m":224,"surface":"","segments":1,"osm":[146247819],"bbox":[120.213666,23.097763,120.213967,23.099747],"id":"AD08-036"},"geometry":{"type":"LineString","coordinates":[[120.2136659,23.0997468],[120.2137288,23.0995858],[120.2138,23.0991404],[120.2138231,23.0989729],[120.2138507,23.0987937],[120.213885,23.0986422],[120.2138998,23.0985393],[120.2139667,23.098032],[120.213902,23.0977626]]}},{"type":"Feature","properties":{"name":"海寮里農路 35","named":false,"ref":"","cls":"farm","clsName":"農路/產業道路","villages":["海寮里"],"length_m":206,"surface":"","segments":1,"osm":[142669364],"bbox":[120.214992,23.096987,120.217001,23.097122],"id":"AD08-037"},"geometry":{"type":"LineString","coordinates":[[120.2170008,23.0971216],[120.2166238,23.0971052],[120.2149923,23.0969867]]}},{"type":"Feature","properties":{"name":"海寮里農路 36","named":false,"ref":"","cls":"farm","clsName":"農路/產業道路","villages":["海寮里"],"length_m":180,"surface":"","segments":1,"osm":[146247771],"bbox":[120.214777,23.098132,120.215256,23.098986],"id":"AD08-038"},"geometry":{"type":"LineString","coordinates":[[120.2151752,23.0989857],[120.2152143,23.0985883],[120.2151697,23.0985482],[120.21478,23.098474],[120.2147771,23.0984409],[120.2147836,23.0983959],[120.2148065,23.0982359],[120.2151583,23.0982873],[120.2152475,23.0982795],[120.215256,23.0982507],[120.2152342,23.0981321]]}},{"type":"Feature","properties":{"name":"海寮里農路 37","named":false,"ref":"","cls":"farm","clsName":"農路/產業道路","villages":["海寮里"],"length_m":173,"surface":"","segments":1,"osm":[146247822],"bbox":[120.210204,23.096478,120.211775,23.096829],"id":"AD08-039"},"geometry":{"type":"LineString","coordinates":[[120.2117752,23.0968292],[120.2117135,23.0967947],[120.2116347,23.096663],[120.2114896,23.096638],[120.2114091,23.0966281],[120.2113016,23.0966107],[120.2112079,23.0965937],[120.2110738,23.0965863],[120.2109594,23.096566],[120.2107783,23.0965256],[120.2105739,23.0964784],[120.210351,23.0964925],[120.2102042,23.0965379]]}},{"type":"Feature","properties":{"name":"海寮里農路 38","named":false,"ref":"","cls":"farm","clsName":"農路/產業道路","villages":["海寮里"],"length_m":148,"surface":"","segments":1,"osm":[146247830],"bbox":[120.209021,23.097747,120.209416,23.09903],"id":"AD08-040"},"geometry":{"type":"LineString","coordinates":[[120.209416,23.0977473],[120.2090214,23.09903]]}},{"type":"Feature","properties":{"name":"海寮里農路 39","named":false,"ref":"","cls":"farm","clsName":"農路/產業道路","villages":["海寮里"],"length_m":136,"surface":"","segments":1,"osm":[146247785],"bbox":[120.21538,23.098186,120.215811,23.099023],"id":"AD08-041"},"geometry":{"type":"LineString","coordinates":[[120.2153803,23.0981862],[120.2158114,23.0981952],[120.2157636,23.0990231]]}},{"type":"Feature","properties":{"name":"海寮里農路 40","named":false,"ref":"","cls":"farm","clsName":"農路/產業道路","villages":["海寮里"],"length_m":134,"surface":"","segments":1,"osm":[146247725],"bbox":[120.212053,23.095886,120.21226,23.097075],"id":"AD08-042"},"geometry":{"type":"LineString","coordinates":[[120.2122595,23.095886],[120.2120533,23.0970747]]}},{"type":"Feature","properties":{"name":"海寮里農路 41","named":false,"ref":"","cls":"farm","clsName":"農路/產業道路","villages":["海寮里"],"length_m":130,"surface":"","segments":1,"osm":[444922181],"bbox":[120.207064,23.092822,120.207149,23.093991],"id":"AD08-043"},"geometry":{"type":"LineString","coordinates":[[120.2071492,23.0928216],[120.2070643,23.0939913]]}},{"type":"Feature","properties":{"name":"海寮里農路 42","named":false,"ref":"","cls":"farm","clsName":"農路/產業道路","villages":["海寮里"],"length_m":104,"surface":"","segments":1,"osm":[887434150],"bbox":[120.210732,23.09498,120.210859,23.095912],"id":"AD08-044"},"geometry":{"type":"LineString","coordinates":[[120.2108587,23.0949796],[120.2107318,23.0959121]]}},{"type":"Feature","properties":{"name":"海寮里農路 43","named":false,"ref":"","cls":"farm","clsName":"農路/產業道路","villages":["海寮里"],"length_m":103,"surface":"","segments":1,"osm":[887434153],"bbox":[120.210919,23.094806,120.211005,23.095732],"id":"AD08-045"},"geometry":{"type":"LineString","coordinates":[[120.2109284,23.095732],[120.2109194,23.0956548],[120.2110046,23.0948058]]}},{"type":"Feature","properties":{"name":"海寮里農路 44","named":false,"ref":"","cls":"farm","clsName":"農路/產業道路","villages":["海寮里"],"length_m":98,"surface":"","segments":1,"osm":[146247777],"bbox":[120.209732,23.098443,120.210042,23.099204],"id":"AD08-046"},"geometry":{"type":"LineString","coordinates":[[120.2100424,23.0984425],[120.2098841,23.0984857],[120.2098654,23.0985671],[120.2097324,23.0992038]]}},{"type":"Feature","properties":{"name":"海寮里農路 45","named":false,"ref":"","cls":"farm","clsName":"農路/產業道路","villages":["海寮里"],"length_m":98,"surface":"","segments":1,"osm":[146247738],"bbox":[120.210921,23.095696,120.21099,23.096566],"id":"AD08-047"},"geometry":{"type":"LineString","coordinates":[[120.2109896,23.0956958],[120.2109536,23.0960368],[120.2109213,23.0962811],[120.2109792,23.0964468],[120.2109594,23.096566]]}},{"type":"Feature","properties":{"name":"海寮里農路 46","named":false,"ref":"","cls":"farm","clsName":"農路/產業道路","villages":["海寮里"],"length_m":90,"surface":"","segments":1,"osm":[893093244],"bbox":[120.205279,23.094517,120.205586,23.095268],"id":"AD08-048"},"geometry":{"type":"LineString","coordinates":[[120.2055858,23.0952676],[120.2055801,23.0951737],[120.2054871,23.0949654],[120.2052789,23.0945165]]}},{"type":"Feature","properties":{"name":"海寮里農路 47","named":false,"ref":"","cls":"farm","clsName":"農路/產業道路","villages":["海寮里"],"length_m":81,"surface":"","segments":1,"osm":[146247718],"bbox":[120.210124,23.095968,120.210271,23.096669],"id":"AD08-049"},"geometry":{"type":"LineString","coordinates":[[120.2102711,23.095968],[120.210242,23.0961342],[120.2102232,23.0963753],[120.2102042,23.0965379],[120.2101237,23.0966688]]}},{"type":"Feature","properties":{"name":"海寮里農路 48","named":false,"ref":"","cls":"farm","clsName":"農路/產業道路","villages":["海寮里"],"length_m":66,"surface":"","segments":1,"osm":[489614462],"bbox":[120.210195,23.095322,120.210266,23.095913],"id":"AD08-050"},"geometry":{"type":"LineString","coordinates":[[120.2101948,23.0959129],[120.210266,23.0953224]]}},{"type":"Feature","properties":{"name":"海寮里農路 49","named":false,"ref":"","cls":"farm","clsName":"農路/產業道路","villages":["海寮里"],"length_m":64,"surface":"","segments":1,"osm":[146247841],"bbox":[120.209421,23.098558,120.209573,23.099112],"id":"AD08-051"},"geometry":{"type":"LineString","coordinates":[[120.2095729,23.0985576],[120.2094212,23.0991119]]}},{"type":"Feature","properties":{"name":"海寮里農路 50","named":false,"ref":"","cls":"farm","clsName":"農路/產業道路","villages":["海寮里"],"length_m":63,"surface":"","segments":1,"osm":[146247717],"bbox":[120.214226,23.09953,120.214417,23.099998],"id":"AD08-052"},"geometry":{"type":"LineString","coordinates":[[120.2144167,23.0995532],[120.2143268,23.0995297],[120.2142933,23.0996506],[120.2143048,23.099722],[120.2142257,23.0999975]]}},{"type":"Feature","properties":{"name":"海寮里農路 51","named":false,"ref":"","cls":"farm","clsName":"農路/產業道路","villages":["海寮里"],"length_m":62,"surface":"","segments":1,"osm":[146247833],"bbox":[120.213374,23.09801,120.213967,23.098074],"id":"AD08-053"},"geometry":{"type":"LineString","coordinates":[[120.213374,23.0980097],[120.2135081,23.0980393],[120.2136825,23.0980739],[120.2139667,23.098032]]}},{"type":"Feature","properties":{"name":"海寮里農路 52","named":false,"ref":"","cls":"farm","clsName":"農路/產業道路","villages":["海寮里"],"length_m":56,"surface":"","segments":1,"osm":[887434157],"bbox":[120.21555,23.0985,120.215578,23.099006],"id":"AD08-054"},"geometry":{"type":"LineString","coordinates":[[120.2155501,23.0990062],[120.2155784,23.0985002]]}},{"type":"Feature","properties":{"name":"海寮里農路 53","named":false,"ref":"","cls":"farm","clsName":"農路/產業道路","villages":["海寮里"],"length_m":56,"surface":"","segments":1,"osm":[146247745],"bbox":[120.210574,23.095979,120.210615,23.096478],"id":"AD08-055"},"geometry":{"type":"LineString","coordinates":[[120.2105739,23.0964784],[120.2106151,23.0959787]]}},{"type":"Feature","properties":{"name":"海寮里農路 54","named":false,"ref":"","cls":"farm","clsName":"農路/產業道路","villages":["海寮里"],"length_m":54,"surface":"","segments":1,"osm":[887434161],"bbox":[120.211911,23.097777,120.212398,23.097954],"id":"AD08-056"},"geometry":{"type":"LineString","coordinates":[[120.2119109,23.0977766],[120.212138,23.0978713],[120.2122328,23.0979245],[120.2123978,23.0979541]]}},{"type":"Feature","properties":{"name":"海寮里農路 55","named":false,"ref":"","cls":"farm","clsName":"農路/產業道路","villages":["海寮里"],"length_m":54,"surface":"","segments":1,"osm":[146247800],"bbox":[120.212471,23.09901,120.212532,23.099486],"id":"AD08-057"},"geometry":{"type":"LineString","coordinates":[[120.2125324,23.0990104],[120.2125163,23.0991856],[120.2125297,23.0992152],[120.2124709,23.0994856]]}},{"type":"Feature","properties":{"name":"海寮里農路 56","named":false,"ref":"","cls":"farm","clsName":"農路/產業道路","villages":["海寮里"],"length_m":54,"surface":"","segments":1,"osm":[142348377],"bbox":[120.212318,23.098658,120.212423,23.099131],"id":"AD08-058"},"geometry":{"type":"LineString","coordinates":[[120.2124231,23.0986577],[120.2123531,23.0989727],[120.2123179,23.0991313]]}},{"type":"Feature","properties":{"name":"海寮里農路 57","named":false,"ref":"","cls":"farm","clsName":"農路/產業道路","villages":["海寮里"],"length_m":52,"surface":"","segments":1,"osm":[887925189],"bbox":[120.214182,23.096872,120.214223,23.097336],"id":"AD08-059"},"geometry":{"type":"LineString","coordinates":[[120.2141817,23.0973358],[120.2142233,23.0968725]]}},{"type":"Feature","properties":{"name":"海寮里農路 58","named":false,"ref":"","cls":"farm","clsName":"農路/產業道路","villages":["海寮里"],"length_m":51,"surface":"","segments":1,"osm":[146247773],"bbox":[120.214557,23.098948,120.21464,23.099399],"id":"AD08-060"},"geometry":{"type":"LineString","coordinates":[[120.2146401,23.0989485],[120.2146132,23.0991225],[120.214557,23.0993993]]}},{"type":"Feature","properties":{"name":"海寮里農路 59","named":false,"ref":"","cls":"farm","clsName":"農路/產業道路","villages":["海寮里"],"length_m":48,"surface":"","segments":1,"osm":[439869127],"bbox":[120.211352,23.096009,120.211818,23.096031],"id":"AD08-061"},"geometry":{"type":"LineString","coordinates":[[120.2113517,23.0960088],[120.2118181,23.0960312]]}},{"type":"Feature","properties":{"name":"海寮里農路 60","named":false,"ref":"","cls":"farm","clsName":"農路/產業道路","villages":["海寮里"],"length_m":47,"surface":"","segments":1,"osm":[887925193],"bbox":[120.2138,23.09914,120.214258,23.0992],"id":"AD08-062"},"geometry":{"type":"LineString","coordinates":[[120.2138,23.0991404],[120.2142584,23.0991997]]}},{"type":"Feature","properties":{"name":"海寮里農路 61","named":false,"ref":"","cls":"farm","clsName":"農路/產業道路","villages":["海寮里"],"length_m":45,"surface":"","segments":1,"osm":[369449894],"bbox":[120.21093,23.098668,120.211352,23.098795],"id":"AD08-063"},"geometry":{"type":"LineString","coordinates":[[120.211352,23.0987947],[120.2109298,23.0986675]]}},{"type":"Feature","properties":{"name":"海寮里農路 62","named":false,"ref":"","cls":"farm","clsName":"農路/產業道路","villages":["海寮里"],"length_m":43,"surface":"","segments":1,"osm":[146247726],"bbox":[120.212538,23.097186,120.212604,23.097571],"id":"AD08-064"},"geometry":{"type":"LineString","coordinates":[[120.2125384,23.0975714],[120.2125641,23.0974233],[120.2125863,23.0972974],[120.2126039,23.0971863]]}},{"type":"Feature","properties":{"name":"海寮里農路 63","named":false,"ref":"","cls":"farm","clsName":"農路/產業道路","villages":["海寮里"],"length_m":43,"surface":"","segments":1,"osm":[444922180],"bbox":[120.21205,23.098178,120.212191,23.098528],"id":"AD08-065"},"geometry":{"type":"LineString","coordinates":[[120.2121911,23.0981783],[120.2121215,23.0982288],[120.2120499,23.0985277]]}},{"type":"Feature","properties":{"name":"海寮里農路 64","named":false,"ref":"","cls":"farm","clsName":"農路/產業道路","villages":["海寮里"],"length_m":43,"surface":"","segments":1,"osm":[146247780],"bbox":[120.212687,23.098044,120.213105,23.098062],"id":"AD08-066"},"geometry":{"type":"LineString","coordinates":[[120.2126866,23.0980437],[120.2129023,23.0980614],[120.2131051,23.0980616]]}},{"type":"Feature","properties":{"name":"海寮里農路 65","named":false,"ref":"","cls":"farm","clsName":"農路/產業道路","villages":["海寮里"],"length_m":41,"surface":"","segments":1,"osm":[887434159],"bbox":[120.21196,23.098888,120.212353,23.098973],"id":"AD08-067"},"geometry":{"type":"LineString","coordinates":[[120.2123531,23.0989727],[120.2119598,23.0988883]]}},{"type":"Feature","properties":{"name":"海寮里農路 66","named":false,"ref":"","cls":"farm","clsName":"農路/產業道路","villages":["海寮里"],"length_m":39,"surface":"","segments":1,"osm":[146247741],"bbox":[120.212979,23.099063,120.213351,23.099131],"id":"AD08-068"},"geometry":{"type":"LineString","coordinates":[[120.212979,23.0990626],[120.2133505,23.0991313]]}},{"type":"Feature","properties":{"name":"海寮里農路 67","named":false,"ref":"","cls":"farm","clsName":"農路/產業道路","villages":["海寮里"],"length_m":34,"surface":"","segments":1,"osm":[142669351],"bbox":[120.211737,23.09848,120.211792,23.09878],"id":"AD08-069"},"geometry":{"type":"LineString","coordinates":[[120.2117373,23.0984799],[120.2117511,23.0986991],[120.2117919,23.0987802]]}},{"type":"Feature","properties":{"name":"海寮里農路 68","named":false,"ref":"","cls":"farm","clsName":"農路/產業道路","villages":["海寮里"],"length_m":33,"surface":"","segments":1,"osm":[439869126],"bbox":[120.211635,23.096375,120.2117,23.096663],"id":"AD08-070"},"geometry":{"type":"LineString","coordinates":[[120.2116347,23.096663],[120.2117001,23.0963754]]}},{"type":"Feature","properties":{"name":"海寮里農路 69","named":false,"ref":"","cls":"farm","clsName":"農路/產業道路","villages":["海寮里"],"length_m":32,"surface":"","segments":1,"osm":[142669389],"bbox":[120.210711,23.098191,120.210745,23.098476],"id":"AD08-071"},"geometry":{"type":"LineString","coordinates":[[120.2107453,23.0981909],[120.2107112,23.0984762]]}},{"type":"Feature","properties":{"name":"海寮里農路 70","named":false,"ref":"","cls":"farm","clsName":"農路/產業道路","villages":["海寮里"],"length_m":30,"surface":"","segments":1,"osm":[146247810],"bbox":[120.214492,23.09838,120.214784,23.098396],"id":"AD08-072"},"geometry":{"type":"LineString","coordinates":[[120.2147836,23.0983959],[120.2146111,23.0983819],[120.214492,23.0983798]]}},{"type":"Feature","properties":{"name":"海寮里農路 71","named":false,"ref":"","cls":"farm","clsName":"農路/產業道路","villages":["海寮里"],"length_m":27,"surface":"","segments":1,"osm":[887925178],"bbox":[120.212873,23.097763,120.213133,23.097786],"id":"AD08-073"},"geometry":{"type":"LineString","coordinates":[[120.2131332,23.0977857],[120.2128731,23.0977626]]}},{"type":"Feature","properties":{"name":"海寮里農路 72","named":false,"ref":"","cls":"farm","clsName":"農路/產業道路","villages":["海寮里"],"length_m":27,"surface":"","segments":1,"osm":[887434151],"bbox":[120.213475,23.097379,120.213501,23.097617],"id":"AD08-074"},"geometry":{"type":"LineString","coordinates":[[120.2135008,23.0973789],[120.2134752,23.097617]]}},{"type":"Feature","properties":{"name":"海寮里巷道 01","named":false,"ref":"","cls":"lane","clsName":"巷道","villages":["海寮里"],"length_m":155,"surface":"","segments":1,"osm":[146247732],"bbox":[120.209737,23.096646,120.209941,23.097887],"id":"AD08-075"},"geometry":{"type":"LineString","coordinates":[[120.2099408,23.0966455],[120.209817,23.097053],[120.2097374,23.0974521],[120.209921,23.0975043],[120.2098327,23.0978869]]}},{"type":"Feature","properties":{"name":"海寮里巷道 02","named":false,"ref":"","cls":"lane","clsName":"巷道","villages":["海寮里"],"length_m":148,"surface":"","segments":1,"osm":[146247808],"bbox":[120.210437,23.096797,120.210732,23.098095],"id":"AD08-076"},"geometry":{"type":"LineString","coordinates":[[120.210732,23.0967968],[120.2106891,23.0970143],[120.2106676,23.0973387],[120.2106113,23.097541],[120.2104986,23.0978814],[120.2104375,23.0980954]]}},{"type":"Feature","properties":{"name":"海寮里巷道 03","named":false,"ref":"","cls":"lane","clsName":"巷道","villages":["海寮里"],"length_m":127,"surface":"","segments":1,"osm":[146247812],"bbox":[120.211833,23.097068,120.21197,23.098112],"id":"AD08-077"},"geometry":{"type":"LineString","coordinates":[[120.2119611,23.0981123],[120.2118331,23.0980517],[120.2119109,23.0977766],[120.2119699,23.097515],[120.2119403,23.0974522],[120.2119173,23.0973954],[120.2119588,23.0970678]]}},{"type":"Feature","properties":{"name":"海寮里巷道 04","named":false,"ref":"","cls":"lane","clsName":"巷道","villages":["海寮里"],"length_m":123,"surface":"","segments":1,"osm":[146247723],"bbox":[120.211302,23.095512,120.211404,23.096611],"id":"AD08-078"},"geometry":{"type":"LineString","coordinates":[[120.2113016,23.0966107],[120.2113517,23.0960088],[120.2113758,23.0957744],[120.2114035,23.0955118]]}},{"type":"Feature","properties":{"name":"海寮里巷道 05","named":false,"ref":"","cls":"lane","clsName":"巷道","villages":["海寮里"],"length_m":112,"surface":"","segments":1,"osm":[183885041],"bbox":[120.21091,23.096871,120.211045,23.097869],"id":"AD08-079"},"geometry":{"type":"LineString","coordinates":[[120.2110455,23.0968709],[120.2110227,23.096976],[120.2109938,23.0972609],[120.210958,23.0976004],[120.2109097,23.0978693]]}},{"type":"Feature","properties":{"name":"海寮里巷道 06","named":false,"ref":"","cls":"lane","clsName":"巷道","villages":["海寮里"],"length_m":99,"surface":"","segments":1,"osm":[146247805],"bbox":[120.21344,23.096478,120.213551,23.097364],"id":"AD08-080"},"geometry":{"type":"LineString","coordinates":[[120.2135511,23.0964776],[120.2135376,23.0966059],[120.2134396,23.0973636]]}},{"type":"Feature","properties":{"name":"海寮里巷道 07","named":false,"ref":"","cls":"lane","clsName":"巷道","villages":["海寮里"],"length_m":96,"surface":"","segments":1,"osm":[146247728],"bbox":[120.20935,23.095538,120.209444,23.096399],"id":"AD08-081"},"geometry":{"type":"LineString","coordinates":[[120.2093499,23.0963989],[120.2094441,23.0955377]]}},{"type":"Feature","properties":{"name":"海寮里巷道 08","named":false,"ref":"","cls":"lane","clsName":"巷道","villages":["海寮里"],"length_m":94,"surface":"","segments":1,"osm":[146247720],"bbox":[120.213744,23.096544,120.213921,23.097369],"id":"AD08-082"},"geometry":{"type":"LineString","coordinates":[[120.2139211,23.0965442],[120.2138728,23.0969032],[120.2138365,23.0970932],[120.2137436,23.097369]]}},{"type":"Feature","properties":{"name":"海寮里巷道 09","named":false,"ref":"","cls":"lane","clsName":"巷道","villages":["海寮里"],"length_m":74,"surface":"","segments":1,"osm":[146247731],"bbox":[120.211332,23.096628,120.211409,23.097293],"id":"AD08-083"},"geometry":{"type":"LineString","coordinates":[[120.2114091,23.0966281],[120.2113554,23.096935],[120.2113321,23.0972932]]}},{"type":"Feature","properties":{"name":"海寮里巷道 10","named":false,"ref":"","cls":"lane","clsName":"巷道","villages":["海寮里"],"length_m":62,"surface":"","segments":1,"osm":[146247744],"bbox":[120.209683,23.096197,120.209865,23.09663],"id":"AD08-084"},"geometry":{"type":"LineString","coordinates":[[120.2096831,23.0961968],[120.2098473,23.096233],[120.2098647,23.0962996],[120.2098339,23.0966304]]}},{"type":"Feature","properties":{"name":"南133","named":true,"ref":"南133","cls":"dist","clsName":"區道","villages":["港南里","中榮里","嘉同里"],"length_m":2551,"surface":"瀝青","segments":10,"osm":[139667229,142235814,142313482,305136030,359002096,897412432,897412433,897412435,1059798309,1059798310],"bbox":[120.230891,23.082465,120.246851,23.099939],"id":"AD09-001"},"geometry":{"type":"MultiLineString","coordinates":[[[120.2459042,23.0995646],[120.2456707,23.0994309],[120.2454343,23.0992891],[120.2452915,23.0991925],[120.2447923,23.0988252],[120.2440471,23.0982857],[120.2436761,23.0980065],[120.2432873,23.0977284],[120.2421546,23.0968551]],[[120.2354099,23.0917672],[120.2353401,23.0915457],[120.2352101,23.0912805],[120.2350464,23.0910189],[120.2347071,23.0903577],[120.2345999,23.0901356],[120.2344908,23.0898978],[120.2343381,23.0895502],[120.2343223,23.0895284],[120.2343079,23.0894984],[120.2342925,23.0894517],[120.2342612,23.0893587],[120.2340799,23.088949],[120.2339793,23.0887187],[120.2337412,23.0883202],[120.2336768,23.0881219],[120.2336366,23.0880266],[120.2335468,23.087756],[120.2334963,23.087588],[120.2331948,23.0867678],[120.2329385,23.0861829]],[[120.2378186,23.0934777],[120.2374443,23.093205],[120.2371144,23.0929693],[120.2359458,23.0921292]],[[120.2359458,23.0921292],[120.2354099,23.0917672]],[[120.2421546,23.0968551],[120.241856,23.0966307],[120.2417794,23.096582],[120.241642,23.0964824],[120.2409648,23.095946],[120.240799,23.0958163],[120.2406909,23.095731],[120.2402961,23.0954252],[120.2400871,23.0952623],[120.2395793,23.0948645],[120.23921,23.0945768],[120.2387361,23.0941625],[120.2386001,23.0940548],[120.238356,23.0938835]],[[120.2309423,23.0825518],[120.2308914,23.0824646]],[[120.2310449,23.0827351],[120.230996,23.0826467]],[[120.230996,23.0826467],[120.2309423,23.0825518]],[[120.2468513,23.0999389],[120.2463616,23.0997464],[120.2460877,23.0996427],[120.2459042,23.0995646]],[[120.2329385,23.0861829],[120.2328956,23.0860847],[120.2324487,23.0852329],[120.2310449,23.0827351]]]}},{"type":"Feature","properties":{"name":"中榮橋","named":true,"ref":"南133","cls":"dist","clsName":"區道","villages":["港南里"],"length_m":71,"surface":"瀝青","segments":1,"osm":[142313476],"bbox":[120.237819,23.093478,120.238356,23.093884],"id":"AD09-002"},"geometry":{"type":"LineString","coordinates":[[120.238356,23.0938835],[120.2378186,23.0934777]]}},{"type":"Feature","properties":{"name":"港口橋","named":true,"ref":"南134","cls":"dist","clsName":"區道","villages":["港南里"],"length_m":27,"surface":"","segments":1,"osm":[425403408],"bbox":[120.237367,23.089489,120.237632,23.089529],"id":"AD09-003"},"geometry":{"type":"LineString","coordinates":[[120.2376319,23.0894894],[120.2373666,23.0895287]]}},{"type":"Feature","properties":{"name":"港南里農路 01","named":false,"ref":"","cls":"farm","clsName":"農路/產業道路","villages":["港南里"],"length_m":2960,"surface":"","segments":1,"osm":[142236578],"bbox":[120.235241,23.079742,120.251247,23.089435],"id":"AD09-004"},"geometry":{"type":"LineString","coordinates":[[120.2484518,23.0894347],[120.2485669,23.0893512],[120.2491315,23.0893545],[120.2497014,23.0893386],[120.2502864,23.0893186],[120.2504941,23.0892602],[120.2505763,23.0891973],[120.2506359,23.089124],[120.2506945,23.0890109],[120.2508411,23.0880548],[120.2510025,23.0869626],[120.2510636,23.0865457],[120.2510341,23.0862516],[120.2511337,23.0853344],[120.2511895,23.0848519],[120.2512468,23.0840545],[120.2512137,23.083795],[120.251139,23.0832811],[120.2510804,23.0827749],[120.2510532,23.0823286],[120.2509905,23.0818871],[120.2509079,23.0815305],[120.2507399,23.0812486],[120.250171,23.0805539],[120.2499833,23.0803448],[120.2498058,23.0802295],[120.2495731,23.0801274],[120.2487557,23.0799512],[120.2480898,23.079852],[120.2478915,23.0798232],[120.247688,23.0797938],[120.2471977,23.0797517],[120.2464487,23.0797418],[120.246324,23.0798108],[120.2462114,23.0799145],[120.2460907,23.0800452],[120.245964,23.0800531],[120.2457715,23.080065],[120.2453206,23.0800772],[120.244473,23.0800895],[120.2431813,23.0801383],[120.2419276,23.0802129],[120.2406753,23.0803265],[120.2393929,23.0804917],[120.2387492,23.080583],[120.2381145,23.0807033],[120.2379774,23.080736],[120.2378804,23.0807805],[120.2369977,23.0817896],[120.2364224,23.0824166],[120.2360654,23.0828056],[120.2359036,23.082984],[120.2356891,23.0832184],[120.2354664,23.0836577],[120.2353911,23.0837907],[120.2352746,23.0839009],[120.2352411,23.0839142]]}},{"type":"Feature","properties":{"name":"港南里農路 02","named":false,"ref":"","cls":"farm","clsName":"農路/產業道路","villages":["港南里"],"length_m":2051,"surface":"","segments":3,"osm":[976403810,976403812,976403813],"bbox":[120.235596,23.080811,120.241985,23.086982],"id":"AD09-005"},"geometry":{"type":"MultiLineString","coordinates":[[[120.2399011,23.0817588],[120.2414487,23.0832048],[120.2415694,23.0833553],[120.2416472,23.0835576],[120.2419744,23.0845594],[120.2419851,23.0848333],[120.241902,23.0851022],[120.2417277,23.0853317],[120.2414219,23.0855044],[120.2390615,23.0866123],[120.2388765,23.086674],[120.238678,23.0866937],[120.2376319,23.0867258],[120.2374629,23.0867504],[120.237235,23.0868343],[120.2370204,23.0869281],[120.2368739,23.0869822],[120.2367897,23.0868516]],[[120.2363793,23.0860374],[120.2362586,23.0858153],[120.2356149,23.0845569],[120.2355961,23.0844089],[120.235682,23.0842806],[120.2359368,23.0840856],[120.2361379,23.083908],[120.236205,23.0837673],[120.2362586,23.0835724],[120.2361567,23.0831332],[120.2361674,23.0829926],[120.2362506,23.0828371],[120.2371786,23.0818082],[120.2378653,23.0810309],[120.2380262,23.0809273],[120.2382515,23.0808434],[120.2384983,23.0808113],[120.2387236,23.080831],[120.2389408,23.0809125],[120.2391501,23.0810605],[120.2399011,23.0817588]],[[120.2367897,23.0868516],[120.2363793,23.0860374]]]}},{"type":"Feature","properties":{"name":"港南里農路 03","named":false,"ref":"","cls":"farm","clsName":"農路/產業道路","villages":["港南里"],"length_m":1422,"surface":"","segments":1,"osm":[142313439],"bbox":[120.223514,23.084774,120.22478,23.09609],"id":"AD09-006"},"geometry":{"type":"LineString","coordinates":[[120.223514,23.0960366],[120.223697,23.0960609],[120.2239277,23.0960905],[120.2241503,23.0960634],[120.2244346,23.0959918],[120.2245634,23.0958685],[120.2242827,23.0924179],[120.2241379,23.0907451],[120.223932,23.0884955],[120.2237825,23.0870014],[120.2237535,23.0866421],[120.2236832,23.0858403],[120.2236848,23.0857321],[120.2236991,23.0856911],[120.2237404,23.0856575],[120.224044,23.0855113],[120.2243873,23.0853417],[120.224532,23.0852861],[120.2246305,23.0852686],[120.2247068,23.0852569],[120.2247608,23.0852291],[120.2247752,23.0851823],[120.2247752,23.085077],[120.2247773,23.0850238],[120.2247799,23.0849615],[120.2247793,23.0847738]]}},{"type":"Feature","properties":{"name":"港南里農路 04","named":false,"ref":"","cls":"farm","clsName":"農路/產業道路","villages":["港南里"],"length_m":1242,"surface":"","segments":1,"osm":[142313436],"bbox":[120.225878,23.086047,120.227936,23.096072],"id":"AD09-007"},"geometry":{"type":"LineString","coordinates":[[120.2259284,23.0860529],[120.2258779,23.0860466],[120.2260992,23.0883499],[120.2264184,23.0922692],[120.2267523,23.0960182],[120.2277461,23.0959837],[120.2278689,23.096017],[120.2279358,23.0960715]]}},{"type":"Feature","properties":{"name":"港南里農路 05","named":false,"ref":"","cls":"farm","clsName":"農路/產業道路","villages":["港南里"],"length_m":925,"surface":"","segments":1,"osm":[976403809],"bbox":[120.237195,23.085277,120.242774,23.089485],"id":"AD09-008"},"geometry":{"type":"LineString","coordinates":[[120.2376816,23.0894848],[120.2376829,23.0893881],[120.2376319,23.0892178],[120.2374986,23.0883094],[120.2374737,23.0882358],[120.2371947,23.0876461],[120.2372645,23.087128],[120.2373369,23.0870293],[120.2374173,23.0869873],[120.2375273,23.0869947],[120.2378277,23.0870219],[120.2380584,23.087012],[120.2384795,23.0869182],[120.238973,23.0867825],[120.239665,23.086447],[120.2398072,23.0864099],[120.2401291,23.0862989],[120.2406494,23.0860398],[120.2414487,23.0856623],[120.2424814,23.0852774],[120.242535,23.0852897],[120.2427737,23.0857413],[120.242771,23.0858424]]}},{"type":"Feature","properties":{"name":"港南里農路 06","named":false,"ref":"","cls":"farm","clsName":"農路/產業道路","villages":["港南里"],"length_m":773,"surface":"","segments":1,"osm":[971159808],"bbox":[120.228234,23.084033,120.234962,23.087206],"id":"AD09-009"},"geometry":{"type":"LineString","coordinates":[[120.2349623,23.0840327],[120.2345435,23.0842423],[120.2341861,23.0844206],[120.2324487,23.0852329],[120.2306967,23.0860406],[120.228937,23.0868805],[120.228234,23.0872058]]}},{"type":"Feature","properties":{"name":"港南里農路 07","named":false,"ref":"","cls":"farm","clsName":"農路/產業道路","villages":["港南里"],"length_m":436,"surface":"","segments":1,"osm":[142348768],"bbox":[120.232885,23.08197,120.234722,23.085502],"id":"AD09-010"},"geometry":{"type":"LineString","coordinates":[[120.2347216,23.0855017],[120.2346654,23.085311],[120.2344523,23.0848986],[120.2341861,23.0844206],[120.2328852,23.0819703]]}},{"type":"Feature","properties":{"name":"定安路一段49巷","named":true,"ref":"","cls":"farm","clsName":"農路/產業道路","villages":["港南里"],"length_m":424,"surface":"","segments":1,"osm":[142235817],"bbox":[120.223932,23.088213,120.228062,23.088496],"id":"AD09-011"},"geometry":{"type":"LineString","coordinates":[[120.223932,23.0884955],[120.2260992,23.0883499],[120.2279769,23.0882185],[120.2280622,23.0882125]]}},{"type":"Feature","properties":{"name":"港南里農路 08","named":false,"ref":"","cls":"farm","clsName":"農路/產業道路","villages":["港南里"],"length_m":384,"surface":"","segments":1,"osm":[142349070],"bbox":[120.228501,23.086002,120.230374,23.088397],"id":"AD09-012"},"geometry":{"type":"LineString","coordinates":[[120.228501,23.0860017],[120.228937,23.0868805],[120.2303739,23.0879765],[120.2303108,23.0880279],[120.2303152,23.0880738],[120.2297081,23.0883967]]}},{"type":"Feature","properties":{"name":"港南里農路 09","named":false,"ref":"","cls":"farm","clsName":"農路/產業道路","villages":["港南里"],"length_m":364,"surface":"","segments":2,"osm":[976403811,1194663723],"bbox":[120.234122,23.081488,120.235596,23.084409],"id":"AD09-013"},"geometry":{"type":"MultiLineString","coordinates":[[[120.2352746,23.0839009],[120.2355291,23.0843743],[120.2355961,23.0844089]],[[120.2341977,23.0814884],[120.2341919,23.081554],[120.2341859,23.0815731],[120.2341712,23.0815861],[120.2341296,23.0816154],[120.2341235,23.0816243],[120.2341222,23.0816336],[120.2341235,23.0816459],[120.2342831,23.0819969],[120.2344957,23.082409],[120.2349637,23.0833195],[120.2352746,23.0839009]]]}},{"type":"Feature","properties":{"name":"港南里農路 10","named":false,"ref":"","cls":"farm","clsName":"農路/產業道路","villages":["港南里"],"length_m":326,"surface":"","segments":1,"osm":[182424393],"bbox":[120.243789,23.08658,120.244454,23.089411],"id":"AD09-014"},"geometry":{"type":"LineString","coordinates":[[120.2444544,23.0865803],[120.2443074,23.0867976],[120.2442244,23.0869871],[120.2440533,23.0875663],[120.2438408,23.0883752],[120.2438021,23.0889507],[120.2437887,23.0894111]]}},{"type":"Feature","properties":{"name":"定安路一段27巷","named":true,"ref":"","cls":"farm","clsName":"農路/產業道路","villages":["港南里"],"length_m":270,"surface":"","segments":1,"osm":[444917628],"bbox":[120.225928,23.086053,120.22793,23.087636],"id":"AD09-015"},"geometry":{"type":"LineString","coordinates":[[120.2279298,23.087636],[120.2259284,23.0860529]]}},{"type":"Feature","properties":{"name":"港南里農路 11","named":false,"ref":"","cls":"farm","clsName":"農路/產業道路","villages":["港南里"],"length_m":185,"surface":"","segments":1,"osm":[820799965],"bbox":[120.245823,23.084679,120.247609,23.084879],"id":"AD09-016"},"geometry":{"type":"LineString","coordinates":[[120.2476087,23.0847259],[120.2475029,23.0847248],[120.2472684,23.0846791],[120.2469143,23.0846889],[120.2458227,23.0848789]]}},{"type":"Feature","properties":{"name":"定安路一段48巷","named":true,"ref":"","cls":"farm","clsName":"農路/產業道路","villages":["港南里"],"length_m":121,"surface":"","segments":1,"osm":[1502512883],"bbox":[120.228062,23.087953,120.229182,23.088213],"id":"AD09-017"},"geometry":{"type":"LineString","coordinates":[[120.2280622,23.0882125],[120.2287205,23.0881761],[120.2288528,23.0881482],[120.229182,23.0879526]]}},{"type":"Feature","properties":{"name":"港南里農路 12","named":false,"ref":"","cls":"farm","clsName":"農路/產業道路","villages":["港南里"],"length_m":93,"surface":"","segments":1,"osm":[1117129829],"bbox":[120.237499,23.088011,120.238347,23.088309],"id":"AD09-018"},"geometry":{"type":"LineString","coordinates":[[120.2374986,23.0883094],[120.2383465,23.0880113]]}},{"type":"Feature","properties":{"name":"港南里農路 13","named":false,"ref":"","cls":"farm","clsName":"農路/產業道路","villages":["港南里"],"length_m":81,"surface":"","segments":1,"osm":[1117129825],"bbox":[120.236874,23.086982,120.237195,23.087646],"id":"AD09-019"},"geometry":{"type":"LineString","coordinates":[[120.2371947,23.0876461],[120.236958,23.0871563],[120.2368739,23.0869822]]}},{"type":"Feature","properties":{"name":"港南里農路 14","named":false,"ref":"","cls":"farm","clsName":"農路/產業道路","villages":["港南里"],"length_m":56,"surface":"","segments":1,"osm":[444917627],"bbox":[120.231703,23.088007,120.2318,23.08848],"id":"AD09-020"},"geometry":{"type":"LineString","coordinates":[[120.2317032,23.0884805],[120.2317091,23.0882453],[120.2317281,23.0881458],[120.2317262,23.088069],[120.2317998,23.0880068]]}},{"type":"Feature","properties":{"name":"港南里農路 15","named":false,"ref":"","cls":"farm","clsName":"農路/產業道路","villages":["港南里"],"length_m":40,"surface":"","segments":1,"osm":[147115796],"bbox":[120.232916,23.090537,120.233111,23.090745],"id":"AD09-021"},"geometry":{"type":"LineString","coordinates":[[120.2329156,23.0905668],[120.2330679,23.0905367],[120.2331106,23.0907452]]}},{"type":"Feature","properties":{"name":"港南里農路 16","named":false,"ref":"","cls":"farm","clsName":"農路/產業道路","villages":["港南里"],"length_m":32,"surface":"","segments":1,"osm":[1117129826],"bbox":[120.236958,23.087128,120.237264,23.087156],"id":"AD09-022"},"geometry":{"type":"LineString","coordinates":[[120.2372645,23.087128],[120.236958,23.0871563]]}},{"type":"Feature","properties":{"name":"鼎財一號橋","named":true,"ref":"","cls":"farm","clsName":"農路/產業道路","villages":["港南里"],"length_m":31,"surface":"","segments":1,"osm":[971159809],"bbox":[120.234962,23.083914,120.235241,23.084033],"id":"AD09-023"},"geometry":{"type":"LineString","coordinates":[[120.2352411,23.0839142],[120.2349623,23.0840327]]}},{"type":"Feature","properties":{"name":"港南里農路 17","named":false,"ref":"","cls":"farm","clsName":"農路/產業道路","villages":["港南里"],"length_m":30,"surface":"","segments":1,"osm":[142349058],"bbox":[120.230315,23.088074,120.230545,23.088238],"id":"AD09-024"},"geometry":{"type":"LineString","coordinates":[[120.2303152,23.0880738],[120.2305446,23.0882383]]}},{"type":"Feature","properties":{"name":"港南里巷道 01","named":false,"ref":"","cls":"lane","clsName":"巷道","villages":["港南里"],"length_m":3978,"surface":"瀝青","segments":4,"osm":[309110894,432389924,432389925,897412434],"bbox":[120.209681,23.07984,120.24604,23.090103],"id":"AD09-025"},"geometry":{"type":"MultiLineString","coordinates":[[[120.2310449,23.0827351],[120.2293554,23.0835804],[120.2286902,23.0839406],[120.2276844,23.0845279],[120.2261431,23.0855328],[120.2260629,23.085585],[120.2249484,23.0863009],[120.2237825,23.0870014],[120.2225152,23.0876819],[120.2213237,23.0882649],[120.2209999,23.0883968],[120.220613,23.0885413],[120.2193234,23.088997],[120.2190975,23.0890828],[120.2183277,23.0893074],[120.217596,23.0895003],[120.2171261,23.0896257],[120.2166343,23.0897762],[120.2159634,23.0898821],[120.2157653,23.0899084],[120.2154175,23.089961],[120.21488,23.0900076],[120.2142743,23.0900729],[120.213884,23.0900914],[120.2134463,23.0900969],[120.2130577,23.0901034],[120.2124184,23.0900696],[120.2107458,23.0899653],[120.2101807,23.0898932],[120.2100565,23.0898774],[120.2096813,23.0898073]],[[120.2460401,23.0798399],[120.2458997,23.0798761],[120.2457961,23.0799028],[120.2449029,23.0799201],[120.243486,23.0799784],[120.2420524,23.0800427],[120.2403465,23.0801932],[120.2385279,23.0804053],[120.2379374,23.0805267],[120.2367946,23.0807615],[120.2359691,23.0809581],[120.2351711,23.0811777],[120.2343732,23.0814343],[120.2341977,23.0814884],[120.2340967,23.0815195]],[[120.2340967,23.0815195],[120.23371,23.0816496]],[[120.23371,23.0816496],[120.2333613,23.0817865],[120.2328852,23.0819703],[120.2322281,23.0822159],[120.2310449,23.0827351]]]}},{"type":"Feature","properties":{"name":"港南里巷道 02","named":false,"ref":"","cls":"lane","clsName":"巷道","villages":["港南里"],"length_m":857,"surface":"","segments":2,"osm":[142348776,142348779],"bbox":[120.233496,23.085502,120.236732,23.08972],"id":"AD09-026"},"geometry":{"type":"MultiLineString","coordinates":[[[120.236732,23.0897196],[120.2367001,23.0893862],[120.2362792,23.0894112],[120.2362373,23.0891209],[120.2360443,23.0875116],[120.2360282,23.0873579],[120.2357076,23.0865666],[120.235363,23.0857993],[120.2348534,23.0855567],[120.2347216,23.0855017]],[[120.2334963,23.087588],[120.2336196,23.0874598],[120.2337685,23.0872209],[120.2338435,23.0871926],[120.2340621,23.0871674],[120.2344524,23.0866916],[120.2345363,23.0865761],[120.2345821,23.0865427],[120.2346347,23.0864777],[120.2346629,23.0864006],[120.234671,23.0861694],[120.2346538,23.0860993],[120.2346446,23.0858116],[120.2346528,23.0857125],[120.2347216,23.0855017]]]}},{"type":"Feature","properties":{"name":"港南里巷道 03","named":false,"ref":"","cls":"lane","clsName":"巷道","villages":["港南里"],"length_m":753,"surface":"","segments":3,"osm":[142235810,224372580,305215379],"bbox":[120.228107,23.087129,120.233685,23.090805],"id":"AD09-027"},"geometry":{"type":"MultiLineString","coordinates":[[[120.228364,23.0873206],[120.2281067,23.0871891]],[[120.2336848,23.0907047],[120.233509,23.0908054],[120.2334696,23.0907728],[120.2334295,23.090753],[120.2333716,23.090743],[120.2333058,23.0907383],[120.2331106,23.0907452],[120.232929,23.0907517],[120.2327286,23.0907499],[120.2326722,23.0907437],[120.232625,23.0907382],[120.2325735,23.0907271],[120.2325125,23.0907076],[120.232461,23.0906739],[120.2321128,23.0903599],[120.2317707,23.0900531],[120.2312499,23.0896171],[120.2305942,23.0891275],[120.2297725,23.0884541],[120.2297081,23.0883967],[120.229182,23.0879526],[120.228364,23.0873206]],[[120.2281639,23.0871288],[120.228234,23.0872058],[120.228364,23.0873206]]]}},{"type":"Feature","properties":{"name":"港南里巷道 04","named":false,"ref":"","cls":"lane","clsName":"巷道","villages":["港南里"],"length_m":603,"surface":"","segments":1,"osm":[369449889],"bbox":[120.229355,23.08358,120.232125,23.088319],"id":"AD09-028"},"geometry":{"type":"LineString","coordinates":[[120.2321246,23.0883189],[120.2317998,23.0880068],[120.2316683,23.08761],[120.2315463,23.0874553],[120.2313829,23.0873244],[120.2306967,23.0860406],[120.2300101,23.084792],[120.2293554,23.0835804]]}},{"type":"Feature","properties":{"name":"港南里巷道 05","named":false,"ref":"","cls":"lane","clsName":"巷道","villages":["港南里"],"length_m":473,"surface":"","segments":1,"osm":[142348798],"bbox":[120.230594,23.087473,120.23467,23.089128],"id":"AD09-029"},"geometry":{"type":"LineString","coordinates":[[120.2305942,23.0891275],[120.2312767,23.0886915],[120.2313157,23.0886648],[120.2317032,23.0884805],[120.2318051,23.088432],[120.2319387,23.0883763],[120.2320417,23.0883374],[120.2321246,23.0883189],[120.2323361,23.0883301],[120.2326027,23.0883564],[120.2329105,23.0882716],[120.2331227,23.0881813],[120.2333218,23.0879895],[120.2335468,23.087756],[120.2337349,23.0877169],[120.2339542,23.0877208],[120.2341775,23.0876861],[120.2343491,23.0876004],[120.2344698,23.0875232],[120.2346703,23.0874728]]}},{"type":"Feature","properties":{"name":"港南里巷道 06","named":false,"ref":"","cls":"lane","clsName":"巷道","villages":["港南里"],"length_m":361,"surface":"","segments":1,"osm":[142348797],"bbox":[120.236567,23.089765,120.237114,23.092969],"id":"AD09-030"},"geometry":{"type":"LineString","coordinates":[[120.2371144,23.0929693],[120.2369253,23.0915395],[120.236755,23.0906846],[120.2365669,23.0897648]]}},{"type":"Feature","properties":{"name":"港南里巷道 07","named":false,"ref":"","cls":"lane","clsName":"巷道","villages":["港南里"],"length_m":333,"surface":"","segments":1,"osm":[142348766],"bbox":[120.234582,23.086543,120.234865,23.089222],"id":"AD09-031"},"geometry":{"type":"LineString","coordinates":[[120.2346526,23.0892223],[120.2347835,23.088753],[120.2345938,23.0886465],[120.2347275,23.0880106],[120.2347927,23.0879423],[120.2347877,23.0878404],[120.2346703,23.0874728],[120.2346233,23.0873015],[120.234634,23.0872465],[120.2348486,23.0870145],[120.2348651,23.0869602],[120.2345821,23.0865427]]}},{"type":"Feature","properties":{"name":"港南里巷道 08","named":false,"ref":"","cls":"lane","clsName":"巷道","villages":["港南里"],"length_m":326,"surface":"","segments":1,"osm":[142348799],"bbox":[120.231771,23.088524,120.234407,23.090053],"id":"AD09-032"},"geometry":{"type":"LineString","coordinates":[[120.2317707,23.0900531],[120.2324715,23.089881],[120.2326325,23.0897907],[120.2326816,23.0897406],[120.2327578,23.0896465],[120.2328445,23.089572],[120.2329973,23.0894181],[120.2331653,23.0892505],[120.233177,23.0892425],[120.2331975,23.0892266],[120.2334282,23.089112],[120.2336757,23.0889165],[120.2339793,23.0887187],[120.2344072,23.0885245]]}},{"type":"Feature","properties":{"name":"港南里巷道 09","named":false,"ref":"","cls":"lane","clsName":"巷道","villages":["港南里"],"length_m":277,"surface":"","segments":1,"osm":[142348803],"bbox":[120.233677,23.087512,120.236044,23.088156],"id":"AD09-033"},"geometry":{"type":"LineString","coordinates":[[120.2336768,23.0881219],[120.233877,23.0881079],[120.234074,23.0881387],[120.2342296,23.088156],[120.2343556,23.0881412],[120.2347927,23.0879423],[120.2351287,23.0880045],[120.2355801,23.0879801],[120.2358266,23.087912],[120.2359859,23.087584],[120.2360443,23.0875116]]}},{"type":"Feature","properties":{"name":"港南里巷道 10","named":false,"ref":"","cls":"lane","clsName":"巷道","villages":["港南里"],"length_m":264,"surface":"","segments":1,"osm":[142348801],"bbox":[120.230888,23.089265,120.232682,23.090098],"id":"AD09-034"},"geometry":{"type":"LineString","coordinates":[[120.2326816,23.0897406],[120.2324403,23.0893731],[120.2322511,23.0893531],[120.2318742,23.0893059],[120.2316052,23.0892652],[120.2315221,23.0894453],[120.2312499,23.0896171],[120.2310244,23.0898382],[120.2310984,23.089901],[120.2308879,23.0900981]]}},{"type":"Feature","properties":{"name":"港南里巷道 11","named":false,"ref":"","cls":"lane","clsName":"巷道","villages":["港南里"],"length_m":238,"surface":"","segments":1,"osm":[142348800],"bbox":[120.232696,23.086183,120.233322,23.087989],"id":"AD09-035"},"geometry":{"type":"LineString","coordinates":[[120.2333218,23.0879895],[120.2329067,23.0876923],[120.2328632,23.0875405],[120.2327076,23.0869828],[120.2326956,23.0863216],[120.2327465,23.0862698],[120.2329385,23.0861829]]}},{"type":"Feature","properties":{"name":"港南里巷道 12","named":false,"ref":"","cls":"lane","clsName":"巷道","villages":["港南里"],"length_m":193,"surface":"","segments":1,"osm":[142348771],"bbox":[120.235046,23.089601,120.235575,23.091019],"id":"AD09-036"},"geometry":{"type":"LineString","coordinates":[[120.2351692,23.0896012],[120.2353606,23.0901455],[120.2354975,23.0904799],[120.2355699,23.0904885],[120.2355753,23.0905687],[120.2350464,23.0910189]]}},{"type":"Feature","properties":{"name":"港南里巷道 13","named":false,"ref":"","cls":"lane","clsName":"巷道","villages":["港南里"],"length_m":186,"surface":"","segments":1,"osm":[142349071],"bbox":[120.231414,23.09051,120.232612,23.091752],"id":"AD09-037"},"geometry":{"type":"LineString","coordinates":[[120.2326119,23.091752],[120.2324909,23.0916691],[120.2323461,23.0914797],[120.2321742,23.0913718],[120.2320361,23.0912361],[120.2318343,23.0910005],[120.231564,23.0906933],[120.2314145,23.0905101]]}},{"type":"Feature","properties":{"name":"港南里巷道 14","named":false,"ref":"","cls":"lane","clsName":"巷道","villages":["港南里"],"length_m":169,"surface":"","segments":1,"osm":[142352745],"bbox":[120.232042,23.088337,120.232844,23.089572],"id":"AD09-038"},"geometry":{"type":"LineString","coordinates":[[120.2328445,23.089572],[120.232788,23.0895157],[120.2326888,23.0893959],[120.2326121,23.0893236],[120.2324756,23.0890603],[120.2324559,23.0889538],[120.2324773,23.0887577],[120.2324573,23.0886753],[120.2320417,23.0883374]]}},{"type":"Feature","properties":{"name":"港南里巷道 15","named":false,"ref":"","cls":"lane","clsName":"巷道","villages":["港南里"],"length_m":152,"surface":"","segments":1,"osm":[142352740],"bbox":[120.233306,23.089585,120.233953,23.090738],"id":"AD09-039"},"geometry":{"type":"LineString","coordinates":[[120.2338827,23.0895851],[120.2339526,23.0898939],[120.2339232,23.0900382],[120.2337368,23.0903096],[120.2336215,23.090444],[120.233423,23.0906587],[120.2333058,23.0907383]]}},{"type":"Feature","properties":{"name":"港南里巷道 16","named":false,"ref":"","cls":"lane","clsName":"巷道","villages":["港南里"],"length_m":128,"surface":"","segments":1,"osm":[142352720],"bbox":[120.23328,23.089359,120.234261,23.089718],"id":"AD09-040"},"geometry":{"type":"LineString","coordinates":[[120.2333111,23.0897179],[120.2332802,23.0896155],[120.2333244,23.089534],[120.2334129,23.0894861],[120.233582,23.0895464],[120.2338827,23.0895851],[120.2342612,23.0893587]]}},{"type":"Feature","properties":{"name":"港南里巷道 17","named":false,"ref":"","cls":"lane","clsName":"巷道","villages":["港南里"],"length_m":125,"surface":"","segments":1,"osm":[142352717],"bbox":[120.232603,23.088356,120.233198,23.089227],"id":"AD09-041"},"geometry":{"type":"LineString","coordinates":[[120.2331975,23.0892266],[120.2331135,23.089081],[120.2330709,23.0889702],[120.2330898,23.0888533],[120.2330709,23.0887146],[120.233016,23.0886483],[120.2328224,23.0885968],[120.232721,23.0885199],[120.2326027,23.0883564]]}},{"type":"Feature","properties":{"name":"港南里巷道 18","named":false,"ref":"","cls":"lane","clsName":"巷道","villages":["港南里"],"length_m":124,"surface":"","segments":1,"osm":[142348793],"bbox":[120.232758,23.089647,120.232929,23.090752],"id":"AD09-042"},"geometry":{"type":"LineString","coordinates":[[120.232929,23.0907517],[120.2329156,23.0905668],[120.2328272,23.0901535],[120.2327713,23.0898093],[120.2327578,23.0896465]]}},{"type":"Feature","properties":{"name":"港南里巷道 19","named":false,"ref":"","cls":"lane","clsName":"巷道","villages":["港南里"],"length_m":108,"surface":"","segments":1,"osm":[142348767],"bbox":[120.234793,23.08705,120.235146,23.087942],"id":"AD09-043"},"geometry":{"type":"LineString","coordinates":[[120.2347927,23.0879423],[120.2348885,23.087801],[120.2350387,23.0876078],[120.2350789,23.0874153],[120.2351031,23.0871908],[120.235146,23.0870501]]}},{"type":"Feature","properties":{"name":"港南里巷道 20","named":false,"ref":"","cls":"lane","clsName":"巷道","villages":["港南里"],"length_m":107,"surface":"","segments":1,"osm":[142348785],"bbox":[120.233796,23.085619,120.234645,23.085967],"id":"AD09-044"},"geometry":{"type":"LineString","coordinates":[[120.2337956,23.0859671],[120.234202,23.0857869],[120.2344219,23.0856192],[120.2346446,23.0858116]]}},{"type":"Feature","properties":{"name":"港南里巷道 21","named":false,"ref":"","cls":"lane","clsName":"巷道","villages":["港南里"],"length_m":103,"surface":"","segments":1,"osm":[142348773],"bbox":[120.233676,23.086102,120.234536,23.086576],"id":"AD09-045"},"geometry":{"type":"LineString","coordinates":[[120.2336763,23.0861021],[120.2341893,23.0863908],[120.2345363,23.0865761]]}},{"type":"Feature","properties":{"name":"港南里巷道 22","named":false,"ref":"","cls":"lane","clsName":"巷道","villages":["港南里"],"length_m":99,"surface":"","segments":1,"osm":[142349061],"bbox":[120.231805,23.088432,120.231892,23.089306],"id":"AD09-046"},"geometry":{"type":"LineString","coordinates":[[120.2318742,23.0893059],[120.2318694,23.0890792],[120.2318921,23.0890347],[120.2318741,23.0889152],[120.2318332,23.0888161],[120.2318146,23.0885199],[120.2318051,23.088432]]}},{"type":"Feature","properties":{"name":"港南里巷道 23","named":false,"ref":"","cls":"lane","clsName":"巷道","villages":["港南里"],"length_m":91,"surface":"","segments":1,"osm":[142348778],"bbox":[120.232409,23.087516,120.233145,23.087967],"id":"AD09-047"},"geometry":{"type":"LineString","coordinates":[[120.2324091,23.0879674],[120.2329067,23.0876923],[120.2331448,23.0875158]]}},{"type":"Feature","properties":{"name":"港南里巷道 24","named":false,"ref":"","cls":"lane","clsName":"巷道","villages":["港南里"],"length_m":84,"surface":"","segments":1,"osm":[142349068],"bbox":[120.229064,23.088454,120.229772,23.088817],"id":"AD09-048"},"geometry":{"type":"LineString","coordinates":[[120.2290642,23.0888165],[120.2291966,23.0887889],[120.2297725,23.0884541]]}},{"type":"Feature","properties":{"name":"港南里巷道 25","named":false,"ref":"","cls":"lane","clsName":"巷道","villages":["港南里"],"length_m":79,"surface":"","segments":1,"osm":[143235864],"bbox":[120.236977,23.089638,120.237347,23.090103],"id":"AD09-049"},"geometry":{"type":"LineString","coordinates":[[120.2373468,23.0901034],[120.2370604,23.0900811],[120.2369767,23.089638]]}},{"type":"Feature","properties":{"name":"港南里巷道 26","named":false,"ref":"","cls":"lane","clsName":"巷道","villages":["港南里"],"length_m":77,"surface":"","segments":1,"osm":[142236579],"bbox":[120.231275,23.087455,120.231546,23.087964],"id":"AD09-050"},"geometry":{"type":"LineString","coordinates":[[120.2314341,23.0879644],[120.2312748,23.0875788],[120.2315463,23.0874553]]}},{"type":"Feature","properties":{"name":"港南里巷道 27","named":false,"ref":"","cls":"lane","clsName":"巷道","villages":["港南里"],"length_m":68,"surface":"","segments":1,"osm":[142349060],"bbox":[120.231939,23.088376,120.232304,23.088827],"id":"AD09-051"},"geometry":{"type":"LineString","coordinates":[[120.2323043,23.0888268],[120.2319805,23.0886149],[120.2319387,23.0883763]]}},{"type":"Feature","properties":{"name":"港南里巷道 28","named":false,"ref":"","cls":"lane","clsName":"巷道","villages":["港南里"],"length_m":65,"surface":"","segments":1,"osm":[142349064],"bbox":[120.233123,23.088181,120.233325,23.088677],"id":"AD09-052"},"geometry":{"type":"LineString","coordinates":[[120.233325,23.0886771],[120.2332189,23.0884974],[120.2332804,23.08846],[120.2331227,23.0881813]]}},{"type":"Feature","properties":{"name":"港南里巷道 29","named":false,"ref":"","cls":"lane","clsName":"巷道","villages":["港南里"],"length_m":63,"surface":"","segments":1,"osm":[142348782],"bbox":[120.232251,23.089353,120.232472,23.089881],"id":"AD09-053"},"geometry":{"type":"LineString","coordinates":[[120.2324715,23.089881],[120.2322511,23.0893531]]}},{"type":"Feature","properties":{"name":"港南里巷道 30","named":false,"ref":"","cls":"lane","clsName":"巷道","villages":["港南里"],"length_m":52,"surface":"","segments":1,"osm":[143235867],"bbox":[120.234653,23.085712,120.235099,23.085937],"id":"AD09-054"},"geometry":{"type":"LineString","coordinates":[[120.2350991,23.0859371],[120.2346528,23.0857125]]}},{"type":"Feature","properties":{"name":"港南里巷道 31","named":false,"ref":"","cls":"lane","clsName":"巷道","villages":["港南里"],"length_m":52,"surface":"","segments":1,"osm":[142352739],"bbox":[120.232346,23.091071,120.23259,23.09148],"id":"AD09-055"},"geometry":{"type":"LineString","coordinates":[[120.2325902,23.0910708],[120.2323461,23.0914797]]}},{"type":"Feature","properties":{"name":"港南里巷道 32","named":false,"ref":"","cls":"lane","clsName":"巷道","villages":["港南里"],"length_m":50,"surface":"","segments":1,"osm":[147115811],"bbox":[120.236279,23.089411,120.236323,23.089853],"id":"AD09-056"},"geometry":{"type":"LineString","coordinates":[[120.2362792,23.0894112],[120.2363235,23.0896375],[120.2362864,23.0898529]]}},{"type":"Feature","properties":{"name":"港南里巷道 33","named":false,"ref":"","cls":"lane","clsName":"巷道","villages":["港南里"],"length_m":49,"surface":"","segments":1,"osm":[142348763],"bbox":[120.234187,23.085994,120.234654,23.086099],"id":"AD09-057"},"geometry":{"type":"LineString","coordinates":[[120.234187,23.0859938],[120.2346538,23.0860993]]}},{"type":"Feature","properties":{"name":"港南里巷道 34","named":false,"ref":"","cls":"lane","clsName":"巷道","villages":["港南里"],"length_m":44,"surface":"","segments":1,"osm":[142348791],"bbox":[120.236499,23.091539,120.236925,23.091605],"id":"AD09-058"},"geometry":{"type":"LineString","coordinates":[[120.2364995,23.0916051],[120.2369253,23.0915395]]}},{"type":"Feature","properties":{"name":"港南里巷道 35","named":false,"ref":"","cls":"lane","clsName":"巷道","villages":["港南里"],"length_m":37,"surface":"","segments":1,"osm":[142352741],"bbox":[120.233177,23.089243,120.233413,23.089486],"id":"AD09-059"},"geometry":{"type":"LineString","coordinates":[[120.2334129,23.0894861],[120.2333567,23.0894526],[120.233177,23.0892425]]}},{"type":"Feature","properties":{"name":"港南里巷道 36","named":false,"ref":"","cls":"lane","clsName":"巷道","villages":["港南里"],"length_m":36,"surface":"","segments":1,"osm":[143235866],"bbox":[120.236237,23.089076,120.236588,23.089121],"id":"AD09-060"},"geometry":{"type":"LineString","coordinates":[[120.2362373,23.0891209],[120.2365878,23.089076]]}},{"type":"Feature","properties":{"name":"港南里巷道 37","named":false,"ref":"","cls":"lane","clsName":"巷道","villages":["港南里"],"length_m":30,"surface":"","segments":1,"osm":[142352728],"bbox":[120.232539,23.090153,120.232827,23.090175],"id":"AD09-061"},"geometry":{"type":"LineString","coordinates":[[120.2325389,23.0901746],[120.2328272,23.0901535]]}},{"type":"Feature","properties":{"name":"港南里巷道 38","named":false,"ref":"","cls":"lane","clsName":"巷道","villages":["港南里"],"length_m":29,"surface":"","segments":1,"osm":[142348772],"bbox":[120.233195,23.086695,120.233472,23.086768],"id":"AD09-062"},"geometry":{"type":"LineString","coordinates":[[120.2334716,23.0866949],[120.2331948,23.0867678]]}},{"type":"Feature","properties":{"name":"定安路一段","named":true,"ref":"市道178","cls":"main","clsName":"省道/市道","villages":["港口里","港南里"],"length_m":3301,"surface":"瀝青","segments":8,"osm":[142235809,142235812,305136026,305215194,305215204,305215380,899270542,1125084544],"bbox":[120.227915,23.087066,120.2359,23.097519],"id":"AD10-001"},"geometry":{"type":"MultiLineString","coordinates":[[[120.2281067,23.0871891],[120.2280437,23.0872829],[120.2280079,23.0873616],[120.2279916,23.0874608],[120.2280067,23.08765],[120.2280275,23.0878346],[120.2280622,23.0882125],[120.2282446,23.0901316],[120.2284092,23.0921106],[120.2285232,23.0933476],[120.2285417,23.0934711],[120.2285667,23.093579],[120.2285926,23.0936853],[120.2286335,23.0938051],[120.2287023,23.0939633],[120.2287548,23.0940564],[120.2287928,23.0941165],[120.2288319,23.0941697],[120.2289908,23.0943446],[120.2290791,23.0944272],[120.2292063,23.0945308],[120.2292727,23.09458],[120.2293402,23.0946304],[120.2294877,23.0947272]],[[120.2357972,23.0975193],[120.2340751,23.0974891],[120.2339754,23.0974829],[120.2339035,23.0974786],[120.2338271,23.0974717],[120.2337498,23.0974617],[120.2336793,23.0974525],[120.2334242,23.0974021],[120.2331464,23.0973034],[120.2329525,23.0972174],[120.2328067,23.0971363],[120.2326947,23.0970639],[120.2325439,23.0969686],[120.2304851,23.0955381],[120.2294181,23.0947852]],[[120.2357972,23.0975193],[120.2358997,23.09749]],[[120.2294877,23.0947272],[120.2305761,23.095488],[120.2325624,23.0968709],[120.2327694,23.0970043],[120.232857,23.097054],[120.2330049,23.0971348],[120.2331501,23.0972056],[120.2332788,23.0972527],[120.2334514,23.0973064],[120.2335123,23.0973217],[120.233587,23.0973375],[120.2336538,23.0973502],[120.2337146,23.0973622],[120.2337798,23.0973718],[120.233848,23.0973838],[120.2339207,23.0973927],[120.2339986,23.0973982],[120.2340871,23.0974048],[120.2357992,23.0974287],[120.2358997,23.09749]],[[120.2294181,23.0947852],[120.2292684,23.0946903],[120.2291737,23.0946173],[120.229078,23.0945463],[120.228999,23.0944842],[120.2289125,23.0944042],[120.228752,23.0942192],[120.2287027,23.0941599],[120.2286609,23.0940977],[120.2286189,23.0940158],[120.2285264,23.093807],[120.2284876,23.0936808],[120.2284576,23.0935711],[120.2284385,23.093476],[120.2284259,23.0933562],[120.2283161,23.0921171],[120.2282293,23.0911255],[120.2281412,23.0901151],[120.2279769,23.0882185],[120.2279298,23.087636],[120.2279148,23.0874683]],[[120.2279148,23.0874683],[120.2279305,23.0873398],[120.2279744,23.0872405],[120.2280366,23.0871294]],[[120.2281639,23.0871288],[120.2281067,23.0871891]],[[120.2280366,23.0871294],[120.2280921,23.0870659]]]}},{"type":"Feature","properties":{"name":"港口里道路 01","named":false,"ref":"","cls":"main","clsName":"省道/市道","villages":["港口里"],"length_m":10,"surface":"","segments":1,"osm":[305136029],"bbox":[120.235797,23.097429,120.235799,23.097519],"id":"AD10-002"},"geometry":{"type":"LineString","coordinates":[[120.2357972,23.0975193],[120.2357992,23.0974287]]}},{"type":"Feature","properties":{"name":"南134","named":true,"ref":"南134","cls":"dist","clsName":"區道","villages":["港口里","港南里","中榮里","文科里"],"length_m":5381,"surface":"","segments":8,"osm":[144020692,305215199,305215203,305715131,305715132,425403409,1037934835,1037934836],"bbox":[120.222581,23.089398,120.250506,23.099245],"id":"AD10-003"},"geometry":{"type":"MultiLineString","coordinates":[[[120.2373666,23.0895287],[120.2369767,23.089638],[120.236732,23.0897196],[120.2365669,23.0897648],[120.2362864,23.0898529],[120.2353606,23.0901455],[120.2347071,23.0903577],[120.2338023,23.0906538],[120.2336848,23.0907047],[120.2335901,23.0907589],[120.233509,23.0908054],[120.2334147,23.0908801],[120.2330414,23.091215],[120.2329048,23.0913425],[120.2326872,23.0916128],[120.2326119,23.091752],[120.2322829,23.0923219],[120.2321616,23.0925055],[120.2317929,23.0927751],[120.2315629,23.0929773],[120.2314584,23.0930591],[120.2313277,23.0931676],[120.2309426,23.0934696],[120.2295703,23.0946532],[120.2294877,23.0947272]],[[120.2294877,23.0947272],[120.2294181,23.0947852]],[[120.2226708,23.0991333],[120.2227522,23.0990405],[120.2239827,23.098437],[120.2260619,23.0974142],[120.2263178,23.0972791],[120.2264473,23.0971957],[120.2265722,23.0971079],[120.2266359,23.0970623],[120.2278689,23.096017],[120.2286377,23.0953743],[120.2292639,23.0948516],[120.2294181,23.0947852]],[[120.2376816,23.0894848],[120.2378521,23.0894124],[120.2386235,23.0894187],[120.2437887,23.0894111],[120.2439525,23.0894052],[120.2464222,23.0894145],[120.2469237,23.0894195],[120.2470461,23.0894207],[120.2484518,23.0894347],[120.2487134,23.0894371],[120.2494447,23.0894271],[120.2505061,23.0893977]],[[120.2504987,23.0894789],[120.2496974,23.0895018],[120.2486763,23.0895183],[120.2476737,23.0895099],[120.2469773,23.0894957],[120.2464228,23.0894873],[120.2438046,23.0895088],[120.2378199,23.0895211],[120.2376816,23.0894848]],[[120.2376816,23.0894848],[120.2376319,23.0894894]],[[120.2294181,23.0947852],[120.2293371,23.0948966],[120.22869,23.0954348],[120.2279358,23.0960715],[120.2266942,23.0971218],[120.2266212,23.0971733],[120.2265093,23.0972527],[120.2263718,23.0973417],[120.2261417,23.0974668],[120.223993,23.0985228],[120.2227929,23.0991083],[120.2226708,23.0991333]],[[120.2226708,23.0991333],[120.2225813,23.0992454]]]}},{"type":"Feature","properties":{"name":"定安路二段","named":true,"ref":"","cls":"dist","clsName":"區道","villages":["港口里","中榮里","港尾里"],"length_m":1162,"surface":"瀝青","segments":3,"osm":[362790460,362790462,362790464],"bbox":[120.2359,23.09749,120.245904,23.100719],"id":"AD10-004"},"geometry":{"type":"MultiLineString","coordinates":[[[120.2439065,23.1007043],[120.2441152,23.1006629],[120.2443199,23.1006097],[120.2445143,23.1005329],[120.2446561,23.1004578],[120.2448441,23.1003421],[120.245718,23.0997717],[120.2458074,23.0996929],[120.2459042,23.0995646]],[[120.2418478,23.0999136],[120.242353,23.1002723],[120.2425369,23.1003973],[120.242743,23.1005142],[120.2429482,23.1006057],[120.2431354,23.1006613],[120.2433254,23.1006995],[120.2435013,23.1007187],[120.2436781,23.1007187],[120.2439065,23.1007043]],[[120.2358997,23.09749],[120.2361063,23.0975189],[120.2372398,23.09777],[120.237649,23.0978547],[120.2380871,23.0979188],[120.2385809,23.0979834],[120.2389409,23.0980581],[120.2392146,23.0981524],[120.2394254,23.098252],[120.2396071,23.0983464],[120.2398526,23.0985075],[120.240583,23.0990305],[120.2418478,23.0999136]]]}},{"type":"Feature","properties":{"name":"港口里農路 01","named":false,"ref":"","cls":"farm","clsName":"農路/產業道路","villages":["港口里"],"length_m":1127,"surface":"","segments":1,"osm":[142313431],"bbox":[120.219098,23.089083,120.219885,23.099184],"id":"AD10-005"},"geometry":{"type":"LineString","coordinates":[[120.2190975,23.0890828],[120.2192608,23.091115],[120.2194158,23.0931568],[120.2195151,23.094203],[120.219593,23.0952813],[120.2195527,23.0953726],[120.2196358,23.0964876],[120.2196894,23.0970798],[120.2197486,23.0976572],[120.2198128,23.0984392],[120.2198845,23.0991837]]}},{"type":"Feature","properties":{"name":"港口里農路 02","named":false,"ref":"","cls":"farm","clsName":"農路/產業道路","villages":["港口里"],"length_m":879,"surface":"","segments":1,"osm":[142229319],"bbox":[120.227188,23.098576,120.235779,23.098702],"id":"AD10-006"},"geometry":{"type":"LineString","coordinates":[[120.2271882,23.0985761],[120.229621,23.0986119],[120.2325821,23.0986588],[120.2357793,23.0987016]]}},{"type":"Feature","properties":{"name":"港口里農路 03","named":false,"ref":"","cls":"farm","clsName":"農路/產業道路","villages":["港口里"],"length_m":732,"surface":"","segments":1,"osm":[444917629],"bbox":[120.22872,23.088176,120.22957,23.094653],"id":"AD10-007"},"geometry":{"type":"LineString","coordinates":[[120.2287205,23.0881761],[120.2290188,23.0885941],[120.2290537,23.0886854],[120.2290642,23.0888165],[120.2291489,23.0898747],[120.2293295,23.0920645],[120.2295703,23.0946532]]}},{"type":"Feature","properties":{"name":"港口里農路 04","named":false,"ref":"","cls":"farm","clsName":"農路/產業道路","villages":["港口里"],"length_m":660,"surface":"","segments":1,"osm":[142313441],"bbox":[120.217157,23.095107,120.223514,23.096037],"id":"AD10-008"},"geometry":{"type":"LineString","coordinates":[[120.2171568,23.095107],[120.2178279,23.0951504],[120.2185096,23.0951998],[120.2187966,23.0952098],[120.219593,23.0952813],[120.2200332,23.095375],[120.2216224,23.0956778],[120.2225379,23.0958511],[120.223514,23.0960366]]}},{"type":"Feature","properties":{"name":"港口里農路 05","named":false,"ref":"","cls":"farm","clsName":"農路/產業道路","villages":["港口里"],"length_m":621,"surface":"","segments":1,"osm":[142297101],"bbox":[120.235876,23.098739,120.241701,23.099995],"id":"AD10-009"},"geometry":{"type":"LineString","coordinates":[[120.2417012,23.099995],[120.2407666,23.09989],[120.2402633,23.0998393],[120.2393692,23.0998333],[120.2372402,23.0994329],[120.237149,23.0993934],[120.2358757,23.0987394]]}},{"type":"Feature","properties":{"name":"港口里農路 06","named":false,"ref":"","cls":"farm","clsName":"農路/產業道路","villages":["港口里"],"length_m":589,"surface":"","segments":1,"osm":[1015359586],"bbox":[120.223051,23.090808,120.223517,23.096084],"id":"AD10-010"},"geometry":{"type":"LineString","coordinates":[[120.2235165,23.0960838],[120.223514,23.0960366],[120.2233726,23.0941857],[120.2232894,23.0930753],[120.2231715,23.0919355],[120.2230513,23.090808]]}},{"type":"Feature","properties":{"name":"港口里農路 07","named":false,"ref":"","cls":"farm","clsName":"農路/產業道路","villages":["港口里"],"length_m":482,"surface":"","segments":1,"osm":[142297100],"bbox":[120.235882,23.098399,120.240483,23.099341],"id":"AD10-011"},"geometry":{"type":"LineString","coordinates":[[120.2358818,23.0983987],[120.2404832,23.0993409]]}},{"type":"Feature","properties":{"name":"定安路一段523巷","named":true,"ref":"","cls":"farm","clsName":"農路/產業道路","villages":["港口里"],"length_m":399,"surface":"","segments":1,"osm":[1502512881],"bbox":[120.229638,23.097306,120.233451,23.097438],"id":"AD10-012"},"geometry":{"type":"LineString","coordinates":[[120.2334514,23.0973064],[120.2334375,23.0973546],[120.2334242,23.0974021],[120.2333934,23.0974203],[120.2333491,23.0974316],[120.2333079,23.0974358],[120.2332578,23.0974382],[120.2296379,23.0973864]]}},{"type":"Feature","properties":{"name":"港口里農路 08","named":false,"ref":"","cls":"farm","clsName":"農路/產業道路","villages":["港口里"],"length_m":351,"surface":"","segments":1,"osm":[142313452],"bbox":[120.235873,23.096476,120.238919,23.097513],"id":"AD10-013"},"geometry":{"type":"LineString","coordinates":[[120.2389195,23.0975128],[120.2388122,23.0973857],[120.2385842,23.0969835],[120.2358734,23.0964759]]}},{"type":"Feature","properties":{"name":"港口里農路 09","named":false,"ref":"","cls":"farm","clsName":"農路/產業道路","villages":["港口里"],"length_m":183,"surface":"","segments":1,"osm":[142313458],"bbox":[120.228526,23.093807,120.22869,23.095435],"id":"AD10-014"},"geometry":{"type":"LineString","coordinates":[[120.22869,23.0954348],[120.2286377,23.0953743],[120.2285264,23.093807]]}},{"type":"Feature","properties":{"name":"港口里巷道 01","named":false,"ref":"","cls":"lane","clsName":"巷道","villages":["港口里"],"length_m":1576,"surface":"","segments":3,"osm":[142313435,142313473,142348761],"bbox":[120.229808,23.090883,120.237444,23.096144],"id":"AD10-015"},"geometry":{"type":"MultiLineString","coordinates":[[[120.2374443,23.093205],[120.23737,23.0958497],[120.2369427,23.0959091],[120.2366021,23.0959633],[120.2358775,23.0961138],[120.2349852,23.0961233],[120.2345215,23.096141],[120.2341217,23.0961441]],[[120.2309426,23.0934696],[120.230721,23.0933771],[120.2305993,23.0933043],[120.2305068,23.0932056],[120.2304928,23.0931689],[120.2304262,23.0928047],[120.2304181,23.0925157],[120.2304103,23.0923675],[120.2303636,23.0923053],[120.2301662,23.0919995],[120.2298084,23.0914886],[120.2309945,23.0908834]],[[120.2341217,23.0961441],[120.2327295,23.0960264],[120.2317533,23.095927],[120.2316889,23.0958986],[120.2316742,23.095811],[120.2316889,23.0955482],[120.2315805,23.0949457],[120.2314415,23.0942307],[120.2313816,23.093838],[120.2313601,23.0938047],[120.2313212,23.0937615],[120.2309426,23.0934696]]]}},{"type":"Feature","properties":{"name":"港口里巷道 02","named":false,"ref":"","cls":"lane","clsName":"巷道","villages":["港口里"],"length_m":919,"surface":"","segments":1,"osm":[142313488],"bbox":[120.224283,23.09036,120.232113,23.092418],"id":"AD10-016"},"geometry":{"type":"LineString","coordinates":[[120.2242827,23.0924179],[120.2264184,23.0922692],[120.2283161,23.0921171],[120.2284092,23.0921106],[120.2293295,23.0920645],[120.2301662,23.0919995],[120.2307455,23.0916962],[120.230844,23.0915883],[120.2309688,23.091381],[120.2310709,23.091142],[120.231044,23.0910334],[120.2309945,23.0908834],[120.2309874,23.0907809],[120.2309902,23.0906436],[120.2310279,23.0906031],[120.2314145,23.0905101],[120.2321128,23.0903599]]}},{"type":"Feature","properties":{"name":"港口里巷道 03","named":false,"ref":"","cls":"lane","clsName":"巷道","villages":["港口里"],"length_m":574,"surface":"","segments":1,"osm":[142229318],"bbox":[120.235852,23.092129,120.235946,23.097287],"id":"AD10-017"},"geometry":{"type":"LineString","coordinates":[[120.2358523,23.0972869],[120.2358734,23.0964759],[120.2358775,23.0961138],[120.2358966,23.0948691],[120.2359013,23.094634],[120.2359114,23.09409],[120.2359234,23.0935492],[120.2359302,23.0929105],[120.2359463,23.0925326],[120.2359458,23.0921292]]}},{"type":"Feature","properties":{"name":"港口里巷道 04","named":false,"ref":"","cls":"lane","clsName":"巷道","villages":["港口里"],"length_m":536,"surface":"","segments":1,"osm":[142235805],"bbox":[120.233041,23.091215,120.235901,23.094634],"id":"AD10-018"},"geometry":{"type":"LineString","coordinates":[[120.2359013,23.094634],[120.2349707,23.0941837],[120.2343577,23.0938348],[120.2337542,23.0935177],[120.2336081,23.0934473],[120.2334619,23.0933561],[120.2333747,23.0932759],[120.2333507,23.0932384],[120.2332782,23.0931439],[120.2332352,23.0930538],[120.2332057,23.0929613],[120.2332018,23.0926836],[120.2331494,23.0919238],[120.2331199,23.0913304],[120.2330414,23.091215]]}},{"type":"Feature","properties":{"name":"港口里巷道 05","named":false,"ref":"","cls":"lane","clsName":"巷道","villages":["港口里"],"length_m":334,"surface":"","segments":1,"osm":[142235811],"bbox":[120.233608,23.093447,120.235897,23.09492],"id":"AD10-019"},"geometry":{"type":"LineString","coordinates":[[120.2336081,23.0934473],[120.2336336,23.0935448],[120.2338721,23.0938787],[120.2340493,23.0941543],[120.234173,23.0943937],[120.2342384,23.0946156],[120.2342503,23.0946792],[120.2343616,23.0948186],[120.2344863,23.0949198],[120.235134,23.0949043],[120.2358966,23.0948691]]}},{"type":"Feature","properties":{"name":"港口里巷道 06","named":false,"ref":"","cls":"lane","clsName":"巷道","villages":["港口里"],"length_m":279,"surface":"","segments":1,"osm":[142348784],"bbox":[120.231581,23.094572,120.234238,23.094946],"id":"AD10-020"},"geometry":{"type":"LineString","coordinates":[[120.2315805,23.0949457],[120.2321328,23.0948648],[120.2324493,23.0948426],[120.2326633,23.094793],[120.2327952,23.0947598],[120.2330019,23.0946699],[120.2331199,23.0946033],[120.2333155,23.0945941],[120.2339367,23.0945724],[120.2342384,23.0946156]]}},{"type":"Feature","properties":{"name":"港口里巷道 07","named":false,"ref":"","cls":"lane","clsName":"巷道","villages":["港口里"],"length_m":271,"surface":"","segments":1,"osm":[142348802],"bbox":[120.233351,23.091251,120.234688,23.093238],"id":"AD10-021"},"geometry":{"type":"LineString","coordinates":[[120.2346882,23.0912512],[120.2346141,23.0913312],[120.2345108,23.0914484],[120.2344813,23.0915064],[120.2344451,23.0916914],[120.2344236,23.091742],[120.2342976,23.0918172],[120.2342761,23.0918826],[120.2342332,23.0922441],[120.2341849,23.092386],[120.234083,23.09255],[120.2338282,23.0928202],[120.2336398,23.0929352],[120.2335733,23.0929842],[120.2334956,23.0930694],[120.2333507,23.0932384]]}},{"type":"Feature","properties":{"name":"港口里巷道 08","named":false,"ref":"","cls":"lane","clsName":"巷道","villages":["港口里"],"length_m":224,"surface":"","segments":1,"osm":[142349062],"bbox":[120.230745,23.091669,120.232491,23.092218],"id":"AD10-022"},"geometry":{"type":"LineString","coordinates":[[120.2307455,23.0916962],[120.2312987,23.0918991],[120.2315268,23.0921158],[120.2316757,23.0922181],[120.2317709,23.0922164],[120.2318245,23.0921762],[120.2318969,23.0921293],[120.232082,23.0919968],[120.2322336,23.0919512],[120.2322819,23.0919381],[120.2323436,23.0918567],[120.2323436,23.091776],[120.2324909,23.0916691]]}},{"type":"Feature","properties":{"name":"港口里巷道 09","named":false,"ref":"","cls":"lane","clsName":"巷道","villages":["港口里"],"length_m":224,"surface":"","segments":1,"osm":[142348777],"bbox":[120.232304,23.093276,120.233375,23.094843],"id":"AD10-023"},"geometry":{"type":"LineString","coordinates":[[120.2324493,23.0948426],[120.2323045,23.0944123],[120.2328907,23.094023],[120.2330585,23.0938917],[120.2331682,23.0937915],[120.2332258,23.0936953],[120.2332782,23.0935337],[120.2333747,23.0932759]]}},{"type":"Feature","properties":{"name":"港口里巷道 10","named":false,"ref":"","cls":"lane","clsName":"巷道","villages":["港口里"],"length_m":215,"surface":"","segments":1,"osm":[1303773531],"bbox":[120.233685,23.090705,120.23541,23.091767],"id":"AD10-024"},"geometry":{"type":"LineString","coordinates":[[120.2354099,23.0917672],[120.2346882,23.0912512],[120.2340848,23.0908079],[120.233986,23.0907614],[120.2339036,23.090738],[120.2336848,23.0907047]]}},{"type":"Feature","properties":{"name":"港口里巷道 11","named":false,"ref":"","cls":"lane","clsName":"巷道","villages":["港口里"],"length_m":195,"surface":"","segments":1,"osm":[369449893],"bbox":[120.234319,23.092533,120.235946,23.092957],"id":"AD10-025"},"geometry":{"type":"LineString","coordinates":[[120.2343186,23.0929571],[120.2349155,23.0927186],[120.2350097,23.0929102],[120.2350446,23.0928942],[120.235231,23.0928128],[120.2359463,23.0925326]]}},{"type":"Feature","properties":{"name":"港口里巷道 12","named":false,"ref":"","cls":"lane","clsName":"巷道","villages":["港口里"],"length_m":176,"surface":"","segments":1,"osm":[142349066],"bbox":[120.230108,23.092266,120.231458,23.093059],"id":"AD10-026"},"geometry":{"type":"LineString","coordinates":[[120.2301078,23.092429],[120.2303636,23.0923053],[120.2304147,23.0922662],[120.2306991,23.0924034],[120.231214,23.0927967],[120.2314584,23.0930591]]}},{"type":"Feature","properties":{"name":"港口里巷道 13","named":false,"ref":"","cls":"lane","clsName":"巷道","villages":["港口里"],"length_m":167,"surface":"","segments":1,"osm":[142348787],"bbox":[120.233149,23.090808,120.234085,23.091924],"id":"AD10-027"},"geometry":{"type":"LineString","coordinates":[[120.2331494,23.0919238],[120.2332008,23.0919091],[120.2333479,23.0917869],[120.2334176,23.0916919],[120.2335115,23.0916265],[120.2336309,23.0915735],[120.2336644,23.0915673],[120.233772,23.0914401],[120.2340227,23.0910768],[120.2340091,23.0910324],[120.2339828,23.0909682],[120.2340848,23.0908079]]}},{"type":"Feature","properties":{"name":"港口里巷道 14","named":false,"ref":"","cls":"lane","clsName":"巷道","villages":["港口里"],"length_m":154,"surface":"","segments":1,"osm":[142349063],"bbox":[120.230541,23.092019,120.231793,23.092775],"id":"AD10-028"},"geometry":{"type":"LineString","coordinates":[[120.2305411,23.0920194],[120.2310143,23.0922449],[120.2314294,23.0924543],[120.2317929,23.0927751]]}},{"type":"Feature","properties":{"name":"港口里巷道 15","named":false,"ref":"","cls":"lane","clsName":"巷道","villages":["港口里"],"length_m":144,"surface":"","segments":1,"osm":[142349069],"bbox":[120.230493,23.092737,120.230989,23.093377],"id":"AD10-029"},"geometry":{"type":"LineString","coordinates":[[120.2304928,23.0931689],[120.2307884,23.0927368],[120.230989,23.0928814],[120.230721,23.0933771]]}},{"type":"Feature","properties":{"name":"港口里巷道 16","named":false,"ref":"","cls":"lane","clsName":"巷道","villages":["港口里"],"length_m":126,"surface":"","segments":1,"osm":[142348792],"bbox":[120.234778,23.093549,120.235923,23.093878],"id":"AD10-030"},"geometry":{"type":"LineString","coordinates":[[120.2347779,23.0938781],[120.2352993,23.0935983],[120.2354275,23.0935737],[120.235614,23.093553],[120.2359234,23.0935492]]}},{"type":"Feature","properties":{"name":"港口里巷道 17","named":false,"ref":"","cls":"lane","clsName":"巷道","villages":["港口里"],"length_m":119,"surface":"","segments":1,"osm":[142348769],"bbox":[120.233421,23.091129,120.234298,23.091817],"id":"AD10-031"},"geometry":{"type":"LineString","coordinates":[[120.2342976,23.0918172],[120.2342441,23.0917268],[120.233772,23.0914401],[120.2335784,23.091299],[120.2334212,23.0911289]]}},{"type":"Feature","properties":{"name":"港口里巷道 18","named":false,"ref":"","cls":"lane","clsName":"巷道","villages":["港口里"],"length_m":114,"surface":"","segments":1,"osm":[142348794],"bbox":[120.234698,23.09373,120.235452,23.094184],"id":"AD10-032"},"geometry":{"type":"LineString","coordinates":[[120.2354519,23.0939274],[120.2349707,23.0941837],[120.2347779,23.0938781],[120.2346982,23.0937305]]}},{"type":"Feature","properties":{"name":"港口里巷道 19","named":false,"ref":"","cls":"lane","clsName":"巷道","villages":["港口里"],"length_m":109,"surface":"","segments":1,"osm":[142352735],"bbox":[120.232162,23.092506,120.233202,23.092684],"id":"AD10-033"},"geometry":{"type":"LineString","coordinates":[[120.2321616,23.0925055],[120.2324772,23.0925336],[120.2326536,23.0925511],[120.2329457,23.0926087],[120.2332018,23.0926836]]}},{"type":"Feature","properties":{"name":"港口里巷道 20","named":false,"ref":"","cls":"lane","clsName":"巷道","villages":["港口里"],"length_m":105,"surface":"","segments":1,"osm":[142348774],"bbox":[120.234178,23.095168,120.235203,23.095241],"id":"AD10-034"},"geometry":{"type":"LineString","coordinates":[[120.2341785,23.095241],[120.2347541,23.0951876],[120.2352033,23.095168]]}},{"type":"Feature","properties":{"name":"港口里巷道 21","named":false,"ref":"","cls":"lane","clsName":"巷道","villages":["港口里"],"length_m":105,"surface":"","segments":1,"osm":[142348762],"bbox":[120.23364,23.092935,120.234035,23.093518],"id":"AD10-035"},"geometry":{"type":"LineString","coordinates":[[120.2337542,23.0935177],[120.2339744,23.0932902],[120.234035,23.0930391],[120.2336398,23.0929352]]}},{"type":"Feature","properties":{"name":"港口里巷道 22","named":false,"ref":"","cls":"lane","clsName":"巷道","villages":["港口里"],"length_m":104,"surface":"","segments":1,"osm":[142348788],"bbox":[120.235114,23.094904,120.235203,23.09583],"id":"AD10-036"},"geometry":{"type":"LineString","coordinates":[[120.235114,23.0958298],[120.2351582,23.0953949],[120.2352033,23.095168],[120.235134,23.0949043]]}},{"type":"Feature","properties":{"name":"港口里巷道 23","named":false,"ref":"","cls":"lane","clsName":"巷道","villages":["港口里"],"length_m":104,"surface":"","segments":1,"osm":[143235855],"bbox":[120.235005,23.09291,120.23593,23.093287],"id":"AD10-037"},"geometry":{"type":"LineString","coordinates":[[120.235005,23.0932872],[120.2354125,23.0931058],[120.2359302,23.0929105]]}},{"type":"Feature","properties":{"name":"港口里巷道 24","named":false,"ref":"","cls":"lane","clsName":"巷道","villages":["港口里"],"length_m":101,"surface":"","segments":1,"osm":[142348775],"bbox":[120.23312,23.090947,120.233983,23.09133],"id":"AD10-038"},"geometry":{"type":"LineString","coordinates":[[120.2331199,23.0913304],[120.233329,23.091202],[120.2334212,23.0911289],[120.233474,23.0910837],[120.2336416,23.0910491],[120.233887,23.0909467],[120.2339828,23.0909682]]}},{"type":"Feature","properties":{"name":"港口里巷道 25","named":false,"ref":"","cls":"lane","clsName":"巷道","villages":["港口里"],"length_m":100,"surface":"","segments":1,"osm":[142348789],"bbox":[120.235567,23.093352,120.235911,23.094093],"id":"AD10-039"},"geometry":{"type":"LineString","coordinates":[[120.2359114,23.09409],[120.235799,23.0940933],[120.2357133,23.0940457],[120.235614,23.093553],[120.235567,23.0933524]]}},{"type":"Feature","properties":{"name":"港口里巷道 26","named":false,"ref":"","cls":"lane","clsName":"巷道","villages":["港口里"],"length_m":100,"surface":"","segments":1,"osm":[142348765],"bbox":[120.232413,23.092961,120.233206,23.093386],"id":"AD10-040"},"geometry":{"type":"LineString","coordinates":[[120.2332057,23.0929613],[120.2329153,23.0930701],[120.2328698,23.0931041],[120.2328319,23.0931547],[120.2327627,23.09318],[120.2324877,23.0932446],[120.2324402,23.0932751],[120.2324222,23.0933091],[120.2324127,23.0933859]]}},{"type":"Feature","properties":{"name":"港口里巷道 27","named":false,"ref":"","cls":"lane","clsName":"巷道","villages":["港口里"],"length_m":96,"surface":"","segments":1,"osm":[142348764],"bbox":[120.234337,23.095188,120.234754,23.095869],"id":"AD10-041"},"geometry":{"type":"LineString","coordinates":[[120.2343368,23.0958571],[120.2344193,23.0958694],[120.2345019,23.0958502],[120.2345614,23.0957755],[120.2347541,23.0951876]]}},{"type":"Feature","properties":{"name":"港口里巷道 28","named":false,"ref":"","cls":"lane","clsName":"巷道","villages":["港口里"],"length_m":81,"surface":"","segments":1,"osm":[142348770],"bbox":[120.232663,23.094793,120.232943,23.095477],"id":"AD10-042"},"geometry":{"type":"LineString","coordinates":[[120.2329427,23.0954771],[120.2326633,23.094793]]}},{"type":"Feature","properties":{"name":"港口里巷道 29","named":false,"ref":"","cls":"lane","clsName":"巷道","villages":["港口里"],"length_m":79,"surface":"","segments":1,"osm":[142348790],"bbox":[120.233002,23.09467,120.233262,23.095338],"id":"AD10-043"},"geometry":{"type":"LineString","coordinates":[[120.2332619,23.0953376],[120.2330019,23.0946699]]}},{"type":"Feature","properties":{"name":"港口里巷道 30","named":false,"ref":"","cls":"lane","clsName":"巷道","villages":["港口里"],"length_m":75,"surface":"","segments":1,"osm":[142352723],"bbox":[120.231328,23.093168,120.231973,23.093471],"id":"AD10-044"},"geometry":{"type":"LineString","coordinates":[[120.2319731,23.0934715],[120.231678,23.0933851],[120.2314876,23.093279],[120.2313277,23.0931676]]}},{"type":"Feature","properties":{"name":"港口里巷道 31","named":false,"ref":"","cls":"lane","clsName":"巷道","villages":["港口里"],"length_m":74,"surface":"","segments":1,"osm":[142348796],"bbox":[120.234209,23.093469,120.234596,23.093835],"id":"AD10-045"},"geometry":{"type":"LineString","coordinates":[[120.2343577,23.0938348],[120.2343817,23.0937787],[120.234209,23.0936338],[120.2345963,23.0934691]]}},{"type":"Feature","properties":{"name":"港口里巷道 32","named":false,"ref":"","cls":"lane","clsName":"巷道","villages":["港口里"],"length_m":73,"surface":"","segments":1,"osm":[142348783],"bbox":[120.233923,23.094679,120.23425,23.095267],"id":"AD10-046"},"geometry":{"type":"LineString","coordinates":[[120.2339232,23.0952669],[120.2342503,23.0946792]]}},{"type":"Feature","properties":{"name":"港口里巷道 33","named":false,"ref":"","cls":"lane","clsName":"巷道","villages":["港口里"],"length_m":72,"surface":"","segments":1,"osm":[142349059],"bbox":[120.230418,23.092245,120.231014,23.092516],"id":"AD10-047"},"geometry":{"type":"LineString","coordinates":[[120.2304181,23.0925157],[120.2306019,23.0924826],[120.2306991,23.0924034],[120.2307367,23.0923831],[120.2308212,23.0923935],[120.2309003,23.0923404],[120.2309743,23.0922929],[120.2310143,23.0922449]]}},{"type":"Feature","properties":{"name":"港口里巷道 34","named":false,"ref":"","cls":"lane","clsName":"巷道","villages":["港口里"],"length_m":67,"surface":"","segments":1,"osm":[142348786],"bbox":[120.23267,23.094346,120.23312,23.094603],"id":"AD10-048"},"geometry":{"type":"LineString","coordinates":[[120.2326704,23.0944445],[120.2330071,23.0943458],[120.2331199,23.0946033]]}},{"type":"Feature","properties":{"name":"港口里巷道 35","named":false,"ref":"","cls":"lane","clsName":"巷道","villages":["港口里"],"length_m":67,"surface":"","segments":1,"osm":[142352744],"bbox":[120.231563,23.092959,120.232173,23.093074],"id":"AD10-049"},"geometry":{"type":"LineString","coordinates":[[120.2321731,23.0929588],[120.2318349,23.0930742],[120.231678,23.0930261],[120.2315629,23.0929773]]}},{"type":"Feature","properties":{"name":"港口里巷道 36","named":false,"ref":"","cls":"lane","clsName":"巷道","villages":["港口里"],"length_m":56,"surface":"","segments":1,"osm":[142352734],"bbox":[120.231204,23.090693,120.231564,23.091055],"id":"AD10-050"},"geometry":{"type":"LineString","coordinates":[[120.2312044,23.0910547],[120.2313109,23.0909956],[120.231414,23.0909283],[120.231449,23.090866],[120.231564,23.0906933]]}},{"type":"Feature","properties":{"name":"港口里巷道 37","named":false,"ref":"","cls":"lane","clsName":"巷道","villages":["港口里"],"length_m":49,"surface":"","segments":1,"osm":[142348781],"bbox":[120.234083,23.09255,120.234176,23.092934],"id":"AD10-051"},"geometry":{"type":"LineString","coordinates":[[120.234083,23.09255],[120.2341755,23.092608],[120.2340846,23.0929341]]}},{"type":"Feature","properties":{"name":"港口里巷道 38","named":false,"ref":"","cls":"lane","clsName":"巷道","villages":["港口里"],"length_m":48,"surface":"","segments":1,"osm":[142349067],"bbox":[120.230621,23.090582,120.231028,23.090765],"id":"AD10-052"},"geometry":{"type":"LineString","coordinates":[[120.2310279,23.0906031],[120.2309078,23.0905823],[120.2306214,23.0907654]]}},{"type":"Feature","properties":{"name":"港口里巷道 39","named":false,"ref":"","cls":"lane","clsName":"巷道","villages":["港口里"],"length_m":40,"surface":"","segments":1,"osm":[142352719],"bbox":[120.231591,23.091,120.231834,23.091283],"id":"AD10-053"},"geometry":{"type":"LineString","coordinates":[[120.231591,23.0912829],[120.2318343,23.0910005]]}},{"type":"Feature","properties":{"name":"港尾里農路 01","named":false,"ref":"","cls":"farm","clsName":"農路/產業道路","villages":["港尾里"],"length_m":2209,"surface":"","segments":3,"osm":[139577357,142111980,413704636],"bbox":[120.235568,23.10418,120.248172,23.112389],"id":"AD11-001"},"geometry":{"type":"MultiLineString","coordinates":[[[120.2451059,23.1121615],[120.245409,23.1111723],[120.2438964,23.1106816],[120.2436751,23.1106039],[120.243274,23.1105506],[120.2430193,23.1104213],[120.2427283,23.1102548],[120.242515,23.1101771],[120.2422709,23.1101351],[120.2420215,23.1101647],[120.2418686,23.1101845],[120.2416728,23.1102116],[120.24154,23.1101906],[120.2413281,23.1101364],[120.2411042,23.1100525],[120.2408252,23.1099513],[120.2385692,23.1091621],[120.2371054,23.1086185],[120.2356656,23.1081263],[120.235568,23.1081036]],[[120.2481722,23.1041803],[120.2479642,23.1049815],[120.2477264,23.1059167],[120.2475351,23.1065925],[120.2473315,23.1073316],[120.2472006,23.1077928],[120.2469714,23.1087193],[120.2466878,23.1096391],[120.2465775,23.1100133],[120.2464381,23.1104475],[120.2461059,23.1114834],[120.2460252,23.1117502],[120.2458346,23.1123892]],[[120.2458346,23.1123892],[120.2457448,23.1123485],[120.2451059,23.1121615]]]}},{"type":"Feature","properties":{"name":"港尾里農路 02","named":false,"ref":"","cls":"farm","clsName":"農路/產業道路","villages":["港尾里"],"length_m":1252,"surface":"","segments":2,"osm":[142111976,414258921],"bbox":[120.235716,23.103682,120.24711,23.107762],"id":"AD11-002"},"geometry":{"type":"MultiLineString","coordinates":[[[120.2467254,23.1076385],[120.2465414,23.1075528],[120.2451922,23.107047],[120.2439076,23.1065496],[120.242561,23.1060701],[120.2406352,23.1054114],[120.2402056,23.1052615],[120.2397228,23.1050841],[120.2388072,23.1047515],[120.2360752,23.1037654],[120.2358141,23.1036815],[120.2357156,23.1036818]],[[120.2471103,23.1077622],[120.2467254,23.1076385]]]}},{"type":"Feature","properties":{"name":"港尾里農路 03","named":false,"ref":"","cls":"farm","clsName":"農路/產業道路","villages":["港尾里"],"length_m":1250,"surface":"","segments":1,"osm":[142152693],"bbox":[120.235735,23.101632,120.24711,23.105715],"id":"AD11-003"},"geometry":{"type":"LineString","coordinates":[[120.2471097,23.1057151],[120.2459195,23.1052692],[120.2409452,23.1034684],[120.2358294,23.1016323],[120.2357347,23.101632]]}},{"type":"Feature","properties":{"name":"港尾里農路 04","named":false,"ref":"","cls":"farm","clsName":"農路/產業道路","villages":["港尾里"],"length_m":1191,"surface":"","segments":1,"osm":[142152703],"bbox":[120.235766,23.099594,120.24662,23.103463],"id":"AD11-004"},"geometry":{"type":"LineString","coordinates":[[120.235766,23.0995938],[120.2358601,23.0996026],[120.2417163,23.1016993],[120.2463882,23.1033911],[120.2466204,23.103463]]}},{"type":"Feature","properties":{"name":"港尾里農路 05","named":false,"ref":"","cls":"farm","clsName":"農路/產業道路","villages":["港尾里"],"length_m":1158,"surface":"","segments":3,"osm":[142229321,142229325,444918597],"bbox":[120.226062,23.097106,120.23251,23.101543],"id":"AD11-005"},"geometry":{"type":"MultiLineString","coordinates":[[[120.2295836,23.1014969],[120.2296053,23.10052],[120.2296077,23.1001023],[120.229621,23.0986119],[120.2296379,23.0973864]],[[120.2296379,23.0973864],[120.2288232,23.0973821],[120.2287586,23.0973726],[120.2287117,23.0973425],[120.2286232,23.0971065],[120.226523,23.097646],[120.2263916,23.0976312],[120.2261417,23.0974668],[120.2260619,23.0974142]],[[120.2325096,23.1015433],[120.2295836,23.1014969]]]}},{"type":"Feature","properties":{"name":"港尾里農路 06","named":false,"ref":"","cls":"farm","clsName":"農路/產業道路","villages":["港尾里"],"length_m":1135,"surface":"","segments":1,"osm":[142152706],"bbox":[120.235643,23.105668,120.24599,23.109341],"id":"AD11-006"},"geometry":{"type":"LineString","coordinates":[[120.2459902,23.1093414],[120.2452073,23.1090965],[120.2444147,23.1088202],[120.2417892,23.1078568],[120.2394413,23.1070449],[120.2387415,23.1067794],[120.2357349,23.1056867],[120.2356432,23.1056683]]}},{"type":"Feature","properties":{"name":"港尾里農路 07","named":false,"ref":"","cls":"farm","clsName":"農路/產業道路","villages":["港尾里"],"length_m":997,"surface":"","segments":1,"osm":[142152696],"bbox":[120.238569,23.100805,120.242088,23.109162],"id":"AD11-007"},"geometry":{"type":"LineString","coordinates":[[120.2420878,23.1008052],[120.2417163,23.1016993],[120.2409452,23.1034684],[120.2402056,23.1052615],[120.2394413,23.1070449],[120.2388434,23.1084705],[120.2385692,23.1091621]]}},{"type":"Feature","properties":{"name":"港尾里農路 08","named":false,"ref":"","cls":"farm","clsName":"農路/產業道路","villages":["港尾里"],"length_m":887,"surface":"","segments":1,"osm":[142152694],"bbox":[120.243675,23.103174,120.246751,23.110604],"id":"AD11-008"},"geometry":{"type":"LineString","coordinates":[[120.2467506,23.1031738],[120.2466204,23.103463],[120.2466594,23.1035284],[120.2466003,23.1036641],[120.2462943,23.1043695],[120.2459195,23.1052692],[120.2455328,23.106183],[120.2453521,23.1066406],[120.2451922,23.107047],[120.2444147,23.1088202],[120.2441435,23.1094299],[120.2440898,23.1095807],[120.2439879,23.1098274],[120.2436751,23.1106039]]}},{"type":"Feature","properties":{"name":"港尾里農路 09","named":false,"ref":"","cls":"farm","clsName":"農路/產業道路","villages":["港尾里"],"length_m":841,"surface":"","segments":1,"osm":[142313460],"bbox":[120.228008,23.100241,120.232006,23.106692],"id":"AD11-009"},"geometry":{"type":"LineString","coordinates":[[120.2280083,23.100241],[120.229385,23.101941],[120.2298649,23.1029051],[120.2305403,23.1049038],[120.2307914,23.1054188],[120.2307885,23.1055293],[120.2314737,23.1062064],[120.2320061,23.1066924]]}},{"type":"Feature","properties":{"name":"港尾里農路 10","named":false,"ref":"","cls":"farm","clsName":"農路/產業道路","villages":["港尾里"],"length_m":754,"surface":"","segments":1,"osm":[142229316],"bbox":[120.23046,23.098659,120.232582,23.103599],"id":"AD11-010"},"geometry":{"type":"LineString","coordinates":[[120.2304603,23.1035959],[120.2322761,23.1035986],[120.2324642,23.1035989],[120.2324752,23.1034173],[120.2324899,23.1030271],[120.2325073,23.1016961],[120.2325096,23.1015433],[120.2325243,23.1005688],[120.2325821,23.0986588]]}},{"type":"Feature","properties":{"name":"港尾里農路 11","named":false,"ref":"","cls":"farm","clsName":"農路/產業道路","villages":["港尾里"],"length_m":709,"surface":"","segments":1,"osm":[142150942],"bbox":[120.233329,23.104066,120.235789,23.10755],"id":"AD11-011"},"geometry":{"type":"LineString","coordinates":[[120.2356765,23.1075503],[120.235585,23.1075044],[120.2354675,23.1073931],[120.2351135,23.1070132],[120.2349002,23.1067603],[120.2345678,23.106419],[120.2339011,23.1059798],[120.2335897,23.1050089],[120.2333287,23.1048962],[120.2333858,23.1046487],[120.2334296,23.1044514],[120.2334443,23.1043854],[120.2335629,23.1042095],[120.2337828,23.1041158],[120.2343461,23.1040664],[120.234374,23.104068],[120.2348637,23.1041163],[120.235268,23.1041954],[120.2356958,23.1042723],[120.2357891,23.1042754]]}},{"type":"Feature","properties":{"name":"港尾里農路 12","named":false,"ref":"","cls":"farm","clsName":"農路/產業道路","villages":["港尾里"],"length_m":638,"surface":"","segments":1,"osm":[142229317],"bbox":[120.229605,23.10052,120.235841,23.100616],"id":"AD11-012"},"geometry":{"type":"LineString","coordinates":[[120.2296053,23.10052],[120.2325243,23.1005688],[120.2357447,23.1006147],[120.2358414,23.1006156]]}},{"type":"Feature","properties":{"name":"港尾里農路 13","named":false,"ref":"","cls":"farm","clsName":"農路/產業道路","villages":["港尾里"],"length_m":549,"surface":"","segments":1,"osm":[139667247],"bbox":[120.240175,23.098875,120.243868,23.101389],"id":"AD11-013"},"geometry":{"type":"LineString","coordinates":[[120.2406603,23.0988751],[120.240583,23.0990305],[120.2404832,23.0993409],[120.2402633,23.0998393],[120.2401754,23.1001045],[120.2420878,23.1008052],[120.2438681,23.1013886]]}},{"type":"Feature","properties":{"name":"港尾里農路 14","named":false,"ref":"","cls":"farm","clsName":"農路/產業道路","villages":["港尾里"],"length_m":516,"surface":"","segments":1,"osm":[142229320],"bbox":[120.233493,23.10163,120.23583,23.104209],"id":"AD11-014"},"geometry":{"type":"LineString","coordinates":[[120.2335629,23.1042095],[120.2334934,23.1041094],[120.2334981,23.103925],[120.2336132,23.1035297],[120.2336498,23.1032141],[120.2336928,23.1026565],[120.2335801,23.1026022],[120.2336605,23.1018494],[120.2336713,23.1017486],[120.2337255,23.1016664],[120.2337476,23.101657],[120.2338108,23.1016302],[120.2344604,23.1017799],[120.2344946,23.101804],[120.2346966,23.1018169],[120.2348953,23.1018163],[120.2350996,23.1018215],[120.2353834,23.1018948],[120.2357333,23.1018942],[120.2358301,23.1018954]]}},{"type":"Feature","properties":{"name":"港尾里農路 15","named":false,"ref":"","cls":"farm","clsName":"農路/產業道路","villages":["港尾里"],"length_m":307,"surface":"","segments":1,"osm":[142229324],"bbox":[120.226796,23.100051,120.229608,23.100747],"id":"AD11-015"},"geometry":{"type":"LineString","coordinates":[[120.2296077,23.1001023],[120.2282693,23.1000512],[120.2280083,23.100241],[120.2267957,23.1007471]]}},{"type":"Feature","properties":{"name":"港尾里農路 16","named":false,"ref":"","cls":"farm","clsName":"農路/產業道路","villages":["港尾里"],"length_m":301,"surface":"","segments":1,"osm":[142313497],"bbox":[120.231833,23.106781,120.232952,23.109283],"id":"AD11-016"},"geometry":{"type":"LineString","coordinates":[[120.2329516,23.1092828],[120.2318331,23.1067812]]}},{"type":"Feature","properties":{"name":"港尾里農路 17","named":false,"ref":"","cls":"farm","clsName":"農路/產業道路","villages":["港尾里"],"length_m":293,"surface":"","segments":2,"osm":[142313454,142313484],"bbox":[120.231578,23.104896,120.233329,23.105847],"id":"AD11-017"},"geometry":{"type":"MultiLineString","coordinates":[[[120.2327189,23.105847],[120.2322261,23.1055465],[120.2317902,23.1053072],[120.2315783,23.1051838],[120.2316494,23.1049507]],[[120.2333287,23.1048962],[120.2332453,23.1049433],[120.2331219,23.1050518],[120.2330924,23.1052418],[120.2328437,23.1054863],[120.2327457,23.1057096],[120.2327189,23.105847]]]}},{"type":"Feature","properties":{"name":"港尾里農路 18","named":false,"ref":"","cls":"farm","clsName":"農路/產業道路","villages":["港尾里"],"length_m":259,"surface":"","segments":2,"osm":[142152692,142152709],"bbox":[120.242728,23.108992,120.244144,23.110255],"id":"AD11-018"},"geometry":{"type":"MultiLineString","coordinates":[[[120.2441435,23.1094299],[120.2440496,23.1093512],[120.2438646,23.1091958],[120.2436634,23.1091095],[120.2434468,23.109052],[120.2433053,23.1089972],[120.243257,23.1089923],[120.243178,23.109017]],[[120.243178,23.109017],[120.2429781,23.109507],[120.2427283,23.1102548]]]}},{"type":"Feature","properties":{"name":"港尾里農路 19","named":false,"ref":"","cls":"farm","clsName":"農路/產業道路","villages":["港尾里"],"length_m":249,"surface":"","segments":1,"osm":[142313494],"bbox":[120.233386,23.104532,120.235773,23.104827],"id":"AD11-019"},"geometry":{"type":"LineString","coordinates":[[120.2357731,23.1048272],[120.2356757,23.1048217],[120.235401,23.1047842],[120.2344229,23.1045502],[120.2343587,23.104545],[120.2342008,23.1045322],[120.2333858,23.1046487]]}},{"type":"Feature","properties":{"name":"港尾里農路 20","named":false,"ref":"","cls":"farm","clsName":"農路/產業道路","villages":["港尾里"],"length_m":248,"surface":"","segments":1,"osm":[142374587],"bbox":[120.232399,23.106432,120.234246,23.107852],"id":"AD11-020"},"geometry":{"type":"LineString","coordinates":[[120.2342458,23.1078519],[120.2336905,23.1075769],[120.2333405,23.1073067],[120.2329798,23.1070033],[120.2323991,23.1064322]]}},{"type":"Feature","properties":{"name":"港尾里農路 21","named":false,"ref":"","cls":"farm","clsName":"農路/產業道路","villages":["港尾里"],"length_m":237,"surface":"","segments":1,"osm":[142229323],"bbox":[120.233693,23.102395,120.235723,23.102807],"id":"AD11-021"},"geometry":{"type":"LineString","coordinates":[[120.2336928,23.1026565],[120.2337785,23.1026614],[120.2338828,23.102656],[120.2339072,23.1025158],[120.2339449,23.102395],[120.2345462,23.1025182],[120.23475,23.1025478],[120.2349284,23.1025897],[120.2352003,23.102668],[120.2357234,23.1028069]]}},{"type":"Feature","properties":{"name":"港尾里農路 22","named":false,"ref":"","cls":"farm","clsName":"農路/產業道路","villages":["港尾里"],"length_m":230,"surface":"","segments":1,"osm":[142313477],"bbox":[120.233613,23.10259,120.234935,23.103544],"id":"AD11-022"},"geometry":{"type":"LineString","coordinates":[[120.2336132,23.1035297],[120.2338971,23.1035438],[120.2339158,23.1033921],[120.2339661,23.1033292],[120.2340628,23.1033349],[120.2344375,23.1033841],[120.2347781,23.1034035],[120.2348023,23.1033409],[120.2349351,23.1026354],[120.2349284,23.1025897]]}},{"type":"Feature","properties":{"name":"直加弄大道295巷308弄","named":true,"ref":"","cls":"farm","clsName":"農路/產業道路","villages":["港尾里"],"length_m":213,"surface":"","segments":1,"osm":[1487098074],"bbox":[120.249109,23.110788,120.249877,23.112568],"id":"AD11-023"},"geometry":{"type":"LineString","coordinates":[[120.2498767,23.1107876],[120.249109,23.1125678]]}},{"type":"Feature","properties":{"name":"直加弄大道215巷338弄","named":true,"ref":"","cls":"farm","clsName":"農路/產業道路","villages":["港尾里"],"length_m":212,"surface":"","segments":1,"osm":[1487098075],"bbox":[120.249877,23.109005,120.250625,23.110788],"id":"AD11-024"},"geometry":{"type":"LineString","coordinates":[[120.2506248,23.1090054],[120.2498767,23.1107876]]}},{"type":"Feature","properties":{"name":"港尾里農路 23","named":false,"ref":"","cls":"farm","clsName":"農路/產業道路","villages":["港尾里"],"length_m":203,"surface":"","segments":1,"osm":[142152697],"bbox":[120.242096,23.10931,120.243988,23.109827],"id":"AD11-025"},"geometry":{"type":"LineString","coordinates":[[120.2439879,23.1098274],[120.2437398,23.1097595],[120.243316,23.1096066],[120.2430391,23.1095182],[120.2429781,23.109507],[120.2427173,23.1094805],[120.2421473,23.1093295],[120.2420964,23.1093098]]}},{"type":"Feature","properties":{"name":"港尾里農路 24","named":false,"ref":"","cls":"farm","clsName":"農路/產業道路","villages":["港尾里"],"length_m":201,"surface":"","segments":1,"osm":[142313455],"bbox":[120.234568,23.104784,120.235401,23.106419],"id":"AD11-026"},"geometry":{"type":"LineString","coordinates":[[120.235401,23.1047842],[120.2352681,23.1050774],[120.2351333,23.1053423],[120.235075,23.1054733],[120.2350136,23.1055723],[120.2345678,23.106419]]}},{"type":"Feature","properties":{"name":"港尾里農路 25","named":false,"ref":"","cls":"farm","clsName":"農路/產業道路","villages":["港尾里"],"length_m":190,"surface":"","segments":1,"osm":[142313492],"bbox":[120.23179,23.104009,120.232992,23.105307],"id":"AD11-027"},"geometry":{"type":"LineString","coordinates":[[120.2317902,23.1053072],[120.2325839,23.1044361],[120.2329919,23.1040088]]}},{"type":"Feature","properties":{"name":"港尾里農路 26","named":false,"ref":"","cls":"farm","clsName":"農路/產業道路","villages":["港尾里"],"length_m":185,"surface":"","segments":1,"osm":[142313486],"bbox":[120.232226,23.104315,120.233274,23.105546],"id":"AD11-028"},"geometry":{"type":"LineString","coordinates":[[120.2332739,23.104315],[120.2330718,23.1045368],[120.2329511,23.1045121],[120.232884,23.104596],[120.2327287,23.1047914],[120.2326751,23.1049295],[120.2326617,23.1050701],[120.2326295,23.105117],[120.2324632,23.1052527],[120.2323264,23.1054081],[120.2322261,23.1055465]]}},{"type":"Feature","properties":{"name":"港尾里農路 27","named":false,"ref":"","cls":"farm","clsName":"農路/產業道路","villages":["港尾里"],"length_m":183,"surface":"","segments":1,"osm":[142152707],"bbox":[120.241446,23.109035,120.242096,23.110212],"id":"AD11-029"},"geometry":{"type":"LineString","coordinates":[[120.2416728,23.1102116],[120.2417671,23.1100592],[120.2420433,23.1094031],[120.2420964,23.1093098],[120.2419495,23.1092081],[120.2415827,23.1090693],[120.2414459,23.1090347]]}},{"type":"Feature","properties":{"name":"港尾里農路 28","named":false,"ref":"","cls":"farm","clsName":"農路/產業道路","villages":["港尾里"],"length_m":173,"surface":"","segments":1,"osm":[142374584],"bbox":[120.234374,23.102518,120.234546,23.104068],"id":"AD11-030"},"geometry":{"type":"LineString","coordinates":[[120.2345462,23.1025182],[120.2344375,23.1033841],[120.234374,23.104068]]}},{"type":"Feature","properties":{"name":"港尾里農路 29","named":false,"ref":"","cls":"farm","clsName":"農路/產業道路","villages":["港尾里"],"length_m":165,"surface":"","segments":1,"osm":[142374597],"bbox":[120.234864,23.102668,120.2352,23.104116],"id":"AD11-031"},"geometry":{"type":"LineString","coordinates":[[120.2348637,23.1041163],[120.2349429,23.1037673],[120.2352003,23.102668]]}},{"type":"Feature","properties":{"name":"港尾里農路 30","named":false,"ref":"","cls":"farm","clsName":"農路/產業道路","villages":["港尾里"],"length_m":142,"surface":"","segments":1,"osm":[142313456],"bbox":[120.232464,23.103599,120.23343,23.104451],"id":"AD11-032"},"geometry":{"type":"LineString","coordinates":[[120.2334296,23.1044514],[120.2332739,23.104315],[120.2329919,23.1040088],[120.2328108,23.1038493],[120.2327087,23.1038026],[120.2325945,23.1037779],[120.2324898,23.1037253],[120.2324642,23.1035989]]}},{"type":"Feature","properties":{"name":"港尾里農路 31","named":false,"ref":"","cls":"farm","clsName":"農路/產業道路","villages":["港尾里"],"length_m":125,"surface":"","segments":1,"osm":[142313475],"bbox":[120.232746,23.105678,120.233901,23.10598],"id":"AD11-033"},"geometry":{"type":"LineString","coordinates":[[120.2339011,23.1059798],[120.233481,23.1058393],[120.2332127,23.1057085],[120.2329813,23.1056783],[120.2327457,23.1057096]]}},{"type":"Feature","properties":{"name":"港尾里農路 32","named":false,"ref":"","cls":"farm","clsName":"農路/產業道路","villages":["港尾里"],"length_m":120,"surface":"","segments":1,"osm":[182493736],"bbox":[120.246294,23.10437,120.247388,23.104768],"id":"AD11-034"},"geometry":{"type":"LineString","coordinates":[[120.2462943,23.1043695],[120.247388,23.1047676]]}},{"type":"Feature","properties":{"name":"港尾里農路 33","named":false,"ref":"","cls":"farm","clsName":"農路/產業道路","villages":["港尾里"],"length_m":119,"surface":"","segments":1,"osm":[142229326],"bbox":[120.232507,23.101696,120.23366,23.101849],"id":"AD11-035"},"geometry":{"type":"LineString","coordinates":[[120.2325073,23.1016961],[120.2336605,23.1018494]]}},{"type":"Feature","properties":{"name":"港尾里農路 34","named":false,"ref":"","cls":"farm","clsName":"農路/產業道路","villages":["港尾里"],"length_m":97,"surface":"","segments":1,"osm":[142374588],"bbox":[120.234084,23.105413,120.235014,23.105572],"id":"AD11-036"},"geometry":{"type":"LineString","coordinates":[[120.2340844,23.1054126],[120.2344412,23.1054891],[120.2346397,23.1055039],[120.2350136,23.1055723]]}},{"type":"Feature","properties":{"name":"港尾里農路 35","named":false,"ref":"","cls":"farm","clsName":"農路/產業道路","villages":["港尾里"],"length_m":85,"surface":"","segments":1,"osm":[444922365],"bbox":[120.239406,23.105084,120.239723,23.105791],"id":"AD11-037"},"geometry":{"type":"LineString","coordinates":[[120.2397228,23.1050841],[120.2394057,23.105791]]}},{"type":"Feature","properties":{"name":"港尾里巷道 01","named":false,"ref":"","cls":"lane","clsName":"巷道","villages":["港尾里"],"length_m":136,"surface":"","segments":1,"osm":[142374586],"bbox":[120.233265,23.102593,120.23358,23.103659],"id":"AD11-038"},"geometry":{"type":"LineString","coordinates":[[120.2332645,23.1036585],[120.233421,23.1025933],[120.2335801,23.1026022]]}},{"type":"Feature","properties":{"name":"港尾里巷道 02","named":false,"ref":"","cls":"lane","clsName":"巷道","villages":["港尾里"],"length_m":72,"surface":"","segments":1,"osm":[142374592],"bbox":[120.234359,23.104545,120.234409,23.105188],"id":"AD11-039"},"geometry":{"type":"LineString","coordinates":[[120.234409,23.1051881],[120.2343741,23.1047046],[120.2343587,23.104545]]}},{"type":"Feature","properties":{"name":"港尾里巷道 03","named":false,"ref":"","cls":"lane","clsName":"巷道","villages":["港尾里"],"length_m":61,"surface":"","segments":1,"osm":[142374575],"bbox":[120.23475,23.105033,120.235133,23.105342],"id":"AD11-040"},"geometry":{"type":"LineString","coordinates":[[120.2347497,23.1050327],[120.2347926,23.1052522],[120.2351333,23.1053423]]}},{"type":"Feature","properties":{"name":"港尾里巷道 04","named":false,"ref":"","cls":"lane","clsName":"巷道","villages":["港尾里"],"length_m":58,"surface":"","segments":1,"osm":[142374594],"bbox":[120.23249,23.103027,120.23306,23.103061],"id":"AD11-041"},"geometry":{"type":"LineString","coordinates":[[120.2330597,23.1030608],[120.2324899,23.1030271]]}},{"type":"Feature","properties":{"name":"港尾里巷道 05","named":false,"ref":"","cls":"lane","clsName":"巷道","villages":["港尾里"],"length_m":50,"surface":"","segments":1,"osm":[142374600],"bbox":[120.234495,23.101378,120.23464,23.101804],"id":"AD11-042"},"geometry":{"type":"LineString","coordinates":[[120.2346395,23.1013784],[120.2344946,23.101804]]}},{"type":"Feature","properties":{"name":"港尾里巷道 06","named":false,"ref":"","cls":"lane","clsName":"巷道","villages":["港尾里"],"length_m":49,"surface":"","segments":1,"osm":[142374579],"bbox":[120.234697,23.101395,120.234818,23.101817],"id":"AD11-043"},"geometry":{"type":"LineString","coordinates":[[120.2348184,23.1013952],[120.2346966,23.1018169]]}},{"type":"Feature","properties":{"name":"港尾里巷道 07","named":false,"ref":"","cls":"lane","clsName":"巷道","villages":["港尾里"],"length_m":43,"surface":"","segments":1,"osm":[142374589],"bbox":[120.232276,23.103599,120.232328,23.103986],"id":"AD11-044"},"geometry":{"type":"LineString","coordinates":[[120.2323276,23.1039864],[120.2322761,23.1035986]]}},{"type":"Feature","properties":{"name":"港尾里巷道 08","named":false,"ref":"","cls":"lane","clsName":"巷道","villages":["港尾里"],"length_m":36,"surface":"","segments":1,"osm":[142374595],"bbox":[120.232475,23.103417,120.232831,23.10343],"id":"AD11-045"},"geometry":{"type":"LineString","coordinates":[[120.2328313,23.1034295],[120.2324752,23.1034173]]}},{"type":"Feature","properties":{"name":"港尾里巷道 09","named":false,"ref":"","cls":"lane","clsName":"巷道","villages":["港尾里"],"length_m":35,"surface":"","segments":1,"osm":[142374590],"bbox":[120.23475,23.102242,120.234844,23.102548],"id":"AD11-046"},"geometry":{"type":"LineString","coordinates":[[120.2348439,23.1022418],[120.23475,23.1025478]]}},{"type":"Feature","properties":{"name":"港尾里巷道 10","named":false,"ref":"","cls":"lane","clsName":"巷道","villages":["港尾里"],"length_m":34,"surface":"","segments":1,"osm":[142374569],"bbox":[120.233494,23.101524,120.233748,23.101657],"id":"AD11-047"},"geometry":{"type":"LineString","coordinates":[[120.2334942,23.101524],[120.2337141,23.101566],[120.2337476,23.101657]]}},{"type":"Feature","properties":{"name":"港尾里巷道 11","named":false,"ref":"","cls":"lane","clsName":"巷道","villages":["港尾里"],"length_m":28,"surface":"","segments":1,"osm":[142374576],"bbox":[120.234928,23.102343,120.234998,23.10259],"id":"AD11-048"},"geometry":{"type":"LineString","coordinates":[[120.2349981,23.102343],[120.2349284,23.1025897]]}},{"type":"Feature","properties":{"name":"蘇厝里道路 01","named":false,"ref":"","cls":"main","clsName":"省道/市道","villages":["蘇厝里"],"length_m":62,"surface":"","segments":1,"osm":[123480719],"bbox":[120.249651,23.12376,120.250169,23.124015],"id":"AD12-001"},"geometry":{"type":"LineString","coordinates":[[120.2496511,23.1240149],[120.2497474,23.1240102],[120.249845,23.1239861],[120.2499239,23.1239558],[120.2500595,23.1238736],[120.2501692,23.1237604]]}},{"type":"Feature","properties":{"name":"直加弄大道","named":true,"ref":"","cls":"dist","clsName":"區道","villages":["蘇厝里"],"length_m":7060,"surface":"","segments":4,"osm":[108211168,123480710,529195869,529195870],"bbox":[120.249943,23.10948,120.257578,23.124296],"id":"AD12-002"},"geometry":{"type":"MultiLineString","coordinates":[[[120.2574784,23.1096232],[120.2569403,23.1106918],[120.2558058,23.1129454],[120.2551455,23.1142569],[120.2547125,23.1151301],[120.2542533,23.1160375],[120.2538834,23.1167682],[120.2530313,23.1184859],[120.2521404,23.1202593],[120.2514728,23.1214824],[120.2514329,23.1215556],[120.2513782,23.1216581],[120.2513473,23.1217191],[120.2512163,23.1219771],[120.2507845,23.1228223],[120.2503647,23.1237142],[120.2503106,23.1238254],[120.2501292,23.1242174],[120.2500895,23.1242964]],[[120.2499431,23.1242384],[120.249978,23.1241545],[120.2501692,23.1237604],[120.2502139,23.1236685],[120.2506687,23.1227473],[120.2512165,23.1216657],[120.2512486,23.1216022],[120.2512969,23.1215012],[120.251323,23.1214277],[120.2513962,23.1212215],[120.2519247,23.1201672],[120.2522651,23.1194673],[120.2528029,23.1183939],[120.2536642,23.1166596],[120.2540229,23.1159386],[120.2544779,23.1150239],[120.2548219,23.1143415],[120.2549125,23.1141578],[120.2555666,23.1128408],[120.2564318,23.1111273],[120.2566961,23.1106027],[120.2572482,23.1095065]],[[120.2575783,23.1096586],[120.2570346,23.1107321],[120.25677,23.1112546],[120.2558944,23.1129835],[120.2552295,23.1142965],[120.2547967,23.1151682],[120.254342,23.1160739],[120.2539735,23.1168079],[120.2531074,23.1185198],[120.2522213,23.1202937],[120.2517835,23.1211557],[120.251572,23.1215254],[120.2515252,23.1216071],[120.2514705,23.1217009],[120.2514379,23.1217589],[120.2512554,23.1220829],[120.2508683,23.1228578],[120.2504968,23.1236034],[120.2503647,23.1237142]],[[120.2502139,23.1236685],[120.2502175,23.1234656],[120.2505859,23.122715],[120.2511272,23.1216261],[120.251158,23.1215641],[120.251196,23.1214648],[120.2512234,23.1213914],[120.2513049,23.1211735],[120.2514177,23.1209491],[120.2518332,23.1201226],[120.2527132,23.118357],[120.253581,23.1166233],[120.2539435,23.1159057],[120.254405,23.1149921],[120.2548361,23.1141306],[120.2554962,23.1128154],[120.2563527,23.1110984],[120.2566076,23.1105668],[120.2571286,23.1094804]]]}},{"type":"Feature","properties":{"name":"安定東路","named":true,"ref":"","cls":"dist","clsName":"區道","villages":["蘇厝里","蘇林里"],"length_m":4122,"surface":"瀝青","segments":10,"osm":[182493743,182493744,973528819,973528822,1243942302,1243942303,1243942304,1243942305,1249822794,1249822795],"bbox":[120.24689,23.120454,120.260425,23.125508],"id":"AD12-003"},"geometry":{"type":"MultiLineString","coordinates":[[[120.2469039,23.1205164],[120.2469949,23.1205232],[120.2475298,23.1205399],[120.2480372,23.1205679],[120.248213,23.1205789],[120.2484315,23.1206056],[120.2487337,23.1206527],[120.2490184,23.1207115],[120.2493179,23.1207862],[120.249585,23.1208688],[120.2499643,23.1210013],[120.2504871,23.1211996],[120.2508951,23.1213532],[120.251196,23.1214648],[120.2512969,23.1215012],[120.2514329,23.1215556],[120.2515252,23.1216071]],[[120.2514705,23.1217009],[120.2513782,23.1216581],[120.2512486,23.1216022],[120.251158,23.1215641],[120.2508947,23.1214662],[120.2506299,23.1213672],[120.2503471,23.1212561],[120.2501161,23.1211679],[120.2499351,23.1210982],[120.2496806,23.1210061],[120.2495334,23.1209571],[120.2493464,23.1208992],[120.2490176,23.1208129],[120.2486864,23.1207442],[120.2482123,23.120679],[120.2480022,23.1206631],[120.2470087,23.1206285],[120.2469169,23.1206296]],[[120.2603858,23.1255076],[120.2598922,23.1253238],[120.2597852,23.1252787],[120.2562252,23.1237765],[120.253625,23.1226338],[120.2536201,23.1226318]],[[120.2536749,23.1225368],[120.2562848,23.1236658],[120.2598957,23.1251982],[120.2604252,23.1253906]],[[120.2515252,23.1216071],[120.2521864,23.1218927],[120.2536061,23.1225059]],[[120.2536061,23.1225059],[120.2536749,23.1225368]],[[120.2535666,23.1226094],[120.2521601,23.1219998],[120.2514705,23.1217009]],[[120.2536201,23.1226318],[120.2535666,23.1226094]],[[120.2468896,23.1204537],[120.2469786,23.1204559],[120.247663,23.1204844],[120.2478321,23.1204918],[120.2479883,23.1205001],[120.2481395,23.120509],[120.2482761,23.1205217],[120.2484078,23.1205337],[120.2485184,23.1205487],[120.2486404,23.1205681],[120.2487676,23.1205885],[120.2490437,23.1206489],[120.2492657,23.1207039],[120.2494712,23.1207606],[120.2496832,23.1208276],[120.2499721,23.1209336],[120.2503847,23.1210887],[120.2512234,23.1213914],[120.251323,23.1214277],[120.2514728,23.1214824],[120.251572,23.1215254],[120.2521864,23.1218927]],[[120.2521601,23.1219998],[120.2514379,23.1217589],[120.2513473,23.1217191],[120.2512165,23.1216657],[120.2511272,23.1216261],[120.2498026,23.1211226],[120.2495315,23.1210274],[120.2493627,23.1209753],[120.249189,23.1209254],[120.2490312,23.1208824],[120.2488697,23.1208463],[120.2486579,23.1207999],[120.2485936,23.1207851],[120.2484248,23.1207659],[120.2482633,23.1207511],[120.2481142,23.1207387],[120.2479537,23.1207291],[120.2470069,23.1206954],[120.2469168,23.120694]]]}},{"type":"Feature","properties":{"name":"蘇厝橋","named":true,"ref":"南122","cls":"dist","clsName":"區道","villages":["蘇厝里"],"length_m":9,"surface":"","segments":1,"osm":[781567892],"bbox":[120.250685,23.125746,120.250698,23.125827],"id":"AD12-004"},"geometry":{"type":"LineString","coordinates":[[120.2506853,23.1258275],[120.250698,23.1257462]]}},{"type":"Feature","properties":{"name":"蘇厝里農路 01","named":false,"ref":"","cls":"farm","clsName":"農路/產業道路","villages":["蘇厝里"],"length_m":2036,"surface":"","segments":1,"osm":[141838639],"bbox":[120.240508,23.125417,120.258806,23.129998],"id":"AD12-005"},"geometry":{"type":"LineString","coordinates":[[120.2588063,23.1299982],[120.2569202,23.1282891],[120.2552255,23.1267919],[120.2548966,23.1265687],[120.2547256,23.1265137],[120.254184,23.1264193],[120.2540757,23.1263774],[120.253403,23.1262542],[120.2525136,23.1261179],[120.25098,23.1259134],[120.250681,23.1258539],[120.2502603,23.1257941],[120.2498593,23.1257365],[120.2494763,23.125696],[120.2475854,23.1256886],[120.2473225,23.125696],[120.2467959,23.1257005],[120.2466842,23.1257009],[120.2459734,23.1257108],[120.2448244,23.1257279],[120.2438231,23.1256293],[120.2428769,23.1256786],[120.2405666,23.1254234],[120.2405076,23.1254169]]}},{"type":"Feature","properties":{"name":"蘇厝里農路 02","named":false,"ref":"","cls":"farm","clsName":"農路/產業道路","villages":["蘇厝里"],"length_m":1396,"surface":"","segments":1,"osm":[141942419],"bbox":[120.25229,23.114567,120.256514,23.12521],"id":"AD12-006"},"geometry":{"type":"LineString","coordinates":[[120.2558392,23.1145668],[120.2557561,23.1147168],[120.2553948,23.1154387],[120.2549749,23.1162653],[120.2549867,23.1163099],[120.2563809,23.1169264],[120.2564721,23.1169955],[120.2565097,23.1170498],[120.256514,23.1170816],[120.2561474,23.1177646],[120.2552561,23.1194769],[120.2543586,23.1212009],[120.2539222,23.1220706],[120.2536749,23.1225368],[120.253625,23.1226338],[120.2530178,23.1237841],[120.252333,23.1251377],[120.2522902,23.1252103]]}},{"type":"Feature","properties":{"name":"蘇厝里農路 03","named":false,"ref":"","cls":"farm","clsName":"農路/產業道路","villages":["蘇厝里"],"length_m":1022,"surface":"瀝青","segments":1,"osm":[160397349],"bbox":[120.239835,23.125525,120.248035,23.130471],"id":"AD12-007"},"geometry":{"type":"LineString","coordinates":[[120.2480353,23.1304714],[120.2478002,23.1304107],[120.2475983,23.1303648],[120.2469674,23.1301939],[120.2466734,23.1301709],[120.2461647,23.1301344],[120.2459334,23.130026],[120.2451175,23.1294359],[120.2448061,23.129237],[120.2441911,23.1287673],[120.2437019,23.128421],[120.2432365,23.1280666],[120.2420921,23.1272255],[120.2418119,23.1270243],[120.2411341,23.1264992],[120.2410958,23.1264716],[120.240606,23.1261188],[120.2403117,23.1258609],[120.2401417,23.1257309],[120.2398348,23.1255253]]}},{"type":"Feature","properties":{"name":"蘇厝里農路 04","named":false,"ref":"","cls":"farm","clsName":"農路/產業道路","villages":["蘇厝里"],"length_m":690,"surface":"瀝青","segments":1,"osm":[142111977],"bbox":[120.241096,23.125598,120.246907,23.126472],"id":"AD12-008"},"geometry":{"type":"LineString","coordinates":[[120.2469068,23.1258415],[120.2466842,23.1258464],[120.2458849,23.125844],[120.2448978,23.1258316],[120.2443589,23.1257717],[120.2438928,23.1257353],[120.2436605,23.1257398],[120.2431176,23.1257816],[120.2428915,23.1257734],[120.2425539,23.1257544],[120.2412128,23.1256064],[120.2411318,23.1255979],[120.2410958,23.1264716]]}},{"type":"Feature","properties":{"name":"蘇厝里農路 05","named":false,"ref":"","cls":"farm","clsName":"農路/產業道路","villages":["蘇厝里"],"length_m":427,"surface":"","segments":1,"osm":[976403817],"bbox":[120.248066,23.131036,120.251514,23.131987],"id":"AD12-009"},"geometry":{"type":"LineString","coordinates":[[120.2515138,23.1313269],[120.2514453,23.1313684],[120.2507801,23.1312648],[120.250249,23.1311957],[120.2491154,23.1310364],[120.2484926,23.1310432],[120.2480664,23.1319871]]}},{"type":"Feature","properties":{"name":"蘇厝里農路 06","named":false,"ref":"","cls":"farm","clsName":"農路/產業道路","villages":["蘇厝里"],"length_m":421,"surface":"瀝青","segments":1,"osm":[151755531],"bbox":[120.243687,23.127518,120.245667,23.129267],"id":"AD12-010"},"geometry":{"type":"LineString","coordinates":[[120.2436874,23.1275623],[120.2444063,23.1277214],[120.2448819,23.1277712],[120.2449076,23.1277651],[120.2449208,23.1277433],[120.2449211,23.1275917],[120.2449236,23.1275444],[120.2449543,23.1275182],[120.2453099,23.1275257],[120.2452556,23.1285576],[120.2452676,23.1285969],[120.2452938,23.1286115],[120.2456117,23.1286288],[120.2456499,23.1286513],[120.2456668,23.1286861],[120.2456661,23.1292667]]}},{"type":"Feature","properties":{"name":"直加弄大道886巷","named":true,"ref":"","cls":"farm","clsName":"農路/產業道路","villages":["蘇厝里"],"length_m":394,"surface":"","segments":1,"osm":[973528823],"bbox":[120.251784,23.121156,120.254908,23.122842],"id":"AD12-011"},"geometry":{"type":"LineString","coordinates":[[120.2547718,23.1228421],[120.2547916,23.1227457],[120.2549078,23.1224956],[120.2539222,23.1220706],[120.2532837,23.121764],[120.2517835,23.1211557]]}},{"type":"Feature","properties":{"name":"蘇厝里農路 07","named":false,"ref":"","cls":"farm","clsName":"農路/產業道路","villages":["蘇厝里"],"length_m":381,"surface":"","segments":1,"osm":[141838567],"bbox":[120.246246,23.124206,120.249866,23.124389],"id":"AD12-012"},"geometry":{"type":"LineString","coordinates":[[120.2498658,23.1242057],[120.2498305,23.1243055],[120.2497822,23.1243425],[120.2497193,23.1243804],[120.2496428,23.1243894],[120.2492861,23.1243863],[120.2476473,23.1243665],[120.2471135,23.1243814],[120.2462456,23.1243828]]}},{"type":"Feature","properties":{"name":"直加弄大道606巷","named":true,"ref":"","cls":"farm","clsName":"農路/產業道路","villages":["蘇厝里"],"length_m":368,"surface":"","segments":1,"osm":[141965840],"bbox":[120.253883,23.116768,120.257135,23.118195],"id":"AD12-013"},"geometry":{"type":"LineString","coordinates":[[120.2571347,23.1181947],[120.2561474,23.1177646],[120.2539735,23.1168079],[120.2538834,23.1167682]]}},{"type":"Feature","properties":{"name":"直加弄大道716巷","named":true,"ref":"","cls":"farm","clsName":"農路/產業道路","villages":["蘇厝里"],"length_m":366,"surface":"","segments":1,"osm":[141965845],"bbox":[120.253031,23.118486,120.25624,23.119938],"id":"AD12-014"},"geometry":{"type":"LineString","coordinates":[[120.25624,23.1199384],[120.2552561,23.1194769],[120.2531074,23.1185198],[120.2530313,23.1184859]]}},{"type":"Feature","properties":{"name":"直加弄大道826巷","named":true,"ref":"","cls":"farm","clsName":"農路/產業道路","villages":["蘇厝里"],"length_m":361,"surface":"","segments":1,"osm":[182493734],"bbox":[120.25214,23.120259,120.255336,23.12164],"id":"AD12-015"},"geometry":{"type":"LineString","coordinates":[[120.2553363,23.12164],[120.2543586,23.1212009],[120.2522213,23.1202937],[120.2521404,23.1202593]]}},{"type":"Feature","properties":{"name":"蘇厝里農路 08","named":false,"ref":"","cls":"farm","clsName":"農路/產業道路","villages":["蘇厝里"],"length_m":329,"surface":"","segments":1,"osm":[141838597],"bbox":[120.247517,23.126721,120.250583,23.127079],"id":"AD12-016"},"geometry":{"type":"LineString","coordinates":[[120.2505827,23.1270793],[120.2502955,23.1270746],[120.2500221,23.1270515],[120.2499343,23.1270298],[120.2499099,23.1269954],[120.2498878,23.1269241],[120.2498788,23.1268693],[120.2497635,23.1268519],[120.2496413,23.1268501],[120.2494151,23.1268484],[120.249359,23.1268099],[120.2487878,23.1267697],[120.24864,23.1267502],[120.2485811,23.1267397],[120.2478949,23.1267263],[120.2475168,23.1267212]]}},{"type":"Feature","properties":{"name":"蘇厝里農路 09","named":false,"ref":"","cls":"farm","clsName":"農路/產業道路","villages":["蘇厝里"],"length_m":329,"surface":"","segments":1,"osm":[141838582],"bbox":[120.24809,23.128002,120.24968,23.12985],"id":"AD12-017"},"geometry":{"type":"LineString","coordinates":[[120.2480903,23.1297962],[120.248397,23.1298501],[120.2486451,23.1298257],[120.2487676,23.1298134],[120.2488886,23.129815],[120.2489603,23.1298159],[120.2490085,23.1297998],[120.2490392,23.129713],[120.2490587,23.1294999],[120.2491171,23.1292933],[120.2491551,23.129261],[120.2493386,23.1292644],[120.2494155,23.1292558],[120.2494409,23.1292012],[120.249516,23.1283172],[120.2496797,23.1280017]]}},{"type":"Feature","properties":{"name":"蘇厝里農路 10","named":false,"ref":"","cls":"farm","clsName":"農路/產業道路","villages":["蘇厝里"],"length_m":315,"surface":"瀝青","segments":1,"osm":[140046622],"bbox":[120.249835,23.127924,120.249995,23.130751],"id":"AD12-018"},"geometry":{"type":"LineString","coordinates":[[120.2498353,23.1307506],[120.2498653,23.1303364],[120.2498666,23.1300444],[120.2498996,23.1295936],[120.2499404,23.129237],[120.2499387,23.1292132],[120.2499947,23.127924]]}},{"type":"Feature","properties":{"name":"蘇厝里農路 11","named":false,"ref":"","cls":"farm","clsName":"農路/產業道路","villages":["蘇厝里"],"length_m":314,"surface":"","segments":1,"osm":[141838588],"bbox":[120.247508,23.125813,120.248022,23.12854],"id":"AD12-019"},"geometry":{"type":"LineString","coordinates":[[120.248022,23.1285403],[120.2477181,23.1280397],[120.2476506,23.1278004],[120.2475688,23.1275266],[120.2475419,23.1274392],[120.2475178,23.1271295],[120.2475084,23.1269155],[120.2475168,23.1267212],[120.247538,23.1264619],[120.2475778,23.1258133]]}},{"type":"Feature","properties":{"name":"直加弄大道815巷","named":true,"ref":"","cls":"farm","clsName":"農路/產業道路","villages":["蘇厝里"],"length_m":293,"surface":"","segments":1,"osm":[142111979],"bbox":[120.248233,23.121632,120.250669,23.122747],"id":"AD12-020"},"geometry":{"type":"LineString","coordinates":[[120.2482332,23.1216319],[120.248562,23.1218113],[120.2493318,23.1221616],[120.2495759,23.1222572],[120.249639,23.1222967],[120.2496376,23.1223621],[120.2496296,23.1224259],[120.2496651,23.1224906],[120.2497959,23.1225434],[120.2500762,23.1226306],[120.2501519,23.1226522],[120.250219,23.1226467],[120.2503397,23.1226189],[120.2505859,23.122715],[120.2506687,23.1227473]]}},{"type":"Feature","properties":{"name":"蘇厝里農路 12","named":false,"ref":"","cls":"farm","clsName":"農路/產業道路","villages":["蘇厝里"],"length_m":286,"surface":"","segments":1,"osm":[141838608],"bbox":[120.246798,23.123108,120.247309,23.125574],"id":"AD12-021"},"geometry":{"type":"LineString","coordinates":[[120.2472736,23.1231078],[120.2473093,23.1239398],[120.2473013,23.1240829],[120.2472679,23.124249],[120.2472127,23.1243271],[120.2471135,23.1243814],[120.2470357,23.1245589],[120.2468775,23.1250893],[120.2467983,23.1255743]]}},{"type":"Feature","properties":{"name":"蘇厝里農路 13","named":false,"ref":"","cls":"farm","clsName":"農路/產業道路","villages":["蘇厝里"],"length_m":281,"surface":"","segments":1,"osm":[1299456409],"bbox":[120.247492,23.120589,120.248768,23.122815],"id":"AD12-022"},"geometry":{"type":"LineString","coordinates":[[120.2474919,23.1228146],[120.2476196,23.1227143],[120.2482332,23.1216319],[120.2486579,23.1207999],[120.2486864,23.1207442],[120.2487337,23.1206527],[120.2487676,23.1205885]]}},{"type":"Feature","properties":{"name":"蘇厝里農路 14","named":false,"ref":"","cls":"farm","clsName":"農路/產業道路","villages":["蘇厝里"],"length_m":266,"surface":"","segments":1,"osm":[781567888],"bbox":[120.249147,23.125809,120.249458,23.128155],"id":"AD12-023"},"geometry":{"type":"LineString","coordinates":[[120.2494581,23.1258091],[120.2494299,23.1259841],[120.2493876,23.1262864],[120.2493777,23.1264671],[120.249359,23.1268099],[120.2493545,23.1270433],[120.249346,23.1271189],[120.2493122,23.1272819],[120.2492358,23.1274397],[120.2491472,23.1276105],[120.2491793,23.1281546]]}},{"type":"Feature","properties":{"name":"蘇厝里農路 15","named":false,"ref":"","cls":"farm","clsName":"農路/產業道路","villages":["蘇厝里"],"length_m":264,"surface":"","segments":1,"osm":[141838565],"bbox":[120.250652,23.126282,120.252468,23.127131],"id":"AD12-024"},"geometry":{"type":"LineString","coordinates":[[120.2506517,23.1262819],[120.250984,23.1262871],[120.252427,23.1264224],[120.2524681,23.1264612],[120.2524433,23.126658],[120.2523579,23.1271313]]}},{"type":"Feature","properties":{"name":"直加弄大道735巷","named":true,"ref":"","cls":"farm","clsName":"農路/產業道路","villages":["蘇厝里"],"length_m":261,"surface":"","segments":1,"osm":[1487098078],"bbox":[120.249114,23.119931,120.251418,23.120949],"id":"AD12-025"},"geometry":{"type":"LineString","coordinates":[[120.2491141,23.119931],[120.2496474,23.120153],[120.24966,23.12016],[120.2514177,23.1209491]]}},{"type":"Feature","properties":{"name":"直加弄大道976巷","named":true,"ref":"","cls":"farm","clsName":"農路/產業道路","villages":["蘇厝里"],"length_m":247,"surface":"","segments":1,"osm":[1487098079],"bbox":[120.250784,23.122822,120.252971,23.123764],"id":"AD12-026"},"geometry":{"type":"LineString","coordinates":[[120.2529714,23.1237639],[120.2515431,23.1231432],[120.2508683,23.1228578],[120.2507845,23.1228223]]}},{"type":"Feature","properties":{"name":"蘇厝里農路 16","named":false,"ref":"","cls":"farm","clsName":"農路/產業道路","villages":["蘇厝里"],"length_m":163,"surface":"","segments":1,"osm":[397901153],"bbox":[120.249441,23.128599,120.25036,23.129256],"id":"AD12-027"},"geometry":{"type":"LineString","coordinates":[[120.2494409,23.1292012],[120.2499404,23.129237],[120.250313,23.1292563],[120.2503301,23.1290994],[120.2503447,23.1287325],[120.2503598,23.1285986]]}},{"type":"Feature","properties":{"name":"蘇厝里農路 17","named":false,"ref":"","cls":"farm","clsName":"農路/產業道路","villages":["蘇厝里"],"length_m":145,"surface":"","segments":1,"osm":[141838577],"bbox":[120.248865,23.128224,120.24899,23.129521],"id":"AD12-028"},"geometry":{"type":"LineString","coordinates":[[120.248865,23.1295213],[120.24899,23.1282241]]}},{"type":"Feature","properties":{"name":"蘇厝里農路 18","named":false,"ref":"","cls":"farm","clsName":"農路/產業道路","villages":["蘇厝里"],"length_m":115,"surface":"","segments":1,"osm":[397901141],"bbox":[120.251013,23.126559,120.251104,23.127518],"id":"AD12-029"},"geometry":{"type":"LineString","coordinates":[[120.2510578,23.1275176],[120.2511043,23.1270197],[120.2510128,23.127012],[120.2510431,23.1265585]]}},{"type":"Feature","properties":{"name":"蘇厝里農路 19","named":false,"ref":"","cls":"farm","clsName":"農路/產業道路","villages":["蘇厝里"],"length_m":62,"surface":"","segments":1,"osm":[397901143],"bbox":[120.251365,23.126852,120.251394,23.127408],"id":"AD12-030"},"geometry":{"type":"LineString","coordinates":[[120.2513652,23.1274084],[120.2513944,23.1268516]]}},{"type":"Feature","properties":{"name":"蘇厝里農路 20","named":false,"ref":"","cls":"farm","clsName":"農路/產業道路","villages":["蘇厝里"],"length_m":51,"surface":"","segments":1,"osm":[182052260],"bbox":[120.248645,23.129366,120.24867,23.129826],"id":"AD12-031"},"geometry":{"type":"LineString","coordinates":[[120.2486451,23.1298257],[120.2486695,23.1293661]]}},{"type":"Feature","properties":{"name":"蘇厝里農路 21","named":false,"ref":"","cls":"farm","clsName":"農路/產業道路","villages":["蘇厝里"],"length_m":49,"surface":"瀝青","segments":1,"osm":[397901146],"bbox":[120.249155,23.130312,120.249177,23.130754],"id":"AD12-032"},"geometry":{"type":"LineString","coordinates":[[120.2491774,23.1307535],[120.2491546,23.130312]]}},{"type":"Feature","properties":{"name":"蘇厝里農路 22","named":false,"ref":"","cls":"farm","clsName":"農路/產業道路","villages":["蘇厝里"],"length_m":44,"surface":"瀝青","segments":1,"osm":[1419597568],"bbox":[120.240312,23.125535,120.24055,23.125861],"id":"AD12-033"},"geometry":{"type":"LineString","coordinates":[[120.2405503,23.1255354],[120.2403117,23.1258609]]}},{"type":"Feature","properties":{"name":"蘇厝里農路 23","named":false,"ref":"","cls":"farm","clsName":"農路/產業道路","villages":["蘇厝里"],"length_m":38,"surface":"","segments":1,"osm":[397901145],"bbox":[120.249534,23.129561,120.2499,23.129594],"id":"AD12-034"},"geometry":{"type":"LineString","coordinates":[[120.249534,23.1295612],[120.2498996,23.1295936]]}},{"type":"Feature","properties":{"name":"蘇厝里農路 24","named":false,"ref":"","cls":"farm","clsName":"農路/產業道路","villages":["蘇厝里"],"length_m":35,"surface":"","segments":1,"osm":[182052262],"bbox":[120.244806,23.128942,120.244896,23.129237],"id":"AD12-035"},"geometry":{"type":"LineString","coordinates":[[120.2448061,23.129237],[120.2448098,23.1291845],[120.2448271,23.1291267],[120.244875,23.1290644],[120.2448923,23.1290289],[120.2448963,23.1289421]]}},{"type":"Feature","properties":{"name":"蘇厝里農路 25","named":false,"ref":"","cls":"farm","clsName":"農路/產業道路","villages":["蘇厝里"],"length_m":35,"surface":"","segments":1,"osm":[160397348],"bbox":[120.249527,23.130324,120.249865,23.130336],"id":"AD12-036"},"geometry":{"type":"LineString","coordinates":[[120.2495265,23.1303237],[120.2498653,23.1303364]]}},{"type":"Feature","properties":{"name":"蘇厝里巷道 01","named":false,"ref":"","cls":"lane","clsName":"巷道","villages":["蘇厝里"],"length_m":590,"surface":"","segments":1,"osm":[160397351],"bbox":[120.245118,23.127707,120.250562,23.129436],"id":"AD12-037"},"geometry":{"type":"LineString","coordinates":[[120.250562,23.1277073],[120.2505023,23.1277489],[120.2503685,23.1278099],[120.2499947,23.127924],[120.2498002,23.1279733],[120.2496797,23.1280017],[120.2491793,23.1281546],[120.24899,23.1282241],[120.2487851,23.1282884],[120.248022,23.1285403],[120.2456661,23.1292667],[120.2451175,23.1294359]]}},{"type":"Feature","properties":{"name":"蘇厝里巷道 02","named":false,"ref":"","cls":"lane","clsName":"巷道","villages":["蘇厝里"],"length_m":501,"surface":"瀝青","segments":2,"osm":[140046626,846340457],"bbox":[120.248022,23.12854,120.250677,23.130754],"id":"AD12-038"},"geometry":{"type":"MultiLineString","coordinates":[[[120.2480353,23.1304714],[120.2480903,23.1297962],[120.2481545,23.1290415],[120.2481271,23.1286681],[120.248022,23.1285403]],[[120.2506772,23.130718],[120.2503952,23.1307279],[120.2498353,23.1307506],[120.2491774,23.1307535],[120.2489208,23.1307527],[120.2487355,23.1307507],[120.2484592,23.1307285],[120.2483013,23.1307043],[120.2482162,23.1306765],[120.2481522,23.1306398],[120.248114,23.1305778],[120.248073,23.1305134],[120.2480353,23.1304714]]]}},{"type":"Feature","properties":{"name":"蘇厝里巷道 03","named":false,"ref":"","cls":"lane","clsName":"巷道","villages":["蘇厝里"],"length_m":228,"surface":"","segments":1,"osm":[141838670],"bbox":[120.248567,23.126413,120.249378,23.127119],"id":"AD12-039"},"geometry":{"type":"LineString","coordinates":[[120.2493777,23.1264671],[120.2486221,23.1264129],[120.2486041,23.1266876],[120.2485811,23.1267397],[120.2485671,23.127032],[120.2486431,23.1270702],[120.249346,23.1271189]]}},{"type":"Feature","properties":{"name":"蘇厝里巷道 04","named":false,"ref":"","cls":"lane","clsName":"巷道","villages":["蘇厝里"],"length_m":169,"surface":"","segments":1,"osm":[141838631],"bbox":[120.249879,23.125971,120.250673,23.126869],"id":"AD12-040"},"geometry":{"type":"LineString","coordinates":[[120.2498788,23.1268693],[120.2499278,23.1264043],[120.2501564,23.1264401],[120.2501853,23.1264234],[120.2502349,23.1263581],[120.2502751,23.1263093],[120.2502866,23.1262407],[120.2503241,23.1259714],[120.2506731,23.1260144]]}},{"type":"Feature","properties":{"name":"蘇厝里巷道 05","named":false,"ref":"","cls":"lane","clsName":"巷道","villages":["蘇厝里"],"length_m":113,"surface":"","segments":1,"osm":[141838674],"bbox":[120.248834,23.129815,120.248943,23.130753],"id":"AD12-041"},"geometry":{"type":"LineString","coordinates":[[120.2489208,23.1307527],[120.2489341,23.1306207],[120.2489426,23.1303974],[120.2488339,23.1303653],[120.2488805,23.1301234],[120.2488824,23.130005],[120.2488886,23.129815]]}},{"type":"Feature","properties":{"name":"蘇厝里巷道 06","named":false,"ref":"","cls":"lane","clsName":"巷道","villages":["蘇厝里"],"length_m":113,"surface":"瀝青","segments":1,"osm":[141838662],"bbox":[120.247572,23.12936,120.247639,23.130365],"id":"AD12-042"},"geometry":{"type":"LineString","coordinates":[[120.2475983,23.1303648],[120.2476097,23.130145],[120.2476392,23.129844],[120.2476298,23.1295684],[120.2476023,23.1294444],[120.2475721,23.12936]]}},{"type":"Feature","properties":{"name":"蘇厝里巷道 07","named":false,"ref":"","cls":"lane","clsName":"巷道","villages":["蘇厝里"],"length_m":87,"surface":"","segments":1,"osm":[141838569],"bbox":[120.249867,23.130044,120.250716,23.130079],"id":"AD12-043"},"geometry":{"type":"LineString","coordinates":[[120.2498666,23.1300444],[120.2501779,23.130073],[120.2507158,23.1300793]]}},{"type":"Feature","properties":{"name":"蘇厝里巷道 08","named":false,"ref":"","cls":"lane","clsName":"巷道","villages":["蘇厝里"],"length_m":85,"surface":"","segments":1,"osm":[141838649],"bbox":[120.247542,23.127403,120.248374,23.127439],"id":"AD12-044"},"geometry":{"type":"LineString","coordinates":[[120.2483742,23.1274032],[120.2479345,23.1274239],[120.2475419,23.1274392]]}},{"type":"Feature","properties":{"name":"蘇厝里巷道 09","named":false,"ref":"","cls":"lane","clsName":"巷道","villages":["蘇厝里"],"length_m":83,"surface":"","segments":1,"osm":[141838643],"bbox":[120.251643,23.126567,120.25167,23.127312],"id":"AD12-045"},"geometry":{"type":"LineString","coordinates":[[120.2516698,23.1265671],[120.2516432,23.1273123]]}},{"type":"Feature","properties":{"name":"蘇厝里巷道 10","named":false,"ref":"","cls":"lane","clsName":"巷道","villages":["蘇厝里"],"length_m":82,"surface":"","segments":1,"osm":[141838672],"bbox":[120.248707,23.128288,120.248785,23.129024],"id":"AD12-046"},"geometry":{"type":"LineString","coordinates":[[120.2487074,23.1290239],[120.2487272,23.1285953],[120.2487851,23.1282884]]}},{"type":"Feature","properties":{"name":"蘇厝里巷道 11","named":false,"ref":"","cls":"lane","clsName":"巷道","villages":["蘇厝里"],"length_m":71,"surface":"","segments":1,"osm":[141838628],"bbox":[120.247651,23.127761,120.248345,23.1278],"id":"AD12-047"},"geometry":{"type":"LineString","coordinates":[[120.248345,23.1277614],[120.2476506,23.1278004]]}},{"type":"Feature","properties":{"name":"蘇厝里巷道 12","named":false,"ref":"","cls":"lane","clsName":"巷道","villages":["蘇厝里"],"length_m":54,"surface":"","segments":1,"osm":[141838660],"bbox":[120.2498,23.127489,120.249802,23.127973],"id":"AD12-048"},"geometry":{"type":"LineString","coordinates":[[120.2498022,23.1274892],[120.2498002,23.1279733]]}},{"type":"Feature","properties":{"name":"北園五路","named":true,"ref":"","cls":"dist","clsName":"區道","villages":["蘇林里"],"length_m":1672,"surface":"","segments":4,"osm":[814427998,973535570,1113273629,1113273630],"bbox":[120.258749,23.116472,120.264872,23.127495],"id":"AD13-001"},"geometry":{"type":"MultiLineString","coordinates":[[[120.2619589,23.1221918],[120.2620179,23.1220755],[120.2637106,23.1187482],[120.2637677,23.1186374],[120.264814,23.1166036],[120.2648721,23.1164724]],[[120.2619589,23.1221918],[120.2613678,23.1233733],[120.261336,23.1234368],[120.261226,23.1236026],[120.2611097,23.1237363],[120.2609464,23.1238612],[120.2607696,23.1239981],[120.2605596,23.1241376],[120.260448,23.1242429],[120.2603679,23.1243404],[120.2602878,23.1244626],[120.2598957,23.1251982]],[[120.258885,23.1274949],[120.2587486,23.1273614],[120.2591803,23.1264941],[120.2597852,23.1252787],[120.2598957,23.1251982]],[[120.2598957,23.1251982],[120.2598922,23.1253238],[120.2592967,23.126535],[120.258871,23.1273961],[120.258885,23.1274949]]]}},{"type":"Feature","properties":{"name":"南122","named":true,"ref":"南122","cls":"dist","clsName":"區道","villages":["蘇林里","蘇厝里"],"length_m":1287,"surface":"瀝青","segments":5,"osm":[140046629,140046639,738693548,781567891,846340458],"bbox":[120.250528,23.124543,120.255807,23.132294],"id":"AD13-002"},"geometry":{"type":"MultiLineString","coordinates":[[[120.2558072,23.1322941],[120.2555234,23.1321584],[120.2549627,23.1319173],[120.2546495,23.131787],[120.2545258,23.1317481],[120.254112,23.1315688],[120.253716,23.1313298],[120.2529632,23.1308805],[120.2527223,23.1308337],[120.2524426,23.1307617],[120.2519778,23.1306935],[120.2518937,23.1306777],[120.2511574,23.1305573],[120.2508995,23.1305333],[120.2506862,23.1305412]],[[120.250575,23.1275682],[120.2505754,23.1274954],[120.2505712,23.1274005],[120.2505728,23.1272973],[120.2505827,23.1270793],[120.2506517,23.1262819],[120.2506731,23.1260144],[120.2506728,23.1259595],[120.2506795,23.1258718],[120.250681,23.1258539],[120.2506853,23.1258275]],[[120.2506562,23.1275658],[120.2506794,23.12758],[120.2506969,23.1276],[120.250707,23.127624],[120.2507088,23.1276467],[120.250704,23.127669],[120.2506928,23.1276892],[120.2506761,23.127706],[120.2506495,23.12772],[120.2506193,23.1277252],[120.250589,23.1277207],[120.250562,23.1277073],[120.2505419,23.127687],[120.2505301,23.1276618],[120.2505277,23.1276345],[120.2505351,23.127608],[120.2505514,23.127585],[120.250575,23.1275682],[120.2506013,23.1275596],[120.2506293,23.1275588],[120.2506562,23.1275658]],[[120.250698,23.1257462],[120.2507233,23.1255855],[120.2508848,23.1246353],[120.2509079,23.124543]],[[120.2506862,23.1305412],[120.2507049,23.1302788],[120.2507158,23.1300793],[120.2507336,23.1298667],[120.2507443,23.1294969],[120.2507852,23.1287337],[120.2508554,23.1277404],[120.250774,23.1277034],[120.2506761,23.127706]]]}},{"type":"Feature","properties":{"name":"木柵港橋","named":true,"ref":"","cls":"dist","clsName":"區道","villages":["蘇林里"],"length_m":1106,"surface":"","segments":4,"osm":[108211165,108211188,529195867,529195874],"bbox":[120.257129,23.107243,120.258748,23.109659],"id":"AD13-003"},"geometry":{"type":"MultiLineString","coordinates":[[[120.2572482,23.1095065],[120.2584237,23.1072883]],[[120.2586157,23.1073603],[120.2574784,23.1096232]],[[120.2587479,23.1073949],[120.2575783,23.1096586]],[[120.2571286,23.1094804],[120.2572076,23.1093281],[120.2582892,23.1072434]]]}},{"type":"Feature","properties":{"name":"北園三路","named":true,"ref":"","cls":"local","clsName":"一般道路","villages":["蘇林里"],"length_m":1240,"surface":"","segments":2,"osm":[874434441,874434442],"bbox":[120.260924,23.121672,120.266433,23.124058],"id":"AD13-004"},"geometry":{"type":"MultiLineString","coordinates":[[[120.2663788,23.1240582],[120.2662286,23.1240364],[120.2649785,23.1234945],[120.2637355,23.1229556],[120.263068,23.1226663],[120.2619589,23.1221918],[120.2610525,23.121804],[120.2609241,23.1216725]],[[120.2609241,23.1216725],[120.2610991,23.1216771],[120.2620179,23.1220755],[120.2631277,23.1225525],[120.2662823,23.1239325],[120.2664326,23.1239742]]]}},{"type":"Feature","properties":{"name":"北園二路","named":true,"ref":"","cls":"local","clsName":"一般道路","villages":["蘇林里"],"length_m":1171,"surface":"","segments":2,"osm":[108211178,144016604],"bbox":[120.264326,23.11626,120.269572,23.118476],"id":"AD13-005"},"geometry":{"type":"MultiLineString","coordinates":[[[120.2643973,23.1162596],[120.264528,23.1163201],[120.2648721,23.1164724],[120.2668494,23.1173479],[120.2678119,23.1177615],[120.2679686,23.1178242],[120.2683785,23.1180112],[120.2690754,23.1183151],[120.2692332,23.1183802],[120.2694596,23.1183971],[120.269568,23.1183928]],[[120.2695722,23.1184737],[120.2694603,23.1184737],[120.2691996,23.1184756],[120.2690149,23.1184601],[120.2683822,23.1181818],[120.2680159,23.1180217],[120.2678984,23.117966],[120.2677556,23.1178941],[120.2669059,23.1175294],[120.2667835,23.1174799],[120.264814,23.1166036],[120.2644584,23.1164454],[120.2643259,23.1163893]]]}},{"type":"Feature","properties":{"name":"北園一路","named":true,"ref":"","cls":"local","clsName":"一般道路","villages":["蘇林里"],"length_m":19,"surface":"","segments":3,"osm":[765325696,765325697,765325698],"bbox":[120.267763,23.117762,120.26788,23.11805],"id":"AD13-006"},"geometry":{"type":"MultiLineString","coordinates":[[[120.2678802,23.1180057],[120.2678598,23.11805]],[[120.2677895,23.1178142],[120.2678119,23.1177615]],[[120.2677627,23.1178774],[120.2677895,23.1178142]]]}},{"type":"Feature","properties":{"name":"蘇林里農路 01","named":false,"ref":"","cls":"farm","clsName":"農路/產業道路","villages":["蘇林里"],"length_m":802,"surface":"","segments":2,"osm":[141686488,141686528],"bbox":[120.253421,23.128996,120.259617,23.131652],"id":"AD13-007"},"geometry":{"type":"MultiLineString","coordinates":[[[120.2572673,23.1294235],[120.2574376,23.1294803],[120.2575932,23.1295098],[120.2578963,23.1295653],[120.2580277,23.1295888],[120.2581645,23.1296307],[120.2582665,23.1296726],[120.2587077,23.1300759],[120.2595797,23.1308517],[120.2596169,23.1309022],[120.2596169,23.1309935],[120.259515,23.1316521]],[[120.2534206,23.1291159],[120.2537297,23.1292529],[120.2538933,23.129255],[120.2539844,23.1292649],[120.2540585,23.1291914],[120.2541495,23.1291164],[120.2542111,23.1290861],[120.254258,23.1290675],[120.2543814,23.1290675],[120.254596,23.1291119],[120.2547016,23.1291083],[120.2550541,23.1290756],[120.2552183,23.1290379],[120.2554275,23.1289985],[120.2555103,23.1289962],[120.2557376,23.1290139],[120.2560444,23.1290379],[120.2561703,23.1290461],[120.256346,23.129072],[120.2564332,23.1291522],[120.2564761,23.129188],[120.2565136,23.1292163],[120.2565941,23.129225],[120.257034,23.1293742],[120.2571547,23.1293878],[120.2572673,23.1294235]]]}},{"type":"Feature","properties":{"name":"北園五路475巷","named":true,"ref":"","cls":"farm","clsName":"農路/產業道路","villages":["蘇林里"],"length_m":699,"surface":"","segments":1,"osm":[141942423],"bbox":[120.253013,23.123782,120.25918,23.126494],"id":"AD13-008"},"geometry":{"type":"LineString","coordinates":[[120.2591803,23.1264941],[120.2577729,23.1258916],[120.256629,23.125365],[120.2563581,23.125254],[120.2556055,23.124929],[120.2550503,23.124686],[120.2538742,23.1241668],[120.2530178,23.1237841],[120.2530129,23.123782]]}},{"type":"Feature","properties":{"name":"蘇林里農路 02","named":false,"ref":"","cls":"farm","clsName":"農路/產業道路","villages":["蘇林里"],"length_m":645,"surface":"","segments":1,"osm":[141686526],"bbox":[120.260548,23.125851,120.262395,23.131398],"id":"AD13-009"},"geometry":{"type":"LineString","coordinates":[[120.2623947,23.1258511],[120.2619719,23.1271431],[120.2616371,23.1281808],[120.2616079,23.1282678],[120.2605477,23.1313983]]}},{"type":"Feature","properties":{"name":"蘇林里農路 03","named":false,"ref":"","cls":"farm","clsName":"農路/產業道路","villages":["蘇林里"],"length_m":593,"surface":"","segments":1,"osm":[254340108],"bbox":[120.267741,23.118273,120.268301,23.123036],"id":"AD13-010"},"geometry":{"type":"LineString","coordinates":[[120.2682396,23.1230359],[120.2682025,23.1230066],[120.2681597,23.1229676],[120.2681106,23.1229072],[120.2680685,23.1228343],[120.2680403,23.1227627],[120.2680226,23.1226865],[120.2680187,23.1226034],[120.2680325,23.1225319],[120.268042,23.1224737],[120.268042,23.1224139],[120.2680303,23.122348],[120.2680109,23.1222908],[120.2679736,23.122232],[120.2679347,23.1221906],[120.2679095,23.1221672],[120.2678736,23.1221339],[120.2678153,23.122068],[120.2677703,23.1220103],[120.2677498,23.1219704],[120.267742,23.1219306],[120.2677409,23.1218913],[120.2677548,23.1218412],[120.267782,23.1218008],[120.2678175,23.1217707],[120.2678636,23.1217477],[120.2679225,23.121736],[120.2679886,23.1217278],[120.2680464,23.1217073],[120.2680947,23.1216752],[120.2681414,23.1216282],[120.2681625,23.1215863],[120.2681797,23.1215362],[120.2681819,23.1214887],[120.2681747,23.1214422],[120.2681508,23.1213487],[120.2681359,23.1212717],[120.268139,23.1211922],[120.2681508,23.121099],[120.2681728,23.1210188],[120.268194,23.1209682],[120.2682404,23.1208902],[120.2682671,23.1208454],[120.2682906,23.1207948],[120.2683008,23.1207377],[120.2682969,23.1206756],[120.2682828,23.1206098],[120.2682576,23.1205564],[120.2682191,23.1204986],[120.2681869,23.120427],[120.2681516,23.1203295],[120.2681327,23.1202443],[120.2681209,23.1201539],[120.2680359,23.1193196],[120.2679792,23.118445],[120.2679985,23.1183959],[120.2680407,23.118354],[120.2681007,23.118304],[120.268164,23.1182825],[120.2682118,23.1182733]]}},{"type":"Feature","properties":{"name":"蘇林里農路 04","named":false,"ref":"","cls":"farm","clsName":"農路/產業道路","villages":["蘇林里"],"length_m":481,"surface":"","segments":1,"osm":[140046635],"bbox":[120.250707,23.126635,120.255167,23.127624],"id":"AD13-011"},"geometry":{"type":"LineString","coordinates":[[120.2551671,23.1268883],[120.2550789,23.1268723],[120.2546779,23.1267872],[120.2546005,23.126764],[120.2543387,23.1267194],[120.2538773,23.1266601],[120.2536775,23.1266355],[120.2535539,23.1266577],[120.2534428,23.1266577],[120.2531584,23.1267465],[120.2528741,23.1268994],[120.2528074,23.1269306],[120.2525254,23.1270622],[120.2523579,23.1271313],[120.2519,23.1272549],[120.2517383,23.1272916],[120.2516432,23.1273123],[120.2513652,23.1274084],[120.2510578,23.1275176],[120.2509912,23.1275531],[120.2508196,23.1276232],[120.250707,23.127624]]}},{"type":"Feature","properties":{"name":"蘇林里農路 05","named":false,"ref":"","cls":"farm","clsName":"農路/產業道路","villages":["蘇林里"],"length_m":465,"surface":"瀝青","segments":2,"osm":[141838667,976403816],"bbox":[120.250652,23.130718,120.254649,23.131791],"id":"AD13-012"},"geometry":{"type":"MultiLineString","coordinates":[[[120.2515138,23.1313269],[120.2510368,23.1311871],[120.2507615,23.1311584],[120.2506516,23.1311274],[120.2506772,23.130718]],[[120.2515138,23.1313269],[120.251725,23.1313262],[120.252348,23.1313244],[120.2528146,23.1313602],[120.253319,23.1314744],[120.2535144,23.1315268],[120.2536898,23.1315956],[120.2539705,23.1316785],[120.2544789,23.1317907],[120.2546495,23.131787]]]}},{"type":"Feature","properties":{"name":"蘇林里農路 06","named":false,"ref":"","cls":"farm","clsName":"農路/產業道路","villages":["蘇林里"],"length_m":464,"surface":"","segments":1,"osm":[519449590],"bbox":[120.263068,23.122344,120.266737,23.123507],"id":"AD13-013"},"geometry":{"type":"LineString","coordinates":[[120.2667369,23.1233919],[120.2665924,23.1233276],[120.2661097,23.1231228],[120.2659215,23.1235071],[120.2657575,23.1234468],[120.265614,23.1234517],[120.2633448,23.122465],[120.2632416,23.1223442],[120.2631277,23.1225525],[120.263068,23.1226663]]}},{"type":"Feature","properties":{"name":"蘇林里農路 07","named":false,"ref":"","cls":"farm","clsName":"農路/產業道路","villages":["蘇林里"],"length_m":453,"surface":"","segments":1,"osm":[442445807],"bbox":[120.263987,23.124897,120.265343,23.126293],"id":"AD13-014"},"geometry":{"type":"LineString","coordinates":[[120.2648895,23.1261531],[120.2653432,23.1253029],[120.2644252,23.1248974],[120.2639867,23.1257494],[120.2648895,23.1261531],[120.2650909,23.1262395],[120.2652088,23.126293]]}},{"type":"Feature","properties":{"name":"蘇林里農路 08","named":false,"ref":"","cls":"farm","clsName":"農路/產業道路","villages":["蘇林里"],"length_m":397,"surface":"","segments":1,"osm":[140046637],"bbox":[120.251894,23.127131,120.252358,23.130678],"id":"AD13-015"},"geometry":{"type":"LineString","coordinates":[[120.2518937,23.1306777],[120.2519987,23.1299356],[120.2520381,23.129588],[120.2520882,23.1292706],[120.2521419,23.1288447],[120.2522178,23.1282621],[120.2522379,23.1281072],[120.2523579,23.1271313]]}},{"type":"Feature","properties":{"name":"蘇林里農路 09","named":false,"ref":"","cls":"farm","clsName":"農路/產業道路","villages":["蘇林里"],"length_m":345,"surface":"","segments":2,"osm":[519449591,519449595],"bbox":[120.263242,23.11989,120.264498,23.122508],"id":"AD13-016"},"geometry":{"type":"MultiLineString","coordinates":[[[120.2632416,23.1223442],[120.2638466,23.1211619],[120.2642686,23.1203373],[120.2644976,23.1198897]],[[120.2632416,23.1223442],[120.2636262,23.1225083]]]}},{"type":"Feature","properties":{"name":"安定東路196巷","named":true,"ref":"","cls":"farm","clsName":"農路/產業道路","villages":["蘇林里"],"length_m":316,"surface":"","segments":1,"osm":[182493739],"bbox":[120.254957,23.123666,120.256285,23.126228],"id":"AD13-017"},"geometry":{"type":"LineString","coordinates":[[120.2562848,23.1236658],[120.2562252,23.1237765],[120.2556055,23.124929],[120.2549569,23.1262276]]}},{"type":"Feature","properties":{"name":"蘇林里農路 10","named":false,"ref":"","cls":"farm","clsName":"農路/產業道路","villages":["蘇林里"],"length_m":276,"surface":"","segments":1,"osm":[141838602],"bbox":[120.253452,23.129253,120.254075,23.131199],"id":"AD13-018"},"geometry":{"type":"LineString","coordinates":[[120.2537297,23.1292529],[120.2534518,23.1303407],[120.2539719,23.1304255],[120.2539451,23.1305957],[120.2540745,23.1306118],[120.2540138,23.1311988]]}},{"type":"Feature","properties":{"name":"蘇林里農路 11","named":false,"ref":"","cls":"farm","clsName":"農路/產業道路","villages":["蘇林里"],"length_m":270,"surface":"","segments":1,"osm":[519449604],"bbox":[120.263192,23.122956,120.264424,23.124561],"id":"AD13-019"},"geometry":{"type":"LineString","coordinates":[[120.2644244,23.124561],[120.2631917,23.1240177],[120.2637355,23.1229556]]}},{"type":"Feature","properties":{"name":"蘇林里農路 12","named":false,"ref":"","cls":"farm","clsName":"農路/產業道路","villages":["蘇林里"],"length_m":245,"surface":"","segments":1,"osm":[141686486],"bbox":[120.257291,23.127495,120.258885,23.128413],"id":"AD13-020"},"geometry":{"type":"LineString","coordinates":[[120.258885,23.1274949],[120.2586299,23.1283897],[120.2585642,23.1284131],[120.2585186,23.1284094],[120.2584462,23.1283934],[120.2572915,23.1280931]]}},{"type":"Feature","properties":{"name":"蘇林里農路 13","named":false,"ref":"","cls":"farm","clsName":"農路/產業道路","villages":["蘇林里"],"length_m":221,"surface":"","segments":1,"osm":[397901151],"bbox":[120.256225,23.129216,120.256514,23.131187],"id":"AD13-021"},"geometry":{"type":"LineString","coordinates":[[120.2565136,23.1292163],[120.2564245,23.1297625],[120.256384,23.1302585],[120.2562253,23.1311867]]}},{"type":"Feature","properties":{"name":"蘇林里農路 14","named":false,"ref":"","cls":"farm","clsName":"農路/產業道路","villages":["蘇林里"],"length_m":199,"surface":"","segments":2,"osm":[1433713892,1433713894],"bbox":[120.261071,23.123373,120.261594,23.124692],"id":"AD13-022"},"geometry":{"type":"MultiLineString","coordinates":[[[120.2613678,23.1233733],[120.2615941,23.1234837],[120.2615941,23.1235824],[120.2611193,23.124542]],[[120.2611193,23.124542],[120.2611756,23.1245814],[120.2611917,23.1246234],[120.2611837,23.1246653],[120.2611488,23.1246924],[120.2611086,23.1246875],[120.261071,23.1246579],[120.2610737,23.124616],[120.2611193,23.124542]]]}},{"type":"Feature","properties":{"name":"蘇林里農路 15","named":false,"ref":"","cls":"farm","clsName":"農路/產業道路","villages":["蘇林里"],"length_m":190,"surface":"","segments":1,"osm":[141838663],"bbox":[120.252791,23.126931,120.253607,23.127965],"id":"AD13-023"},"geometry":{"type":"LineString","coordinates":[[120.2528074,23.1269306],[120.2528148,23.1269712],[120.2528268,23.1271779],[120.2528325,23.1275575],[120.2527906,23.1277436],[120.2527982,23.1278889],[120.2528517,23.127901],[120.2533171,23.1279476],[120.2536073,23.1279654]]}},{"type":"Feature","properties":{"name":"蘇林里農路 16","named":false,"ref":"","cls":"farm","clsName":"農路/產業道路","villages":["蘇林里"],"length_m":174,"surface":"","segments":1,"osm":[141838637],"bbox":[120.250785,23.128734,120.252483,23.128884],"id":"AD13-024"},"geometry":{"type":"LineString","coordinates":[[120.2507852,23.1287337],[120.2511933,23.1287669],[120.2517215,23.1288008],[120.2521419,23.1288447],[120.2522233,23.128854],[120.2524826,23.1288835]]}},{"type":"Feature","properties":{"name":"蘇林里農路 17","named":false,"ref":"","cls":"farm","clsName":"農路/產業道路","villages":["蘇林里"],"length_m":173,"surface":"","segments":1,"osm":[519449603],"bbox":[120.264249,23.123494,120.264978,23.124899],"id":"AD13-025"},"geometry":{"type":"LineString","coordinates":[[120.2649785,23.1234945],[120.2644244,23.124561],[120.2642487,23.1248994]]}},{"type":"Feature","properties":{"name":"蘇林里農路 18","named":false,"ref":"","cls":"farm","clsName":"農路/產業道路","villages":["蘇林里"],"length_m":151,"surface":"","segments":1,"osm":[141838653],"bbox":[120.255213,23.127868,120.256603,23.128246],"id":"AD13-026"},"geometry":{"type":"LineString","coordinates":[[120.2566035,23.128246],[120.2565233,23.1282465],[120.2564374,23.1282225],[120.2561745,23.1281533],[120.2560377,23.1280881],[120.2558594,23.1280032],[120.2557669,23.1279898],[120.2556824,23.1279676],[120.2555456,23.1279072],[120.255428,23.1278704],[120.2553071,23.1278679],[120.2552128,23.1278847]]}},{"type":"Feature","properties":{"name":"蘇林里農路 19","named":false,"ref":"","cls":"farm","clsName":"農路/產業道路","villages":["蘇林里"],"length_m":145,"surface":"","segments":1,"osm":[144020710],"bbox":[120.266906,23.117529,120.267686,23.118534],"id":"AD13-027"},"geometry":{"type":"LineString","coordinates":[[120.2676863,23.1185337],[120.2676495,23.1183471],[120.2676203,23.1182467],[120.2675512,23.1180681],[120.267401,23.1178441],[120.2672131,23.1177233],[120.2669059,23.1175294]]}},{"type":"Feature","properties":{"name":"蘇林里農路 20","named":false,"ref":"","cls":"farm","clsName":"農路/產業道路","villages":["蘇林里"],"length_m":133,"surface":"","segments":1,"osm":[141838603],"bbox":[120.250744,23.129497,120.252038,23.129588],"id":"AD13-028"},"geometry":{"type":"LineString","coordinates":[[120.2520381,23.129588],[120.2510912,23.1295092],[120.2507443,23.1294969]]}},{"type":"Feature","properties":{"name":"蘇林里農路 21","named":false,"ref":"","cls":"farm","clsName":"農路/產業道路","villages":["蘇林里"],"length_m":112,"surface":"","segments":1,"osm":[519449592],"bbox":[120.263278,23.119905,120.264269,23.120337],"id":"AD13-029"},"geometry":{"type":"LineString","coordinates":[[120.2642686,23.1203373],[120.2632781,23.1199054]]}},{"type":"Feature","properties":{"name":"蘇林里農路 22","named":false,"ref":"","cls":"farm","clsName":"農路/產業道路","villages":["蘇林里"],"length_m":109,"surface":"","segments":1,"osm":[519449593],"bbox":[120.262891,23.120729,120.263847,23.121162],"id":"AD13-030"},"geometry":{"type":"LineString","coordinates":[[120.2638466,23.1211619],[120.2632102,23.1208733],[120.2628912,23.1207287]]}},{"type":"Feature","properties":{"name":"蘇林里農路 23","named":false,"ref":"","cls":"farm","clsName":"農路/產業道路","villages":["蘇林里"],"length_m":93,"surface":"","segments":1,"osm":[397901152],"bbox":[120.254444,23.126764,120.2546,23.127589],"id":"AD13-031"},"geometry":{"type":"LineString","coordinates":[[120.2544442,23.1275886],[120.2544996,23.1272052],[120.2545434,23.1271079],[120.2546005,23.126764]]}},{"type":"Feature","properties":{"name":"蘇林里農路 24","named":false,"ref":"","cls":"farm","clsName":"農路/產業道路","villages":["蘇林里"],"length_m":92,"surface":"","segments":1,"osm":[397901148],"bbox":[120.25551,23.128996,120.256108,23.12933],"id":"AD13-032"},"geometry":{"type":"LineString","coordinates":[[120.2555103,23.1289962],[120.2555239,23.1292885],[120.2561082,23.1293305]]}},{"type":"Feature","properties":{"name":"北園五路596巷","named":true,"ref":"","cls":"farm","clsName":"農路/產業道路","villages":["蘇林里"],"length_m":85,"surface":"","segments":1,"osm":[1299456413],"bbox":[120.25918,23.126494,120.259958,23.126773],"id":"AD13-033"},"geometry":{"type":"LineString","coordinates":[[120.2599576,23.1267734],[120.2592967,23.126535],[120.2591803,23.1264941]]}},{"type":"Feature","properties":{"name":"蘇林里農路 25","named":false,"ref":"","cls":"farm","clsName":"農路/產業道路","villages":["蘇林里"],"length_m":80,"surface":"","segments":1,"osm":[144020712],"bbox":[120.267802,23.118104,120.268382,23.118444],"id":"AD13-034"},"geometry":{"type":"LineString","coordinates":[[120.2683822,23.1181818],[120.2681874,23.1181043],[120.2681062,23.1181175],[120.268029,23.1181673],[120.2679484,23.1182114],[120.2678793,23.1182761],[120.2678022,23.118444]]}},{"type":"Feature","properties":{"name":"蘇林里農路 26","named":false,"ref":"","cls":"farm","clsName":"農路/產業道路","villages":["蘇林里"],"length_m":79,"surface":"","segments":1,"osm":[1433713893],"bbox":[120.260886,23.124658,120.261133,23.125203],"id":"AD13-035"},"geometry":{"type":"LineString","coordinates":[[120.261071,23.1246579],[120.260886,23.1250032],[120.260902,23.1250748],[120.2609771,23.1251438],[120.2611327,23.125203]]}},{"type":"Feature","properties":{"name":"蘇林里農路 27","named":false,"ref":"","cls":"farm","clsName":"農路/產業道路","villages":["蘇林里"],"length_m":76,"surface":"","segments":1,"osm":[397901149],"bbox":[120.256079,23.129046,120.25617,23.12972],"id":"AD13-036"},"geometry":{"type":"LineString","coordinates":[[120.2561703,23.1290461],[120.2561082,23.1293305],[120.2560787,23.1297197]]}},{"type":"Feature","properties":{"name":"蘇林里農路 28","named":false,"ref":"","cls":"farm","clsName":"農路/產業道路","villages":["蘇林里"],"length_m":76,"surface":"","segments":1,"osm":[519449605],"bbox":[120.262971,23.124018,120.263192,23.124522],"id":"AD13-037"},"geometry":{"type":"LineString","coordinates":[[120.2631917,23.1240177],[120.2629706,23.1244388],[120.2631825,23.1245215]]}},{"type":"Feature","properties":{"name":"蘇林里農路 29","named":false,"ref":"","cls":"farm","clsName":"農路/產業道路","villages":["蘇林里"],"length_m":75,"surface":"","segments":1,"osm":[397901144],"bbox":[120.253317,23.127273,120.25336,23.127948],"id":"AD13-038"},"geometry":{"type":"LineString","coordinates":[[120.2533171,23.1279476],[120.2533595,23.1272726]]}},{"type":"Feature","properties":{"name":"蘇林里農路 30","named":false,"ref":"","cls":"farm","clsName":"農路/產業道路","villages":["蘇林里"],"length_m":66,"surface":"","segments":1,"osm":[397901150],"bbox":[120.250855,23.12774,120.251489,23.127842],"id":"AD13-039"},"geometry":{"type":"LineString","coordinates":[[120.2508554,23.1277404],[120.2510449,23.1277499],[120.2514889,23.1278417]]}},{"type":"Feature","properties":{"name":"蘇林里農路 31","named":false,"ref":"","cls":"farm","clsName":"農路/產業道路","villages":["蘇林里"],"length_m":61,"surface":"","segments":1,"osm":[397901140],"bbox":[120.254928,23.129935,120.255521,23.130019],"id":"AD13-040"},"geometry":{"type":"LineString","coordinates":[[120.2549282,23.1299346],[120.2555205,23.1300192]]}},{"type":"Feature","properties":{"name":"蘇林里農路 32","named":false,"ref":"","cls":"farm","clsName":"農路/產業道路","villages":["蘇林里"],"length_m":51,"surface":"","segments":1,"osm":[519449594],"bbox":[120.262999,23.120873,120.26321,23.121287],"id":"AD13-041"},"geometry":{"type":"LineString","coordinates":[[120.2632102,23.1208733],[120.2629992,23.1212865]]}},{"type":"Feature","properties":{"name":"蘇林里農路 33","named":false,"ref":"","cls":"farm","clsName":"農路/產業道路","villages":["蘇林里"],"length_m":40,"surface":"","segments":1,"osm":[444916777],"bbox":[120.256038,23.127727,120.256059,23.128088],"id":"AD13-042"},"geometry":{"type":"LineString","coordinates":[[120.2560588,23.1277274],[120.2560377,23.1280881]]}},{"type":"Feature","properties":{"name":"蘇林里農路 34","named":false,"ref":"","cls":"farm","clsName":"農路/產業道路","villages":["蘇林里"],"length_m":38,"surface":"","segments":1,"osm":[397901147],"bbox":[120.256012,23.130214,120.256384,23.130259],"id":"AD13-043"},"geometry":{"type":"LineString","coordinates":[[120.2560124,23.130214],[120.256384,23.1302585]]}},{"type":"Feature","properties":{"name":"蘇林里農路 35","named":false,"ref":"","cls":"farm","clsName":"農路/產業道路","villages":["蘇林里"],"length_m":36,"surface":"","segments":1,"osm":[781567898],"bbox":[120.255292,23.126407,120.255453,23.126695],"id":"AD13-044"},"geometry":{"type":"LineString","coordinates":[[120.2552923,23.1266946],[120.2553591,23.1265972],[120.2554077,23.1264947],[120.2554527,23.1264071]]}},{"type":"Feature","properties":{"name":"蘇林里農路 36","named":false,"ref":"","cls":"farm","clsName":"農路/產業道路","villages":["蘇林里"],"length_m":31,"surface":"","segments":1,"osm":[444916776],"bbox":[120.255738,23.12874,120.255792,23.129014],"id":"AD13-045"},"geometry":{"type":"LineString","coordinates":[[120.2557376,23.1290139],[120.2557919,23.12874]]}},{"type":"Feature","properties":{"name":"蘇林里巷道 01","named":false,"ref":"","cls":"lane","clsName":"巷道","villages":["蘇林里"],"length_m":488,"surface":"瀝青","segments":1,"osm":[140046627],"bbox":[120.252963,23.127538,120.254962,23.13088],"id":"AD13-046"},"geometry":{"type":"LineString","coordinates":[[120.2529632,23.1308805],[120.2533622,23.1293428],[120.2534187,23.1291354],[120.2534206,23.1291159],[120.2534945,23.1281862],[120.2535608,23.1280119],[120.2536073,23.1279654],[120.2536892,23.127898],[120.2537129,23.1278685],[120.2539531,23.127652],[120.2539915,23.1276246],[120.2542207,23.1276091],[120.2544442,23.1275886],[120.2546178,23.1276009],[120.254782,23.1275891],[120.2549621,23.127538]]}},{"type":"Feature","properties":{"name":"蘇林里巷道 02","named":false,"ref":"","cls":"lane","clsName":"巷道","villages":["蘇林里"],"length_m":479,"surface":"瀝青","segments":1,"osm":[140046632],"bbox":[120.254649,23.127547,120.255215,23.131787],"id":"AD13-047"},"geometry":{"type":"LineString","coordinates":[[120.2546495,23.131787],[120.2547091,23.1312311],[120.2548642,23.1302562],[120.2549282,23.1299346],[120.2550541,23.1290756],[120.2551636,23.1284969],[120.2552149,23.1281546],[120.2552128,23.1278847],[120.2552049,23.1278207],[120.2550536,23.127547]]}},{"type":"Feature","properties":{"name":"蘇林里巷道 03","named":false,"ref":"","cls":"lane","clsName":"巷道","villages":["蘇林里"],"length_m":192,"surface":"","segments":1,"osm":[141838584],"bbox":[120.254438,23.130212,120.255434,23.131138],"id":"AD13-048"},"geometry":{"type":"LineString","coordinates":[[120.2544379,23.1303213],[120.2545087,23.1302477],[120.254583,23.1302123],[120.2548642,23.1302562],[120.2552882,23.1302967],[120.255374,23.1303633],[120.255315,23.1305556],[120.2554343,23.1311384]]}},{"type":"Feature","properties":{"name":"蘇林里巷道 04","named":false,"ref":"","cls":"lane","clsName":"巷道","villages":["蘇林里"],"length_m":169,"surface":"","segments":1,"osm":[141838625],"bbox":[120.251705,23.128012,120.252238,23.129142],"id":"AD13-049"},"geometry":{"type":"LineString","coordinates":[[120.2522379,23.1281072],[120.2519173,23.1280132],[120.2518865,23.1280119],[120.2518516,23.1280169],[120.2518295,23.128028],[120.251804,23.1280607],[120.2517844,23.1281201],[120.2517215,23.1288008],[120.251705,23.1291416]]}},{"type":"Feature","properties":{"name":"蘇林里巷道 05","named":false,"ref":"","cls":"lane","clsName":"巷道","villages":["蘇林里"],"length_m":154,"surface":"","segments":1,"osm":[141838574],"bbox":[120.251811,23.126649,120.251941,23.128028],"id":"AD13-050"},"geometry":{"type":"LineString","coordinates":[[120.2519414,23.1266485],[120.2519,23.1272549],[120.2518107,23.1279805],[120.2518295,23.128028]]}},{"type":"Feature","properties":{"name":"蘇林里巷道 06","named":false,"ref":"","cls":"lane","clsName":"巷道","villages":["蘇林里"],"length_m":140,"surface":"","segments":1,"osm":[141838610],"bbox":[120.253524,23.126658,120.253713,23.127869],"id":"AD13-051"},"geometry":{"type":"LineString","coordinates":[[120.2537129,23.1278685],[120.2536614,23.1277388],[120.2535235,23.1275723],[120.2535539,23.1266577]]}},{"type":"Feature","properties":{"name":"蘇林里巷道 07","named":false,"ref":"","cls":"lane","clsName":"巷道","villages":["蘇林里"],"length_m":130,"surface":"","segments":1,"osm":[141838650],"bbox":[120.250285,23.130276,120.251551,23.130387],"id":"AD13-052"},"geometry":{"type":"LineString","coordinates":[[120.2515506,23.1303866],[120.2509534,23.1303128],[120.2507049,23.1302788],[120.2502852,23.1302757]]}},{"type":"Feature","properties":{"name":"蘇林里巷道 08","named":false,"ref":"","cls":"lane","clsName":"巷道","villages":["蘇林里"],"length_m":123,"surface":"","segments":1,"osm":[141838668],"bbox":[120.254583,23.129108,120.254702,23.130212],"id":"AD13-053"},"geometry":{"type":"LineString","coordinates":[[120.254583,23.1302123],[120.2546683,23.1293498],[120.2547016,23.1291083]]}},{"type":"Feature","properties":{"name":"蘇林里巷道 09","named":false,"ref":"","cls":"lane","clsName":"巷道","villages":["蘇林里"],"length_m":120,"surface":"","segments":1,"osm":[141838578],"bbox":[120.254038,23.128497,120.255164,23.128648],"id":"AD13-054"},"geometry":{"type":"LineString","coordinates":[[120.2540377,23.1286481],[120.2540728,23.1285916],[120.2541203,23.1285652],[120.2546064,23.1285214],[120.2551636,23.1284969]]}},{"type":"Feature","properties":{"name":"蘇林里巷道 10","named":false,"ref":"","cls":"lane","clsName":"巷道","villages":["蘇林里"],"length_m":119,"surface":"","segments":1,"osm":[141838598],"bbox":[120.252666,23.127901,120.252894,23.128766],"id":"AD13-055"},"geometry":{"type":"LineString","coordinates":[[120.2528943,23.1287661],[120.2526658,23.1287334],[120.2527296,23.1283476],[120.2527439,23.1282606],[120.2527954,23.1282103],[120.2528517,23.127901]]}},{"type":"Feature","properties":{"name":"蘇林里巷道 11","named":false,"ref":"","cls":"lane","clsName":"巷道","villages":["蘇林里"],"length_m":115,"surface":"","segments":1,"osm":[141838657],"bbox":[120.252088,23.129271,120.252761,23.129815],"id":"AD13-056"},"geometry":{"type":"LineString","coordinates":[[120.2526829,23.1298153],[120.2527611,23.1294292],[120.2520882,23.1292706]]}},{"type":"Feature","properties":{"name":"蘇林里巷道 12","named":false,"ref":"","cls":"lane","clsName":"巷道","villages":["蘇林里"],"length_m":96,"surface":"","segments":1,"osm":[141838583],"bbox":[120.253094,23.126746,120.253158,23.127611],"id":"AD13-057"},"geometry":{"type":"LineString","coordinates":[[120.253094,23.1276107],[120.2531584,23.1267465]]}},{"type":"Feature","properties":{"name":"蘇林里巷道 13","named":false,"ref":"","cls":"lane","clsName":"巷道","villages":["蘇林里"],"length_m":93,"surface":"","segments":1,"osm":[141838575],"bbox":[120.250734,23.129867,120.251638,23.129987],"id":"AD13-058"},"geometry":{"type":"LineString","coordinates":[[120.2507336,23.1298667],[120.251008,23.129906],[120.2516379,23.1299874]]}},{"type":"Feature","properties":{"name":"蘇林里巷道 14","named":false,"ref":"","cls":"lane","clsName":"巷道","villages":["蘇林里"],"length_m":91,"surface":"","segments":1,"osm":[141838658],"bbox":[120.252443,23.129974,120.252677,23.130762],"id":"AD13-059"},"geometry":{"type":"LineString","coordinates":[[120.252677,23.1299744],[120.2524426,23.1307617]]}},{"type":"Feature","properties":{"name":"蘇林里巷道 15","named":false,"ref":"","cls":"lane","clsName":"巷道","villages":["蘇林里"],"length_m":74,"surface":"","segments":1,"osm":[141838624],"bbox":[120.252761,23.129303,120.253362,23.129429],"id":"AD13-060"},"geometry":{"type":"LineString","coordinates":[[120.2527611,23.1294292],[120.2527896,23.1293539],[120.2529874,23.1293815],[120.2530166,23.1293029],[120.2533622,23.1293428]]}},{"type":"Feature","properties":{"name":"蘇林里巷道 16","named":false,"ref":"","cls":"lane","clsName":"巷道","villages":["蘇林里"],"length_m":70,"surface":"","segments":1,"osm":[141838613],"bbox":[120.25404,23.129116,120.254149,23.129734],"id":"AD13-061"},"geometry":{"type":"LineString","coordinates":[[120.2540401,23.1297339],[120.2541495,23.1291164]]}},{"type":"Feature","properties":{"name":"蘇林里巷道 17","named":false,"ref":"","cls":"lane","clsName":"巷道","villages":["蘇林里"],"length_m":62,"surface":"","segments":1,"osm":[1279379437],"bbox":[120.255029,23.126877,120.255173,23.12742],"id":"AD13-062"},"geometry":{"type":"LineString","coordinates":[[120.2550287,23.12742],[120.2551671,23.1268883],[120.2551732,23.1268772]]}},{"type":"Feature","properties":{"name":"蘇林里巷道 18","named":false,"ref":"","cls":"lane","clsName":"巷道","villages":["蘇林里"],"length_m":58,"surface":"","segments":1,"osm":[141838620],"bbox":[120.251961,23.130693,120.251978,23.131217],"id":"AD13-063"},"geometry":{"type":"LineString","coordinates":[[120.2519606,23.1312167],[120.2519778,23.1306935]]}},{"type":"Feature","properties":{"name":"蘇林里巷道 19","named":false,"ref":"","cls":"lane","clsName":"巷道","villages":["蘇林里"],"length_m":53,"surface":"","segments":1,"osm":[136902582],"bbox":[120.252218,23.128262,120.25273,23.128348],"id":"AD13-064"},"geometry":{"type":"LineString","coordinates":[[120.2527296,23.1283476],[120.2522178,23.1282621]]}},{"type":"Feature","properties":{"name":"蘇林里巷道 20","named":false,"ref":"","cls":"lane","clsName":"巷道","villages":["蘇林里"],"length_m":52,"surface":"","segments":1,"osm":[141838633],"bbox":[120.253689,23.127898,120.254185,23.12793],"id":"AD13-065"},"geometry":{"type":"LineString","coordinates":[[120.2541852,23.1279231],[120.2540883,23.1279304],[120.2537248,23.1279212],[120.2536892,23.127898]]}},{"type":"Feature","properties":{"name":"蘇林里巷道 21","named":false,"ref":"","cls":"lane","clsName":"巷道","villages":["蘇林里"],"length_m":48,"surface":"","segments":1,"osm":[1279379438],"bbox":[120.254939,23.127419,120.255089,23.127557],"id":"AD13-066"},"geometry":{"type":"LineString","coordinates":[[120.2550185,23.1275571],[120.2550061,23.1275568],[120.254994,23.1275547],[120.2549824,23.1275508],[120.2549717,23.1275451],[120.2549621,23.127538],[120.2549536,23.1275291],[120.2549469,23.127519],[120.2549421,23.1275079],[120.2549395,23.1274963],[120.254939,23.1274845],[120.2549407,23.1274728],[120.2549446,23.1274615],[120.2549506,23.1274509],[120.2549584,23.1274415],[120.2549678,23.1274334],[120.2549786,23.1274269],[120.2549905,23.1274223],[120.255003,23.1274195],[120.2550159,23.1274187],[120.2550287,23.12742],[120.2550411,23.1274233],[120.2550527,23.1274284],[120.2550631,23.1274353],[120.2550722,23.1274438],[120.2550795,23.1274535],[120.255085,23.1274643],[120.2550883,23.1274757],[120.2550895,23.1274875],[120.2550885,23.1274993],[120.2550853,23.1275108],[120.25508,23.1275216],[120.2550728,23.1275314],[120.2550639,23.12754],[120.2550536,23.127547],[120.2550425,23.1275522],[120.2550307,23.1275555],[120.2550185,23.1275571]]}},{"type":"Feature","properties":{"name":"蘇林里巷道 22","named":false,"ref":"","cls":"lane","clsName":"巷道","villages":["蘇林里"],"length_m":46,"surface":"","segments":1,"osm":[141838590],"bbox":[120.251131,23.130557,120.251158,23.130972],"id":"AD13-067"},"geometry":{"type":"LineString","coordinates":[[120.2511575,23.1309725],[120.2511459,23.130876],[120.2511314,23.1307602],[120.2511402,23.1306786],[120.2511574,23.1305573]]}},{"type":"Feature","properties":{"name":"蘇林里巷道 23","named":false,"ref":"","cls":"lane","clsName":"巷道","villages":["蘇林里"],"length_m":38,"surface":"瀝青","segments":1,"osm":[141838604],"bbox":[120.252581,23.130834,120.252722,23.131153],"id":"AD13-068"},"geometry":{"type":"LineString","coordinates":[[120.252581,23.1311528],[120.2527223,23.1308337]]}}]}